id,race_id,driver,lap_number,arrival_ms,start_ms,finish_ms,wait_ms,response_ms,urgency_score,is_urgent,resource,data_source,service_ms,burst_reason
2022_Monaco_Grand_Prix|ALB|1|fast,2022_Monaco_Grand_Prix,ALB,1,0.319,0.319,1.084,0.000,0.765,0.450,0,fast_local,redis_cache,0.765,caution
2022_Monaco_Grand_Prix|ALB|1|smart,2022_Monaco_Grand_Prix,ALB,1,0.319,0.319,157.219,0.000,156.900,0.450,0,smart_cloud,cassandra,156.900,caution
2022_Monaco_Grand_Prix|ALO|1|fast,2022_Monaco_Grand_Prix,ALO,1,0.471,1.850,2.615,1.379,2.144,0.450,0,fast_local,redis_cache,0.765,caution
2022_Monaco_Grand_Prix|ALO|1|smart,2022_Monaco_Grand_Prix,ALO,1,0.471,941.719,1098.619,941.248,1098.148,0.450,0,smart_cloud,cassandra,156.900,caution
2022_Monaco_Grand_Prix|BOT|1|fast,2022_Monaco_Grand_Prix,BOT,1,0.641,1.084,1.850,0.444,1.209,0.500,1,fast_local,redis_cache,0.765,caution
2022_Monaco_Grand_Prix|BOT|1|smart,2022_Monaco_Grand_Prix,BOT,1,0.641,157.219,314.119,156.579,313.479,0.500,1,smart_cloud,cassandra,156.900,caution
2022_Monaco_Grand_Prix|GAS|1|fast,2022_Monaco_Grand_Prix,GAS,1,1.136,8.737,9.502,7.601,8.366,0.350,0,fast_local,redis_cache,0.765,caution
2022_Monaco_Grand_Prix|GAS|1|smart,2022_Monaco_Grand_Prix,GAS,1,1.136,1726.219,1883.119,1725.083,1881.983,0.350,0,smart_cloud,cassandra,156.900,caution
2022_Monaco_Grand_Prix|HAM|1|fast,2022_Monaco_Grand_Prix,HAM,1,1.854,2.615,3.380,0.761,1.526,0.500,1,fast_local,redis_cache,0.765,caution
2022_Monaco_Grand_Prix|HAM|1|smart,2022_Monaco_Grand_Prix,HAM,1,1.854,314.119,471.019,312.265,469.165,0.500,1,smart_cloud,cassandra,156.900,caution
2022_Monaco_Grand_Prix|LAT|1|fast,2022_Monaco_Grand_Prix,LAT,1,2.194,13.328,14.094,11.134,11.899,0.300,0,fast_local,redis_cache,0.765,caution
2022_Monaco_Grand_Prix|LAT|1|smart,2022_Monaco_Grand_Prix,LAT,1,2.194,2667.619,2824.519,2665.425,2822.325,0.300,0,smart_cloud,cassandra,156.900,caution
2022_Monaco_Grand_Prix|LEC|1|fast,2022_Monaco_Grand_Prix,LEC,1,2.217,3.380,4.145,1.163,1.928,0.450,0,fast_local,redis_cache,0.765,caution
2022_Monaco_Grand_Prix|LEC|1|smart,2022_Monaco_Grand_Prix,LEC,1,2.217,1098.619,1255.519,1096.402,1253.302,0.450,0,smart_cloud,cassandra,156.900,caution
2022_Monaco_Grand_Prix|MAG|1|fast,2022_Monaco_Grand_Prix,MAG,1,2.252,9.502,10.267,7.250,8.015,0.350,0,fast_local,redis_cache,0.765,caution
2022_Monaco_Grand_Prix|MAG|1|smart,2022_Monaco_Grand_Prix,MAG,1,2.252,1883.119,2040.019,1880.867,2037.767,0.350,0,smart_cloud,cassandra,156.900,caution
2022_Monaco_Grand_Prix|MSC|1|fast,2022_Monaco_Grand_Prix,MSC,1,2.773,10.267,11.033,7.494,8.260,0.350,0,fast_local,redis_cache,0.765,caution
2022_Monaco_Grand_Prix|MSC|1|smart,2022_Monaco_Grand_Prix,MSC,1,2.773,2040.019,2196.919,2037.246,2194.146,0.350,0,smart_cloud,cassandra,156.900,caution
2022_Monaco_Grand_Prix|NOR|1|fast,2022_Monaco_Grand_Prix,NOR,1,3.158,6.441,7.206,3.283,4.048,0.450,0,fast_local,redis_cache,0.765,caution
2022_Monaco_Grand_Prix|NOR|1|smart,2022_Monaco_Grand_Prix,NOR,1,3.158,1255.519,1412.419,1252.361,1409.261,0.450,0,smart_cloud,cassandra,156.900,caution
2022_Monaco_Grand_Prix|OCO|1|fast,2022_Monaco_Grand_Prix,OCO,1,3.219,7.206,7.972,3.987,4.752,0.450,0,fast_local,redis_cache,0.765,caution
2022_Monaco_Grand_Prix|OCO|1|smart,2022_Monaco_Grand_Prix,OCO,1,3.219,1412.419,1569.319,1409.200,1566.100,0.450,0,smart_cloud,cassandra,156.900,caution
2022_Monaco_Grand_Prix|PER|1|fast,2022_Monaco_Grand_Prix,PER,1,3.487,4.145,4.911,0.659,1.424,0.500,1,fast_local,redis_cache,0.765,caution
2022_Monaco_Grand_Prix|PER|1|smart,2022_Monaco_Grand_Prix,PER,1,3.487,471.019,627.919,467.532,624.432,0.500,1,smart_cloud,cassandra,156.900,caution
2022_Monaco_Grand_Prix|RIC|1|fast,2022_Monaco_Grand_Prix,RIC,1,3.806,7.972,8.737,4.166,4.931,0.450,0,fast_local,redis_cache,0.765,caution
2022_Monaco_Grand_Prix|RIC|1|smart,2022_Monaco_Grand_Prix,RIC,1,3.806,1569.319,1726.219,1565.513,1722.413,0.450,0,smart_cloud,cassandra,156.900,caution
2022_Monaco_Grand_Prix|RUS|1|fast,2022_Monaco_Grand_Prix,RUS,1,3.870,11.033,11.798,7.163,7.928,0.350,0,fast_local,redis_cache,0.765,caution
2022_Monaco_Grand_Prix|RUS|1|smart,2022_Monaco_Grand_Prix,RUS,1,3.870,2196.919,2353.819,2193.049,2349.949,0.350,0,smart_cloud,cassandra,156.900,caution
2022_Monaco_Grand_Prix|SAI|1|fast,2022_Monaco_Grand_Prix,SAI,1,3.930,4.911,5.676,0.980,1.746,0.500,1,fast_local,redis_cache,0.765,caution
2022_Monaco_Grand_Prix|SAI|1|smart,2022_Monaco_Grand_Prix,SAI,1,3.930,627.919,784.819,623.989,780.889,0.500,1,smart_cloud,cassandra,156.900,caution
2022_Monaco_Grand_Prix|STR|1|fast,2022_Monaco_Grand_Prix,STR,1,4.114,14.094,14.859,9.980,10.745,0.300,0,fast_local,redis_cache,0.765,caution
2022_Monaco_Grand_Prix|STR|1|smart,2022_Monaco_Grand_Prix,STR,1,4.114,2824.519,2981.419,2820.405,2977.305,0.300,0,smart_cloud,cassandra,156.900,caution
2022_Monaco_Grand_Prix|TSU|1|fast,2022_Monaco_Grand_Prix,TSU,1,4.138,5.676,6.441,1.538,2.303,0.500,1,fast_local,redis_cache,0.765,caution
2022_Monaco_Grand_Prix|TSU|1|smart,2022_Monaco_Grand_Prix,TSU,1,4.138,784.819,941.719,780.681,937.581,0.500,1,smart_cloud,cassandra,156.900,caution
2022_Monaco_Grand_Prix|VER|1|fast,2022_Monaco_Grand_Prix,VER,1,4.293,11.798,12.563,7.505,8.270,0.350,0,fast_local,redis_cache,0.765,caution
2022_Monaco_Grand_Prix|VER|1|smart,2022_Monaco_Grand_Prix,VER,1,4.293,2353.819,2510.719,2349.526,2506.426,0.350,0,smart_cloud,cassandra,156.900,caution
2022_Monaco_Grand_Prix|VET|1|fast,2022_Monaco_Grand_Prix,VET,1,4.634,12.563,13.328,7.929,8.695,0.350,0,fast_local,redis_cache,0.765,caution
2022_Monaco_Grand_Prix|VET|1|smart,2022_Monaco_Grand_Prix,VET,1,4.634,2510.719,2667.619,2506.085,2662.985,0.350,0,smart_cloud,cassandra,156.900,caution
2022_Monaco_Grand_Prix|ZHO|1|fast,2022_Monaco_Grand_Prix,ZHO,1,4.878,14.859,15.624,9.981,10.746,0.300,0,fast_local,redis_cache,0.765,caution
2022_Monaco_Grand_Prix|ZHO|1|smart,2022_Monaco_Grand_Prix,ZHO,1,4.878,2981.419,3138.319,2976.541,3133.441,0.300,0,smart_cloud,cassandra,156.900,caution
2022_Monaco_Grand_Prix|ALB|2|fast,2022_Monaco_Grand_Prix,ALB,2,90000.219,90000.219,90000.984,0.000,0.765,0.450,0,fast_local,redis_cache,0.765,caution+overtake
2022_Monaco_Grand_Prix|ALB|2|smart,2022_Monaco_Grand_Prix,ALB,2,90000.219,90000.219,90157.119,0.000,156.900,0.450,0,smart_cloud,cassandra,156.900,caution+overtake
2022_Monaco_Grand_Prix|ALO|2|fast,2022_Monaco_Grand_Prix,ALO,2,90000.650,90003.280,90004.045,2.630,3.396,0.800,1,fast_local,redis_cache,0.765,caution+overtake
2022_Monaco_Grand_Prix|BOT|2|fast,2022_Monaco_Grand_Prix,BOT,2,90000.771,90000.984,90001.750,0.213,0.978,0.900,1,fast_local,redis_cache,0.765,caution+overtake
2022_Monaco_Grand_Prix|HAM|2|fast,2022_Monaco_Grand_Prix,HAM,2,90000.947,90001.750,90002.515,0.802,1.567,0.900,1,fast_local,redis_cache,0.765,caution+overtake
2022_Monaco_Grand_Prix|LAT|2|fast,2022_Monaco_Grand_Prix,LAT,2,90000.973,90012.463,90013.228,11.490,12.255,0.400,0,fast_local,redis_cache,0.765,caution+overtake
2022_Monaco_Grand_Prix|LAT|2|smart,2022_Monaco_Grand_Prix,LAT,2,90000.973,90157.119,90314.019,156.146,313.046,0.400,0,smart_cloud,cassandra,156.900,caution+overtake
2022_Monaco_Grand_Prix|LEC|2|fast,2022_Monaco_Grand_Prix,LEC,2,90001.135,90006.341,90007.106,5.206,5.972,0.750,1,fast_local,redis_cache,0.765,caution+overtake
2022_Monaco_Grand_Prix|MAG|2|fast,2022_Monaco_Grand_Prix,MAG,2,90001.629,90007.106,90007.872,5.477,6.242,0.700,1,fast_local,redis_cache,0.765,caution+overtake
2022_Monaco_Grand_Prix|MSC|2|fast,2022_Monaco_Grand_Prix,MSC,2,90001.773,90007.872,90008.637,6.099,6.864,0.700,1,fast_local,redis_cache,0.765,caution+overtake
2022_Monaco_Grand_Prix|NOR|2|fast,2022_Monaco_Grand_Prix,NOR,2,90001.852,90010.167,90010.933,8.315,9.080,0.600,1,fast_local,redis_cache,0.765,caution+overtake
2022_Monaco_Grand_Prix|OCO|2|fast,2022_Monaco_Grand_Prix,OCO,2,90002.334,90010.933,90011.698,8.599,9.364,0.600,1,fast_local,redis_cache,0.765,caution+overtake
2022_Monaco_Grand_Prix|PER|2|fast,2022_Monaco_Grand_Prix,PER,2,90002.348,90002.515,90003.280,0.167,0.932,0.900,1,fast_local,redis_cache,0.765,caution+overtake
2022_Monaco_Grand_Prix|RIC|2|fast,2022_Monaco_Grand_Prix,RIC,2,90002.379,90004.811,90005.576,2.432,3.197,0.800,1,fast_local,redis_cache,0.765,caution+overtake
2022_Monaco_Grand_Prix|RUS|2|fast,2022_Monaco_Grand_Prix,RUS,2,90003.415,90011.698,90012.463,8.283,9.048,0.600,1,fast_local,redis_cache,0.765,caution+overtake
2022_Monaco_Grand_Prix|SAI|2|fast,2022_Monaco_Grand_Prix,SAI,2,90003.724,90004.045,90004.811,0.321,1.087,0.900,1,fast_local,redis_cache,0.765,caution+overtake
2022_Monaco_Grand_Prix|STR|2|fast,2022_Monaco_Grand_Prix,STR,2,90003.790,90013.228,90013.994,9.438,10.203,0.400,0,fast_local,redis_cache,0.765,caution+overtake
2022_Monaco_Grand_Prix|STR|2|smart,2022_Monaco_Grand_Prix,STR,2,90003.790,90314.019,90470.919,310.229,467.129,0.400,0,smart_cloud,cassandra,156.900,caution+overtake
2022_Monaco_Grand_Prix|TSU|2|fast,2022_Monaco_Grand_Prix,TSU,2,90003.892,90005.576,90006.341,1.684,2.449,0.800,1,fast_local,redis_cache,0.765,caution+overtake
2022_Monaco_Grand_Prix|VER|2|fast,2022_Monaco_Grand_Prix,VER,2,90004.466,90008.637,90009.402,4.171,4.936,0.700,1,fast_local,redis_cache,0.765,caution+overtake
2022_Monaco_Grand_Prix|VET|2|fast,2022_Monaco_Grand_Prix,VET,2,90004.838,90009.402,90010.167,4.564,5.330,0.700,1,fast_local,redis_cache,0.765,caution+overtake
2022_Monaco_Grand_Prix|ZHO|2|fast,2022_Monaco_Grand_Prix,ZHO,2,90004.853,90013.994,90014.759,9.140,9.905,0.400,0,fast_local,redis_cache,0.765,caution+overtake
2022_Monaco_Grand_Prix|ZHO|2|smart,2022_Monaco_Grand_Prix,ZHO,2,90004.853,90470.919,90627.819,466.066,622.966,0.400,0,smart_cloud,cassandra,156.900,caution+overtake
2022_Monaco_Grand_Prix|ALB|3|fast,2022_Monaco_Grand_Prix,ALB,3,180000.037,180000.037,180000.802,0.000,0.765,0.400,0,fast_local,redis_cache,0.765,overtake
2022_Monaco_Grand_Prix|ALB|3|smart,2022_Monaco_Grand_Prix,ALB,3,180000.037,180000.037,180156.937,0.000,156.900,0.400,0,smart_cloud,cassandra,156.900,overtake
2022_Monaco_Grand_Prix|ALO|3|fast,2022_Monaco_Grand_Prix,ALO,3,180000.699,180000.802,180001.567,0.103,0.869,0.500,1,fast_local,redis_cache,0.765,overtake
2022_Monaco_Grand_Prix|ALO|3|smart,2022_Monaco_Grand_Prix,ALO,3,180000.699,180156.937,180313.837,156.238,313.138,0.500,1,smart_cloud,cassandra,156.900,overtake
2022_Monaco_Grand_Prix|BOT|3|fast,2022_Monaco_Grand_Prix,BOT,3,180000.699,180001.567,180002.333,0.868,1.634,0.500,1,fast_local,redis_cache,0.765,overtake
2022_Monaco_Grand_Prix|BOT|3|smart,2022_Monaco_Grand_Prix,BOT,3,180000.699,180313.837,180470.737,313.138,470.038,0.500,1,smart_cloud,cassandra,156.900,overtake
2022_Monaco_Grand_Prix|GAS|3|fast,2022_Monaco_Grand_Prix,GAS,3,180001.000,180009.220,180009.985,8.220,8.986,0.250,0,fast_local,redis_cache,0.765,overtake
2022_Monaco_Grand_Prix|GAS|3|smart,2022_Monaco_Grand_Prix,GAS,3,180001.000,181725.937,181882.837,1724.937,1881.837,0.250,0,smart_cloud,cassandra,156.900,overtake
2022_Monaco_Grand_Prix|HAM|3|fast,2022_Monaco_Grand_Prix,HAM,3,180001.442,180003.098,180003.863,1.656,2.421,0.400,0,fast_local,redis_cache,0.765,overtake
2022_Monaco_Grand_Prix|HAM|3|smart,2022_Monaco_Grand_Prix,HAM,3,180001.442,180784.537,180941.437,783.095,939.995,0.400,0,smart_cloud,cassandra,156.900,overtake
2022_Monaco_Grand_Prix|LAT|3|fast,2022_Monaco_Grand_Prix,LAT,3,180001.562,180013.811,180014.577,12.249,13.015,0.100,0,fast_local,redis_cache,0.765,overtake
2022_Monaco_Grand_Prix|LAT|3|smart,2022_Monaco_Grand_Prix,LAT,3,180001.562,182667.337,182824.237,2665.775,2822.675,0.100,0,smart_cloud,cassandra,156.900,overtake
2022_Monaco_Grand_Prix|LEC|3|fast,2022_Monaco_Grand_Prix,LEC,3,180001.937,180009.985,180010.750,8.048,8.813,0.250,0,fast_local,redis_cache,0.765,overtake
2022_Monaco_Grand_Prix|LEC|3|smart,2022_Monaco_Grand_Prix,LEC,3,180001.937,181882.837,182039.737,1880.899,2037.799,0.250,0,smart_cloud,cassandra,156.900,overtake
2022_Monaco_Grand_Prix|MAG|3|fast,2022_Monaco_Grand_Prix,MAG,3,180002.186,180005.394,180006.159,3.208,3.973,0.400,0,fast_local,redis_cache,0.765,overtake
2022_Monaco_Grand_Prix|MAG|3|smart,2022_Monaco_Grand_Prix,MAG,3,180002.186,180941.437,181098.337,939.251,1096.151,0.400,0,smart_cloud,cassandra,156.900,overtake
2022_Monaco_Grand_Prix|MSC|3|fast,2022_Monaco_Grand_Prix,MSC,3,180002.295,180002.333,180003.098,0.038,0.803,0.600,1,fast_local,redis_cache,0.765,overtake
2022_Monaco_Grand_Prix|NOR|3|fast,2022_Monaco_Grand_Prix,NOR,3,180002.844,180010.750,180011.516,7.907,8.672,0.250,0,fast_local,redis_cache,0.765,overtake
2022_Monaco_Grand_Prix|NOR|3|smart,2022_Monaco_Grand_Prix,NOR,3,180002.844,182039.737,182196.637,2036.893,2193.793,0.250,0,smart_cloud,cassandra,156.900,overtake
2022_Monaco_Grand_Prix|OCO|3|fast,2022_Monaco_Grand_Prix,OCO,3,180003.324,180011.516,180012.281,8.191,8.957,0.250,0,fast_local,redis_cache,0.765,overtake
2022_Monaco_Grand_Prix|OCO|3|smart,2022_Monaco_Grand_Prix,OCO,3,180003.324,182196.637,182353.537,2193.313,2350.213,0.250,0,smart_cloud,cassandra,156.900,overtake
2022_Monaco_Grand_Prix|PER|3|fast,2022_Monaco_Grand_Prix,PER,3,180003.349,180006.159,180006.924,2.810,3.575,0.300,0,fast_local,redis_cache,0.765,overtake
2022_Monaco_Grand_Prix|PER|3|smart,2022_Monaco_Grand_Prix,PER,3,180003.349,181098.337,181255.237,1094.988,1251.888,0.300,0,smart_cloud,cassandra,156.900,overtake
2022_Monaco_Grand_Prix|RIC|3|fast,2022_Monaco_Grand_Prix,RIC,3,180003.412,180003.863,180004.628,0.451,1.216,0.500,1,fast_local,redis_cache,0.765,overtake
2022_Monaco_Grand_Prix|RIC|3|smart,2022_Monaco_Grand_Prix,RIC,3,180003.412,180470.737,180627.637,467.324,624.224,0.500,1,smart_cloud,cassandra,156.900,overtake
2022_Monaco_Grand_Prix|RUS|3|fast,2022_Monaco_Grand_Prix,RUS,3,180003.501,180006.924,180007.689,3.423,4.188,0.300,0,fast_local,redis_cache,0.765,overtake
2022_Monaco_Grand_Prix|RUS|3|smart,2022_Monaco_Grand_Prix,RUS,3,180003.501,181255.237,181412.137,1251.735,1408.635,0.300,0,smart_cloud,cassandra,156.900,overtake
2022_Monaco_Grand_Prix|SAI|3|fast,2022_Monaco_Grand_Prix,SAI,3,180003.526,180007.689,180008.455,4.163,4.929,0.300,0,fast_local,redis_cache,0.765,overtake
2022_Monaco_Grand_Prix|SAI|3|smart,2022_Monaco_Grand_Prix,SAI,3,180003.526,181412.137,181569.037,1408.611,1565.511,0.300,0,smart_cloud,cassandra,156.900,overtake
2022_Monaco_Grand_Prix|STR|3|fast,2022_Monaco_Grand_Prix,STR,3,180003.904,180014.577,180015.342,10.673,11.438,0.100,0,fast_local,redis_cache,0.765,overtake
2022_Monaco_Grand_Prix|STR|3|smart,2022_Monaco_Grand_Prix,STR,3,180003.904,182824.237,182981.137,2820.333,2977.233,0.100,0,smart_cloud,cassandra,156.900,overtake
2022_Monaco_Grand_Prix|TSU|3|fast,2022_Monaco_Grand_Prix,TSU,3,180003.935,180008.455,180009.220,4.520,5.285,0.300,0,fast_local,redis_cache,0.765,overtake
2022_Monaco_Grand_Prix|TSU|3|smart,2022_Monaco_Grand_Prix,TSU,3,180003.935,181569.037,181725.937,1565.102,1722.002,0.300,0,smart_cloud,cassandra,156.900,overtake
2022_Monaco_Grand_Prix|VER|3|fast,2022_Monaco_Grand_Prix,VER,3,180004.024,180012.281,180013.046,8.257,9.022,0.150,0,fast_local,redis_cache,0.765,overtake
2022_Monaco_Grand_Prix|VER|3|smart,2022_Monaco_Grand_Prix,VER,3,180004.024,182353.537,182510.437,2349.513,2506.413,0.150,0,smart_cloud,cassandra,156.900,overtake
2022_Monaco_Grand_Prix|VET|3|fast,2022_Monaco_Grand_Prix,VET,3,180004.161,180013.046,180013.811,8.885,9.650,0.150,0,fast_local,redis_cache,0.765,overtake
2022_Monaco_Grand_Prix|VET|3|smart,2022_Monaco_Grand_Prix,VET,3,180004.161,182510.437,182667.337,2506.276,2663.176,0.150,0,smart_cloud,cassandra,156.900,overtake
2022_Monaco_Grand_Prix|ZHO|3|fast,2022_Monaco_Grand_Prix,ZHO,3,180004.163,180004.628,180005.394,0.465,1.230,0.500,1,fast_local,redis_cache,0.765,overtake
2022_Monaco_Grand_Prix|ZHO|3|smart,2022_Monaco_Grand_Prix,ZHO,3,180004.163,180627.637,180784.537,623.473,780.373,0.500,1,smart_cloud,cassandra,156.900,overtake
2022_Monaco_Grand_Prix|ALB|4|fast,2022_Monaco_Grand_Prix,ALB,4,270000.154,270000.154,270000.919,0.000,0.765,0.300,0,fast_local,redis_cache,0.765,overtake
2022_Monaco_Grand_Prix|ALB|4|smart,2022_Monaco_Grand_Prix,ALB,4,270000.154,270000.154,270157.054,0.000,156.900,0.300,0,smart_cloud,cassandra,156.900,overtake
2022_Monaco_Grand_Prix|ALO|4|fast,2022_Monaco_Grand_Prix,ALO,4,270000.292,270001.685,270002.450,1.393,2.158,0.300,0,fast_local,redis_cache,0.765,overtake
2022_Monaco_Grand_Prix|ALO|4|smart,2022_Monaco_Grand_Prix,ALO,4,270000.292,270627.754,270784.654,627.463,784.363,0.300,0,smart_cloud,cassandra,156.900,overtake
2022_Monaco_Grand_Prix|BOT|4|fast,2022_Monaco_Grand_Prix,BOT,4,270000.573,270000.919,270001.685,0.347,1.112,0.600,1,fast_local,redis_cache,0.765,overtake
2022_Monaco_Grand_Prix|GAS|4|fast,2022_Monaco_Grand_Prix,GAS,4,270001.073,270006.276,270007.041,5.203,5.968,0.250,0,fast_local,redis_cache,0.765,overtake
2022_Monaco_Grand_Prix|GAS|4|smart,2022_Monaco_Grand_Prix,GAS,4,270001.073,271098.454,271255.354,1097.381,1254.281,0.250,0,smart_cloud,cassandra,156.900,overtake
2022_Monaco_Grand_Prix|HAM|4|fast,2022_Monaco_Grand_Prix,HAM,4,270001.170,270010.868,270011.633,9.698,10.463,0.150,0,fast_local,redis_cache,0.765,overtake
2022_Monaco_Grand_Prix|HAM|4|smart,2022_Monaco_Grand_Prix,HAM,4,270001.170,272039.854,272196.754,2038.684,2195.584,0.150,0,smart_cloud,cassandra,156.900,overtake
2022_Monaco_Grand_Prix|LAT|4|fast,2022_Monaco_Grand_Prix,LAT,4,270001.407,270012.398,270013.163,10.991,11.756,0.100,0,fast_local,redis_cache,0.765,overtake
2022_Monaco_Grand_Prix|LAT|4|smart,2022_Monaco_Grand_Prix,LAT,4,270001.407,272353.654,272510.554,2352.247,2509.147,0.100,0,smart_cloud,cassandra,156.900,overtake
2022_Monaco_Grand_Prix|LEC|4|fast,2022_Monaco_Grand_Prix,LEC,4,270001.468,270007.041,270007.807,5.573,6.339,0.250,0,fast_local,redis_cache,0.765,overtake
2022_Monaco_Grand_Prix|LEC|4|smart,2022_Monaco_Grand_Prix,LEC,4,270001.468,271255.354,271412.254,1253.886,1410.786,0.250,0,smart_cloud,cassandra,156.900,overtake
2022_Monaco_Grand_Prix|MAG|4|fast,2022_Monaco_Grand_Prix,MAG,4,270001.520,270007.807,270008.572,6.287,7.052,0.250,0,fast_local,redis_cache,0.765,overtake
2022_Monaco_Grand_Prix|MAG|4|smart,2022_Monaco_Grand_Prix,MAG,4,270001.520,271412.254,271569.154,1410.734,1567.634,0.250,0,smart_cloud,cassandra,156.900,overtake
2022_Monaco_Grand_Prix|MSC|4|fast,2022_Monaco_Grand_Prix,MSC,4,270002.043,270002.450,270003.215,0.407,1.172,0.450,0,fast_local,redis_cache,0.765,overtake
2022_Monaco_Grand_Prix|MSC|4|smart,2022_Monaco_Grand_Prix,MSC,4,270002.043,270313.954,270470.854,311.911,468.811,0.450,0,smart_cloud,cassandra,156.900,overtake
2022_Monaco_Grand_Prix|NOR|4|fast,2022_Monaco_Grand_Prix,NOR,4,270002.184,270008.572,270009.337,6.388,7.154,0.250,0,fast_local,redis_cache,0.765,overtake
2022_Monaco_Grand_Prix|NOR|4|smart,2022_Monaco_Grand_Prix,NOR,4,270002.184,271569.154,271726.054,1566.971,1723.871,0.250,0,smart_cloud,cassandra,156.900,overtake
2022_Monaco_Grand_Prix|OCO|4|fast,2022_Monaco_Grand_Prix,OCO,4,270002.355,270013.163,270013.929,10.808,11.573,0.100,0,fast_local,redis_cache,0.765,overtake
2022_Monaco_Grand_Prix|OCO|4|smart,2022_Monaco_Grand_Prix,OCO,4,270002.355,272510.554,272667.454,2508.199,2665.099,0.100,0,smart_cloud,cassandra,156.900,overtake
2022_Monaco_Grand_Prix|PER|4|fast,2022_Monaco_Grand_Prix,PER,4,270002.768,270003.215,270003.980,0.447,1.212,0.500,1,fast_local,redis_cache,0.765,overtake
2022_Monaco_Grand_Prix|PER|4|smart,2022_Monaco_Grand_Prix,PER,4,270002.768,270157.054,270313.954,154.286,311.186,0.500,1,smart_cloud,cassandra,156.900,overtake
2022_Monaco_Grand_Prix|RIC|4|fast,2022_Monaco_Grand_Prix,RIC,4,270002.785,270009.337,270010.102,6.552,7.317,0.250,0,fast_local,redis_cache,0.765,overtake
2022_Monaco_Grand_Prix|RIC|4|smart,2022_Monaco_Grand_Prix,RIC,4,270002.785,271726.054,271882.954,1723.269,1880.169,0.250,0,smart_cloud,cassandra,156.900,overtake
2022_Monaco_Grand_Prix|RUS|4|fast,2022_Monaco_Grand_Prix,RUS,4,270002.796,270004.746,270005.511,1.950,2.715,0.300,0,fast_local,redis_cache,0.765,overtake
2022_Monaco_Grand_Prix|RUS|4|smart,2022_Monaco_Grand_Prix,RUS,4,270002.796,270784.654,270941.554,781.858,938.758,0.300,0,smart_cloud,cassandra,156.900,overtake
2022_Monaco_Grand_Prix|SAI|4|fast,2022_Monaco_Grand_Prix,SAI,4,270002.826,270005.511,270006.276,2.685,3.450,0.300,0,fast_local,redis_cache,0.765,overtake
2022_Monaco_Grand_Prix|SAI|4|smart,2022_Monaco_Grand_Prix,SAI,4,270002.826,270941.554,271098.454,938.728,1095.628,0.300,0,smart_cloud,cassandra,156.900,overtake
2022_Monaco_Grand_Prix|STR|4|fast,2022_Monaco_Grand_Prix,STR,4,270003.174,270013.929,270014.694,10.755,11.520,0.100,0,fast_local,redis_cache,0.765,overtake
2022_Monaco_Grand_Prix|STR|4|smart,2022_Monaco_Grand_Prix,STR,4,270003.174,272667.454,272824.354,2664.280,2821.180,0.100,0,smart_cloud,cassandra,156.900,overtake
2022_Monaco_Grand_Prix|TSU|4|fast,2022_Monaco_Grand_Prix,TSU,4,270003.310,270003.980,270004.746,0.671,1.436,0.450,0,fast_local,redis_cache,0.765,overtake
2022_Monaco_Grand_Prix|TSU|4|smart,2022_Monaco_Grand_Prix,TSU,4,270003.310,270470.854,270627.754,467.545,624.445,0.450,0,smart_cloud,cassandra,156.900,overtake
2022_Monaco_Grand_Prix|VER|4|fast,2022_Monaco_Grand_Prix,VER,4,270003.342,270010.102,270010.868,6.760,7.526,0.250,0,fast_local,redis_cache,0.765,overtake
2022_Monaco_Grand_Prix|VER|4|smart,2022_Monaco_Grand_Prix,VER,4,270003.342,271882.954,272039.854,1879.612,2036.512,0.250,0,smart_cloud,cassandra,156.900,overtake
2022_Monaco_Grand_Prix|VET|4|fast,2022_Monaco_Grand_Prix,VET,4,270003.825,270014.694,270015.459,10.869,11.634,0.100,0,fast_local,redis_cache,0.765,overtake
2022_Monaco_Grand_Prix|VET|4|smart,2022_Monaco_Grand_Prix,VET,4,270003.825,272824.354,272981.254,2820.529,2977.429,0.100,0,smart_cloud,cassandra,156.900,overtake
2022_Monaco_Grand_Prix|ZHO|4|fast,2022_Monaco_Grand_Prix,ZHO,4,270004.267,270011.633,270012.398,7.366,8.131,0.150,0,fast_local,redis_cache,0.765,overtake
2022_Monaco_Grand_Prix|ZHO|4|smart,2022_Monaco_Grand_Prix,ZHO,4,270004.267,272196.754,272353.654,2192.487,2349.387,0.150,0,smart_cloud,cassandra,156.900,overtake
2022_Monaco_Grand_Prix|ALB|5|fast,2022_Monaco_Grand_Prix,ALB,5,360000.114,360000.114,360000.879,0.000,0.765,0.700,1,fast_local,redis_cache,0.765,caution+overtake
2022_Monaco_Grand_Prix|ALO|5|fast,2022_Monaco_Grand_Prix,ALO,5,360000.438,360008.531,360009.297,8.093,8.858,0.250,0,fast_local,redis_cache,0.765,caution+overtake
2022_Monaco_Grand_Prix|ALO|5|smart,2022_Monaco_Grand_Prix,ALO,5,360000.438,360000.438,360157.338,0.000,156.900,0.250,0,smart_cloud,cassandra,156.900,caution+overtake
2022_Monaco_Grand_Prix|BOT|5|fast,2022_Monaco_Grand_Prix,BOT,5,360000.450,360000.879,360001.644,0.429,1.194,0.600,1,fast_local,redis_cache,0.765,caution+overtake
2022_Monaco_Grand_Prix|GAS|5|fast,2022_Monaco_Grand_Prix,GAS,5,360000.590,360001.644,360002.409,1.054,1.819,0.550,1,fast_local,redis_cache,0.765,caution+overtake
2022_Monaco_Grand_Prix|HAM|5|fast,2022_Monaco_Grand_Prix,HAM,5,360000.762,360010.827,360011.592,10.066,10.831,0.150,0,fast_local,redis_cache,0.765,caution+overtake
2022_Monaco_Grand_Prix|HAM|5|smart,2022_Monaco_Grand_Prix,HAM,5,360000.762,361412.538,361569.438,1411.777,1568.677,0.150,0,smart_cloud,cassandra,156.900,caution+overtake
2022_Monaco_Grand_Prix|LAT|5|fast,2022_Monaco_Grand_Prix,LAT,5,360000.806,360003.175,360003.940,2.368,3.133,0.400,0,fast_local,redis_cache,0.765,caution+overtake
2022_Monaco_Grand_Prix|LAT|5|smart,2022_Monaco_Grand_Prix,LAT,5,360000.806,360314.238,360471.138,313.432,470.332,0.400,0,smart_cloud,cassandra,156.900,caution+overtake
2022_Monaco_Grand_Prix|LEC|5|fast,2022_Monaco_Grand_Prix,LEC,5,360000.835,360013.123,360013.888,12.288,13.053,0.100,0,fast_local,redis_cache,0.765,caution+overtake
2022_Monaco_Grand_Prix|LEC|5|smart,2022_Monaco_Grand_Prix,LEC,5,360000.835,361883.238,362040.138,1882.403,2039.303,0.100,0,smart_cloud,cassandra,156.900,caution+overtake
2022_Monaco_Grand_Prix|MAG|5|fast,2022_Monaco_Grand_Prix,MAG,5,360001.508,360005.470,360006.236,3.963,4.728,0.400,0,fast_local,redis_cache,0.765,caution+overtake
2022_Monaco_Grand_Prix|MAG|5|smart,2022_Monaco_Grand_Prix,MAG,5,360001.508,360471.138,360628.038,469.631,626.531,0.400,0,smart_cloud,cassandra,156.900,caution+overtake
2022_Monaco_Grand_Prix|MSC|5|fast,2022_Monaco_Grand_Prix,MSC,5,360001.809,360006.236,360007.001,4.427,5.192,0.400,0,fast_local,redis_cache,0.765,caution+overtake
2022_Monaco_Grand_Prix|MSC|5|smart,2022_Monaco_Grand_Prix,MSC,5,360001.809,360628.038,360784.938,626.229,783.129,0.400,0,smart_cloud,cassandra,156.900,caution+overtake
2022_Monaco_Grand_Prix|NOR|5|fast,2022_Monaco_Grand_Prix,NOR,5,360001.905,360009.297,360010.062,7.391,8.157,0.250,0,fast_local,redis_cache,0.765,caution+overtake
2022_Monaco_Grand_Prix|NOR|5|smart,2022_Monaco_Grand_Prix,NOR,5,360001.905,361098.738,361255.638,1096.833,1253.733,0.250,0,smart_cloud,cassandra,156.900,caution+overtake
2022_Monaco_Grand_Prix|OCO|5|fast,2022_Monaco_Grand_Prix,OCO,5,360002.032,360013.888,360014.653,11.856,12.621,0.100,0,fast_local,redis_cache,0.765,caution+overtake
2022_Monaco_Grand_Prix|OCO|5|smart,2022_Monaco_Grand_Prix,OCO,5,360002.032,362040.138,362197.038,2038.106,2195.006,0.100,0,smart_cloud,cassandra,156.900,caution+overtake
2022_Monaco_Grand_Prix|PER|5|fast,2022_Monaco_Grand_Prix,PER,5,360002.231,360007.766,360008.531,5.535,6.301,0.300,0,fast_local,redis_cache,0.765,caution+overtake
2022_Monaco_Grand_Prix|PER|5|smart,2022_Monaco_Grand_Prix,PER,5,360002.231,360941.838,361098.738,939.607,1096.507,0.300,0,smart_cloud,cassandra,156.900,caution+overtake
2022_Monaco_Grand_Prix|RIC|5|fast,2022_Monaco_Grand_Prix,RIC,5,360002.309,360002.409,360003.175,0.100,0.865,0.800,1,fast_local,redis_cache,0.765,caution+overtake
2022_Monaco_Grand_Prix|RUS|5|fast,2022_Monaco_Grand_Prix,RUS,5,360002.505,360011.592,360012.358,9.087,9.852,0.150,0,fast_local,redis_cache,0.765,caution+overtake
2022_Monaco_Grand_Prix|RUS|5|smart,2022_Monaco_Grand_Prix,RUS,5,360002.505,361569.438,361726.338,1566.933,1723.833,0.150,0,smart_cloud,cassandra,156.900,caution+overtake
2022_Monaco_Grand_Prix|SAI|5|fast,2022_Monaco_Grand_Prix,SAI,5,360003.151,360010.062,360010.827,6.910,7.676,0.250,0,fast_local,redis_cache,0.765,caution+overtake
2022_Monaco_Grand_Prix|SAI|5|smart,2022_Monaco_Grand_Prix,SAI,5,360003.151,361255.638,361412.538,1252.487,1409.387,0.250,0,smart_cloud,cassandra,156.900,caution+overtake
2022_Monaco_Grand_Prix|STR|5|fast,2022_Monaco_Grand_Prix,STR,5,360003.322,360007.001,360007.766,3.679,4.445,0.400,0,fast_local,redis_cache,0.765,caution+overtake
2022_Monaco_Grand_Prix|STR|5|smart,2022_Monaco_Grand_Prix,STR,5,360003.322,360784.938,360941.838,781.617,938.517,0.400,0,smart_cloud,cassandra,156.900,caution+overtake
2022_Monaco_Grand_Prix|TSU|5|fast,2022_Monaco_Grand_Prix,TSU,5,360003.482,360003.940,360004.705,0.458,1.223,0.450,0,fast_local,redis_cache,0.765,caution+overtake
2022_Monaco_Grand_Prix|TSU|5|smart,2022_Monaco_Grand_Prix,TSU,5,360003.482,360157.338,360314.238,153.857,310.757,0.450,0,smart_cloud,cassandra,156.900,caution+overtake
2022_Monaco_Grand_Prix|VER|5|fast,2022_Monaco_Grand_Prix,VER,5,360003.612,360012.358,360013.123,8.746,9.511,0.150,0,fast_local,redis_cache,0.765,caution+overtake
2022_Monaco_Grand_Prix|VER|5|smart,2022_Monaco_Grand_Prix,VER,5,360003.612,361726.338,361883.238,1722.726,1879.626,0.150,0,smart_cloud,cassandra,156.900,caution+overtake
2022_Monaco_Grand_Prix|VET|5|fast,2022_Monaco_Grand_Prix,VET,5,360003.919,360014.653,360015.419,10.734,11.499,0.100,0,fast_local,redis_cache,0.765,caution+overtake
2022_Monaco_Grand_Prix|VET|5|smart,2022_Monaco_Grand_Prix,VET,5,360003.919,362197.038,362353.938,2193.119,2350.019,0.100,0,smart_cloud,cassandra,156.900,caution+overtake
2022_Monaco_Grand_Prix|ZHO|5|fast,2022_Monaco_Grand_Prix,ZHO,5,360004.070,360004.705,360005.470,0.635,1.400,0.800,1,fast_local,redis_cache,0.765,caution+overtake
2022_Monaco_Grand_Prix|ALB|6|fast,2022_Monaco_Grand_Prix,ALB,6,450000.482,450000.482,450001.247,0.000,0.765,1.000,1,fast_local,redis_cache,0.765,caution+rain+overtake
2022_Monaco_Grand_Prix|ALO|6|fast,2022_Monaco_Grand_Prix,ALO,6,450000.884,450002.012,450002.778,1.129,1.894,0.600,1,fast_local,redis_cache,0.765,caution+rain+overtake
2022_Monaco_Grand_Prix|BOT|6|fast,2022_Monaco_Grand_Prix,BOT,6,450001.012,450001.247,450002.012,0.235,1.001,0.950,1,fast_local,redis_cache,0.765,caution+rain+overtake
2022_Monaco_Grand_Prix|GAS|6|fast,2022_Monaco_Grand_Prix,GAS,6,450001.329,450012.726,450013.491,11.397,12.162,0.450,0,fast_local,redis_cache,0.765,caution+rain+overtake
2022_Monaco_Grand_Prix|GAS|6|smart,2022_Monaco_Grand_Prix,GAS,6,450001.329,450001.329,450158.229,0.000,156.900,0.450,0,smart_cloud,cassandra,156.900,caution+rain+overtake
2022_Monaco_Grand_Prix|HAM|6|fast,2022_Monaco_Grand_Prix,HAM,6,450001.361,450009.665,450010.430,8.304,9.069,0.600,1,fast_local,redis_cache,0.765,caution+rain+overtake
2022_Monaco_Grand_Prix|LAT|6|fast,2022_Monaco_Grand_Prix,LAT,6,450001.530,450014.256,450015.022,12.727,13.492,0.300,0,fast_local,redis_cache,0.765,caution+rain+overtake
2022_Monaco_Grand_Prix|LAT|6|smart,2022_Monaco_Grand_Prix,LAT,6,450001.530,450315.129,450472.029,313.600,470.500,0.300,0,smart_cloud,cassandra,156.900,caution+rain+overtake
2022_Monaco_Grand_Prix|LEC|6|fast,2022_Monaco_Grand_Prix,LEC,6,450002.160,450010.430,450011.195,8.270,9.035,0.600,1,fast_local,redis_cache,0.765,caution+rain+overtake
2022_Monaco_Grand_Prix|MAG|6|fast,2022_Monaco_Grand_Prix,MAG,6,450002.247,450002.778,450003.543,0.531,1.296,0.900,1,fast_local,redis_cache,0.765,caution+rain+overtake
2022_Monaco_Grand_Prix|MSC|6|fast,2022_Monaco_Grand_Prix,MSC,6,450002.279,450013.491,450014.256,11.212,11.978,0.350,0,fast_local,redis_cache,0.765,caution+rain+overtake
2022_Monaco_Grand_Prix|MSC|6|smart,2022_Monaco_Grand_Prix,MSC,6,450002.279,450158.229,450315.129,155.950,312.850,0.350,0,smart_cloud,cassandra,156.900,caution+rain+overtake
2022_Monaco_Grand_Prix|NOR|6|fast,2022_Monaco_Grand_Prix,NOR,6,450002.896,450003.543,450004.308,0.647,1.412,0.950,1,fast_local,redis_cache,0.765,caution+rain+overtake
2022_Monaco_Grand_Prix|OCO|6|fast,2022_Monaco_Grand_Prix,OCO,6,450003.499,450011.195,450011.961,7.697,8.462,0.600,1,fast_local,redis_cache,0.765,caution+rain+overtake
2022_Monaco_Grand_Prix|PER|6|fast,2022_Monaco_Grand_Prix,PER,6,450003.584,450005.073,450005.839,1.489,2.254,0.800,1,fast_local,redis_cache,0.765,caution+rain+overtake
2022_Monaco_Grand_Prix|RIC|6|fast,2022_Monaco_Grand_Prix,RIC,6,450003.597,450004.308,450005.073,0.711,1.476,1.000,1,fast_local,redis_cache,0.765,caution+rain+overtake
2022_Monaco_Grand_Prix|RUS|6|fast,2022_Monaco_Grand_Prix,RUS,6,450003.793,450006.604,450007.369,2.811,3.577,0.750,1,fast_local,redis_cache,0.765,caution+rain+overtake
2022_Monaco_Grand_Prix|SAI|6|fast,2022_Monaco_Grand_Prix,SAI,6,450003.894,450007.369,450008.134,3.475,4.241,0.750,1,fast_local,redis_cache,0.765,caution+rain+overtake
2022_Monaco_Grand_Prix|STR|6|fast,2022_Monaco_Grand_Prix,STR,6,450004.283,450015.022,450015.787,10.739,11.504,0.300,0,fast_local,redis_cache,0.765,caution+rain+overtake
2022_Monaco_Grand_Prix|STR|6|smart,2022_Monaco_Grand_Prix,STR,6,450004.283,450472.029,450628.929,467.746,624.646,0.300,0,smart_cloud,cassandra,156.900,caution+rain+overtake
2022_Monaco_Grand_Prix|TSU|6|fast,2022_Monaco_Grand_Prix,TSU,6,450004.513,450008.134,450008.900,3.621,4.387,0.750,1,fast_local,redis_cache,0.765,caution+rain+overtake
2022_Monaco_Grand_Prix|VER|6|fast,2022_Monaco_Grand_Prix,VER,6,450004.543,450008.900,450009.665,4.357,5.122,0.650,1,fast_local,redis_cache,0.765,caution+rain+overtake
2022_Monaco_Grand_Prix|VET|6|fast,2022_Monaco_Grand_Prix,VET,6,450004.809,450011.961,450012.726,7.151,7.916,0.600,1,fast_local,redis_cache,0.765,caution+rain+overtake
2022_Monaco_Grand_Prix|ZHO|6|fast,2022_Monaco_Grand_Prix,ZHO,6,450004.846,450005.839,450006.604,0.993,1.758,0.800,1,fast_local,redis_cache,0.765,caution+rain+overtake
2022_Monaco_Grand_Prix|ALB|7|fast,2022_Monaco_Grand_Prix,ALB,7,540000.114,540000.114,540000.879,0.000,0.765,0.600,1,fast_local,redis_cache,0.765,rain+overtake
2022_Monaco_Grand_Prix|ALO|7|fast,2022_Monaco_Grand_Prix,ALO,7,540000.208,540010.828,540011.593,10.619,11.385,0.300,0,fast_local,redis_cache,0.765,rain+overtake
2022_Monaco_Grand_Prix|ALO|7|smart,2022_Monaco_Grand_Prix,ALO,7,540000.208,540000.208,540157.108,0.000,156.900,0.300,0,smart_cloud,cassandra,156.900,rain+overtake
2022_Monaco_Grand_Prix|BOT|7|fast,2022_Monaco_Grand_Prix,BOT,7,540000.422,540000.879,540001.645,0.457,1.222,0.650,1,fast_local,redis_cache,0.765,rain+overtake
2022_Monaco_Grand_Prix|GAS|7|fast,2022_Monaco_Grand_Prix,GAS,7,540000.517,540001.645,540002.410,1.128,1.893,0.450,0,fast_local,redis_cache,0.765,rain+overtake
2022_Monaco_Grand_Prix|GAS|7|smart,2022_Monaco_Grand_Prix,GAS,7,540000.517,540470.908,540627.808,470.391,627.291,0.450,0,smart_cloud,cassandra,156.900,rain+overtake
2022_Monaco_Grand_Prix|HAM|7|fast,2022_Monaco_Grand_Prix,HAM,7,540000.723,540011.593,540012.358,10.870,11.635,0.300,0,fast_local,redis_cache,0.765,rain+overtake
2022_Monaco_Grand_Prix|HAM|7|smart,2022_Monaco_Grand_Prix,HAM,7,540000.723,541726.108,541883.008,1725.385,1882.285,0.300,0,smart_cloud,cassandra,156.900,rain+overtake
2022_Monaco_Grand_Prix|LAT|7|fast,2022_Monaco_Grand_Prix,LAT,7,540000.853,540012.358,540013.123,11.505,12.270,0.300,0,fast_local,redis_cache,0.765,rain+overtake
2022_Monaco_Grand_Prix|LAT|7|smart,2022_Monaco_Grand_Prix,LAT,7,540000.853,541883.008,542039.908,1882.155,2039.055,0.300,0,smart_cloud,cassandra,156.900,rain+overtake
2022_Monaco_Grand_Prix|LEC|7|fast,2022_Monaco_Grand_Prix,LEC,7,540001.649,540013.123,540013.889,11.474,12.239,0.300,0,fast_local,redis_cache,0.765,rain+overtake
2022_Monaco_Grand_Prix|LEC|7|smart,2022_Monaco_Grand_Prix,LEC,7,540001.649,542039.908,542196.808,2038.259,2195.159,0.300,0,smart_cloud,cassandra,156.900,rain+overtake
2022_Monaco_Grand_Prix|MAG|7|fast,2022_Monaco_Grand_Prix,MAG,7,540001.734,540004.706,540005.471,2.971,3.736,0.450,0,fast_local,redis_cache,0.765,rain+overtake
2022_Monaco_Grand_Prix|MAG|7|smart,2022_Monaco_Grand_Prix,MAG,7,540001.734,540627.808,540784.708,626.074,782.974,0.450,0,smart_cloud,cassandra,156.900,rain+overtake
2022_Monaco_Grand_Prix|MSC|7|fast,2022_Monaco_Grand_Prix,MSC,7,540002.079,540002.410,540003.175,0.331,1.096,0.500,1,fast_local,redis_cache,0.765,rain+overtake
2022_Monaco_Grand_Prix|MSC|7|smart,2022_Monaco_Grand_Prix,MSC,7,540002.079,540157.108,540314.008,155.029,311.929,0.500,1,smart_cloud,cassandra,156.900,rain+overtake
2022_Monaco_Grand_Prix|NOR|7|fast,2022_Monaco_Grand_Prix,NOR,7,540002.412,540006.236,540007.001,3.825,4.590,0.450,0,fast_local,redis_cache,0.765,rain+overtake
2022_Monaco_Grand_Prix|NOR|7|smart,2022_Monaco_Grand_Prix,NOR,7,540002.412,540784.708,540941.608,782.297,939.197,0.450,0,smart_cloud,cassandra,156.900,rain+overtake
2022_Monaco_Grand_Prix|OCO|7|fast,2022_Monaco_Grand_Prix,OCO,7,540002.470,540013.889,540014.654,11.419,12.184,0.300,0,fast_local,redis_cache,0.765,rain+overtake
2022_Monaco_Grand_Prix|OCO|7|smart,2022_Monaco_Grand_Prix,OCO,7,540002.470,542196.808,542353.708,2194.338,2351.238,0.300,0,smart_cloud,cassandra,156.900,rain+overtake
2022_Monaco_Grand_Prix|PER|7|fast,2022_Monaco_Grand_Prix,PER,7,540002.905,540003.940,540004.706,1.035,1.800,0.500,1,fast_local,redis_cache,0.765,rain+overtake
2022_Monaco_Grand_Prix|PER|7|smart,2022_Monaco_Grand_Prix,PER,7,540002.905,540314.008,540470.908,311.103,468.003,0.500,1,smart_cloud,cassandra,156.900,rain+overtake
2022_Monaco_Grand_Prix|RIC|7|fast,2022_Monaco_Grand_Prix,RIC,7,540002.920,540003.175,540003.940,0.255,1.020,0.650,1,fast_local,redis_cache,0.765,rain+overtake
2022_Monaco_Grand_Prix|RUS|7|fast,2022_Monaco_Grand_Prix,RUS,7,540002.938,540008.532,540009.297,5.594,6.359,0.350,0,fast_local,redis_cache,0.765,rain+overtake
2022_Monaco_Grand_Prix|RUS|7|smart,2022_Monaco_Grand_Prix,RUS,7,540002.938,541255.408,541412.308,1252.470,1409.370,0.350,0,smart_cloud,cassandra,156.900,rain+overtake
2022_Monaco_Grand_Prix|SAI|7|fast,2022_Monaco_Grand_Prix,SAI,7,540002.955,540007.001,540007.767,4.047,4.812,0.450,0,fast_local,redis_cache,0.765,rain+overtake
2022_Monaco_Grand_Prix|SAI|7|smart,2022_Monaco_Grand_Prix,SAI,7,540002.955,540941.608,541098.508,938.653,1095.553,0.450,0,smart_cloud,cassandra,156.900,rain+overtake
2022_Monaco_Grand_Prix|STR|7|fast,2022_Monaco_Grand_Prix,STR,7,540003.137,540014.654,540015.419,11.517,12.282,0.300,0,fast_local,redis_cache,0.765,rain+overtake
2022_Monaco_Grand_Prix|STR|7|smart,2022_Monaco_Grand_Prix,STR,7,540003.137,542353.708,542510.608,2350.572,2507.472,0.300,0,smart_cloud,cassandra,156.900,rain+overtake
2022_Monaco_Grand_Prix|TSU|7|fast,2022_Monaco_Grand_Prix,TSU,7,540003.249,540009.297,540010.062,6.048,6.813,0.350,0,fast_local,redis_cache,0.765,rain+overtake
2022_Monaco_Grand_Prix|TSU|7|smart,2022_Monaco_Grand_Prix,TSU,7,540003.249,541412.308,541569.208,1409.059,1565.959,0.350,0,smart_cloud,cassandra,156.900,rain+overtake
2022_Monaco_Grand_Prix|VER|7|fast,2022_Monaco_Grand_Prix,VER,7,540003.914,540010.062,540010.828,6.149,6.914,0.350,0,fast_local,redis_cache,0.765,rain+overtake
2022_Monaco_Grand_Prix|VER|7|smart,2022_Monaco_Grand_Prix,VER,7,540003.914,541569.208,541726.108,1565.294,1722.194,0.350,0,smart_cloud,cassandra,156.900,rain+overtake
2022_Monaco_Grand_Prix|VET|7|fast,2022_Monaco_Grand_Prix,VET,7,540004.626,540007.767,540008.532,3.141,3.906,0.450,0,fast_local,redis_cache,0.765,rain+overtake
2022_Monaco_Grand_Prix|VET|7|smart,2022_Monaco_Grand_Prix,VET,7,540004.626,541098.508,541255.408,1093.882,1250.782,0.450,0,smart_cloud,cassandra,156.900,rain+overtake
2022_Monaco_Grand_Prix|ZHO|7|fast,2022_Monaco_Grand_Prix,ZHO,7,540004.793,540005.471,540006.236,0.678,1.443,0.700,1,fast_local,redis_cache,0.765,rain+overtake
2022_Monaco_Grand_Prix|ALB|8|fast,2022_Monaco_Grand_Prix,ALB,8,630000.108,630000.108,630000.873,0.000,0.765,0.800,1,fast_local,redis_cache,0.765,rain+overtake
2022_Monaco_Grand_Prix|ALO|8|fast,2022_Monaco_Grand_Prix,ALO,8,630000.414,630010.056,630010.822,9.643,10.408,0.300,0,fast_local,redis_cache,0.765,rain+overtake
2022_Monaco_Grand_Prix|ALO|8|smart,2022_Monaco_Grand_Prix,ALO,8,630000.414,630000.414,630157.314,0.000,156.900,0.300,0,smart_cloud,cassandra,156.900,rain+overtake
2022_Monaco_Grand_Prix|BOT|8|fast,2022_Monaco_Grand_Prix,BOT,8,630000.543,630000.873,630001.639,0.330,1.096,0.650,1,fast_local,redis_cache,0.765,rain+overtake
2022_Monaco_Grand_Prix|GAS|8|fast,2022_Monaco_Grand_Prix,GAS,8,630000.701,630001.639,630002.404,0.937,1.703,0.450,0,fast_local,redis_cache,0.765,rain+overtake
2022_Monaco_Grand_Prix|GAS|8|smart,2022_Monaco_Grand_Prix,GAS,8,630000.701,630314.214,630471.114,313.512,470.412,0.450,0,smart_cloud,cassandra,156.900,rain+overtake
2022_Monaco_Grand_Prix|HAM|8|fast,2022_Monaco_Grand_Prix,HAM,8,630001.335,630010.822,630011.587,9.487,10.252,0.300,0,fast_local,redis_cache,0.765,rain+overtake
2022_Monaco_Grand_Prix|HAM|8|smart,2022_Monaco_Grand_Prix,HAM,8,630001.335,631569.414,631726.314,1568.079,1724.979,0.300,0,smart_cloud,cassandra,156.900,rain+overtake
2022_Monaco_Grand_Prix|LAT|8|fast,2022_Monaco_Grand_Prix,LAT,8,630001.406,630011.587,630012.352,10.181,10.946,0.300,0,fast_local,redis_cache,0.765,rain+overtake
2022_Monaco_Grand_Prix|LAT|8|smart,2022_Monaco_Grand_Prix,LAT,8,630001.406,631726.314,631883.214,1724.907,1881.807,0.300,0,smart_cloud,cassandra,156.900,rain+overtake
2022_Monaco_Grand_Prix|LEC|8|fast,2022_Monaco_Grand_Prix,LEC,8,630001.658,630012.352,630013.117,10.694,11.459,0.300,0,fast_local,redis_cache,0.765,rain+overtake
2022_Monaco_Grand_Prix|LEC|8|smart,2022_Monaco_Grand_Prix,LEC,8,630001.658,631883.214,632040.114,1881.556,2038.456,0.300,0,smart_cloud,cassandra,156.900,rain+overtake
2022_Monaco_Grand_Prix|MAG|8|fast,2022_Monaco_Grand_Prix,MAG,8,630002.195,630002.404,630003.169,0.209,0.975,0.450,0,fast_local,redis_cache,0.765,rain+overtake
2022_Monaco_Grand_Prix|MAG|8|smart,2022_Monaco_Grand_Prix,MAG,8,630002.195,630471.114,630628.014,468.919,625.819,0.450,0,smart_cloud,cassandra,156.900,rain+overtake
2022_Monaco_Grand_Prix|MSC|8|fast,2022_Monaco_Grand_Prix,MSC,8,630002.367,630005.465,630006.230,3.097,3.863,0.450,0,fast_local,redis_cache,0.765,rain+overtake
2022_Monaco_Grand_Prix|MSC|8|smart,2022_Monaco_Grand_Prix,MSC,8,630002.367,630628.014,630784.914,625.646,782.546,0.450,0,smart_cloud,cassandra,156.900,rain+overtake
2022_Monaco_Grand_Prix|NOR|8|fast,2022_Monaco_Grand_Prix,NOR,8,630002.433,630006.230,630006.995,3.797,4.562,0.450,0,fast_local,redis_cache,0.765,rain+overtake
2022_Monaco_Grand_Prix|NOR|8|smart,2022_Monaco_Grand_Prix,NOR,8,630002.433,630784.914,630941.814,782.480,939.380,0.450,0,smart_cloud,cassandra,156.900,rain+overtake
2022_Monaco_Grand_Prix|OCO|8|fast,2022_Monaco_Grand_Prix,OCO,8,630002.454,630013.117,630013.883,10.664,11.429,0.300,0,fast_local,redis_cache,0.765,rain+overtake
2022_Monaco_Grand_Prix|OCO|8|smart,2022_Monaco_Grand_Prix,OCO,8,630002.454,632040.114,632197.014,2037.660,2194.560,0.300,0,smart_cloud,cassandra,156.900,rain+overtake
2022_Monaco_Grand_Prix|PER|8|fast,2022_Monaco_Grand_Prix,PER,8,630002.603,630003.934,630004.700,1.331,2.096,0.500,1,fast_local,redis_cache,0.765,rain+overtake
2022_Monaco_Grand_Prix|PER|8|smart,2022_Monaco_Grand_Prix,PER,8,630002.603,630157.314,630314.214,154.710,311.610,0.500,1,smart_cloud,cassandra,156.900,rain+overtake
2022_Monaco_Grand_Prix|RIC|8|fast,2022_Monaco_Grand_Prix,RIC,8,630002.770,630003.169,630003.934,0.399,1.164,0.650,1,fast_local,redis_cache,0.765,rain+overtake
2022_Monaco_Grand_Prix|RUS|8|fast,2022_Monaco_Grand_Prix,RUS,8,630002.859,630007.761,630008.526,4.902,5.667,0.350,0,fast_local,redis_cache,0.765,rain+overtake
2022_Monaco_Grand_Prix|RUS|8|smart,2022_Monaco_Grand_Prix,RUS,8,630002.859,631098.714,631255.614,1095.855,1252.755,0.350,0,smart_cloud,cassandra,156.900,rain+overtake
2022_Monaco_Grand_Prix|SAI|8|fast,2022_Monaco_Grand_Prix,SAI,8,630003.297,630006.995,630007.761,3.698,4.463,0.450,0,fast_local,redis_cache,0.765,rain+overtake
2022_Monaco_Grand_Prix|SAI|8|smart,2022_Monaco_Grand_Prix,SAI,8,630003.297,630941.814,631098.714,938.517,1095.417,0.450,0,smart_cloud,cassandra,156.900,rain+overtake
2022_Monaco_Grand_Prix|STR|8|fast,2022_Monaco_Grand_Prix,STR,8,630003.361,630013.883,630014.648,10.521,11.287,0.300,0,fast_local,redis_cache,0.765,rain+overtake
2022_Monaco_Grand_Prix|STR|8|smart,2022_Monaco_Grand_Prix,STR,8,630003.361,632197.014,632353.914,2193.652,2350.552,0.300,0,smart_cloud,cassandra,156.900,rain+overtake
2022_Monaco_Grand_Prix|TSU|8|fast,2022_Monaco_Grand_Prix,TSU,8,630003.635,630008.526,630009.291,4.891,5.656,0.350,0,fast_local,redis_cache,0.765,rain+overtake
2022_Monaco_Grand_Prix|TSU|8|smart,2022_Monaco_Grand_Prix,TSU,8,630003.635,631255.614,631412.514,1251.979,1408.879,0.350,0,smart_cloud,cassandra,156.900,rain+overtake
2022_Monaco_Grand_Prix|VER|8|fast,2022_Monaco_Grand_Prix,VER,8,630004.131,630009.291,630010.056,5.160,5.925,0.350,0,fast_local,redis_cache,0.765,rain+overtake
2022_Monaco_Grand_Prix|VER|8|smart,2022_Monaco_Grand_Prix,VER,8,630004.131,631412.514,631569.414,1408.382,1565.282,0.350,0,smart_cloud,cassandra,156.900,rain+overtake
2022_Monaco_Grand_Prix|VET|8|fast,2022_Monaco_Grand_Prix,VET,8,630004.481,630014.648,630015.413,10.167,10.932,0.300,0,fast_local,redis_cache,0.765,rain+overtake
2022_Monaco_Grand_Prix|VET|8|smart,2022_Monaco_Grand_Prix,VET,8,630004.481,632353.914,632510.814,2349.433,2506.333,0.300,0,smart_cloud,cassandra,156.900,rain+overtake
2022_Monaco_Grand_Prix|ZHO|8|fast,2022_Monaco_Grand_Prix,ZHO,8,630004.689,630004.700,630005.465,0.010,0.776,0.800,1,fast_local,redis_cache,0.765,rain+overtake
2022_Monaco_Grand_Prix|ALB|9|fast,2022_Monaco_Grand_Prix,ALB,9,720000.187,720000.187,720000.952,0.000,0.765,0.600,1,fast_local,redis_cache,0.765,rain+overtake
2022_Monaco_Grand_Prix|ALO|9|fast,2022_Monaco_Grand_Prix,ALO,9,720000.225,720008.605,720009.370,8.380,9.146,0.200,0,fast_local,redis_cache,0.765,rain+overtake
2022_Monaco_Grand_Prix|ALO|9|smart,2022_Monaco_Grand_Prix,ALO,9,720000.225,720000.225,720157.125,0.000,156.900,0.200,0,smart_cloud,cassandra,156.900,rain+overtake
2022_Monaco_Grand_Prix|BOT|9|fast,2022_Monaco_Grand_Prix,BOT,9,720000.539,720000.952,720001.718,0.414,1.179,0.350,0,fast_local,redis_cache,0.765,rain+overtake
2022_Monaco_Grand_Prix|BOT|9|smart,2022_Monaco_Grand_Prix,BOT,9,720000.539,720314.025,720470.925,313.486,470.386,0.350,0,smart_cloud,cassandra,156.900,rain+overtake
2022_Monaco_Grand_Prix|GAS|9|fast,2022_Monaco_Grand_Prix,GAS,9,720000.823,720001.718,720002.483,0.895,1.660,0.350,0,fast_local,redis_cache,0.765,rain+overtake
2022_Monaco_Grand_Prix|GAS|9|smart,2022_Monaco_Grand_Prix,GAS,9,720000.823,720470.925,720627.825,470.102,627.002,0.350,0,smart_cloud,cassandra,156.900,rain+overtake
2022_Monaco_Grand_Prix|HAM|9|fast,2022_Monaco_Grand_Prix,HAM,9,720001.151,720009.370,720010.135,8.219,8.984,0.200,0,fast_local,redis_cache,0.765,rain+overtake
2022_Monaco_Grand_Prix|HAM|9|smart,2022_Monaco_Grand_Prix,HAM,9,720001.151,721569.225,721726.125,1568.073,1724.973,0.200,0,smart_cloud,cassandra,156.900,rain+overtake
2022_Monaco_Grand_Prix|LAT|9|fast,2022_Monaco_Grand_Prix,LAT,9,720001.280,720010.135,720010.901,8.856,9.621,0.200,0,fast_local,redis_cache,0.765,rain+overtake
2022_Monaco_Grand_Prix|LAT|9|smart,2022_Monaco_Grand_Prix,LAT,9,720001.280,721726.125,721883.025,1724.845,1881.745,0.200,0,smart_cloud,cassandra,156.900,rain+overtake
2022_Monaco_Grand_Prix|LEC|9|fast,2022_Monaco_Grand_Prix,LEC,9,720001.455,720010.901,720011.666,9.446,10.211,0.200,0,fast_local,redis_cache,0.765,rain+overtake
2022_Monaco_Grand_Prix|LEC|9|smart,2022_Monaco_Grand_Prix,LEC,9,720001.455,721883.025,722039.925,1881.570,2038.470,0.200,0,smart_cloud,cassandra,156.900,rain+overtake
2022_Monaco_Grand_Prix|MAG|9|fast,2022_Monaco_Grand_Prix,MAG,9,720001.586,720006.309,720007.074,4.723,5.489,0.250,0,fast_local,redis_cache,0.765,rain+overtake
2022_Monaco_Grand_Prix|MAG|9|smart,2022_Monaco_Grand_Prix,MAG,9,720001.586,721098.525,721255.425,1096.939,1253.839,0.250,0,smart_cloud,cassandra,156.900,rain+overtake
2022_Monaco_Grand_Prix|MSC|9|fast,2022_Monaco_Grand_Prix,MSC,9,720001.855,720011.666,720012.431,9.811,10.576,0.200,0,fast_local,redis_cache,0.765,rain+overtake
2022_Monaco_Grand_Prix|MSC|9|smart,2022_Monaco_Grand_Prix,MSC,9,720001.855,722039.925,722196.825,2038.070,2194.970,0.200,0,smart_cloud,cassandra,156.900,rain+overtake
2022_Monaco_Grand_Prix|NOR|9|fast,2022_Monaco_Grand_Prix,NOR,9,720002.175,720002.483,720003.248,0.307,1.073,0.350,0,fast_local,redis_cache,0.765,rain+overtake
2022_Monaco_Grand_Prix|NOR|9|smart,2022_Monaco_Grand_Prix,NOR,9,720002.175,720627.825,720784.725,625.649,782.549,0.350,0,smart_cloud,cassandra,156.900,rain+overtake
2022_Monaco_Grand_Prix|OCO|9|fast,2022_Monaco_Grand_Prix,OCO,9,720002.575,720012.431,720013.196,9.856,10.621,0.200,0,fast_local,redis_cache,0.765,rain+overtake
2022_Monaco_Grand_Prix|OCO|9|smart,2022_Monaco_Grand_Prix,OCO,9,720002.575,722196.825,722353.725,2194.249,2351.149,0.200,0,smart_cloud,cassandra,156.900,rain+overtake
2022_Monaco_Grand_Prix|PER|9|fast,2022_Monaco_Grand_Prix,PER,9,720002.774,720003.248,720004.013,0.474,1.239,0.400,0,fast_local,redis_cache,0.765,rain+overtake
2022_Monaco_Grand_Prix|PER|9|smart,2022_Monaco_Grand_Prix,PER,9,720002.774,720157.125,720314.025,154.350,311.250,0.400,0,smart_cloud,cassandra,156.900,rain+overtake
2022_Monaco_Grand_Prix|RIC|9|fast,2022_Monaco_Grand_Prix,RIC,9,720003.843,720004.013,720004.779,0.170,0.935,0.350,0,fast_local,redis_cache,0.765,rain+overtake
2022_Monaco_Grand_Prix|RIC|9|smart,2022_Monaco_Grand_Prix,RIC,9,720003.843,720784.725,720941.625,780.881,937.781,0.350,0,smart_cloud,cassandra,156.900,rain+overtake
2022_Monaco_Grand_Prix|RUS|9|fast,2022_Monaco_Grand_Prix,RUS,9,720004.041,720007.074,720007.840,3.033,3.798,0.250,0,fast_local,redis_cache,0.765,rain+overtake
2022_Monaco_Grand_Prix|RUS|9|smart,2022_Monaco_Grand_Prix,RUS,9,720004.041,721255.425,721412.325,1251.383,1408.283,0.250,0,smart_cloud,cassandra,156.900,rain+overtake
2022_Monaco_Grand_Prix|SAI|9|fast,2022_Monaco_Grand_Prix,SAI,9,720004.149,720004.779,720005.544,0.630,1.395,0.350,0,fast_local,redis_cache,0.765,rain+overtake
2022_Monaco_Grand_Prix|SAI|9|smart,2022_Monaco_Grand_Prix,SAI,9,720004.149,720941.625,721098.525,937.476,1094.376,0.350,0,smart_cloud,cassandra,156.900,rain+overtake
2022_Monaco_Grand_Prix|STR|9|fast,2022_Monaco_Grand_Prix,STR,9,720004.458,720013.196,720013.962,8.738,9.503,0.200,0,fast_local,redis_cache,0.765,rain+overtake
2022_Monaco_Grand_Prix|STR|9|smart,2022_Monaco_Grand_Prix,STR,9,720004.458,722353.725,722510.625,2349.266,2506.166,0.200,0,smart_cloud,cassandra,156.900,rain+overtake
2022_Monaco_Grand_Prix|TSU|9|fast,2022_Monaco_Grand_Prix,TSU,9,720004.580,720013.962,720014.727,9.382,10.147,0.200,0,fast_local,redis_cache,0.765,rain+overtake
2022_Monaco_Grand_Prix|TSU|9|smart,2022_Monaco_Grand_Prix,TSU,9,720004.580,722510.625,722667.525,2506.044,2662.944,0.200,0,smart_cloud,cassandra,156.900,rain+overtake
2022_Monaco_Grand_Prix|VER|9|fast,2022_Monaco_Grand_Prix,VER,9,720004.680,720007.840,720008.605,3.159,3.925,0.250,0,fast_local,redis_cache,0.765,rain+overtake
2022_Monaco_Grand_Prix|VER|9|smart,2022_Monaco_Grand_Prix,VER,9,720004.680,721412.325,721569.225,1407.644,1564.544,0.250,0,smart_cloud,cassandra,156.900,rain+overtake
2022_Monaco_Grand_Prix|VET|9|fast,2022_Monaco_Grand_Prix,VET,9,720004.764,720014.727,720015.492,9.962,10.728,0.200,0,fast_local,redis_cache,0.765,rain+overtake
2022_Monaco_Grand_Prix|VET|9|smart,2022_Monaco_Grand_Prix,VET,9,720004.764,722667.525,722824.425,2662.760,2819.660,0.200,0,smart_cloud,cassandra,156.900,rain+overtake
2022_Monaco_Grand_Prix|ZHO|9|fast,2022_Monaco_Grand_Prix,ZHO,9,720004.962,720005.544,720006.309,0.582,1.347,0.700,1,fast_local,redis_cache,0.765,rain+overtake
2022_Monaco_Grand_Prix|ALB|10|fast,2022_Monaco_Grand_Prix,ALB,10,810000.472,810000.472,810001.238,0.000,0.765,0.800,1,fast_local,redis_cache,0.765,caution+rain+overtake
2022_Monaco_Grand_Prix|ALO|10|fast,2022_Monaco_Grand_Prix,ALO,10,810000.614,810010.421,810011.186,9.807,10.572,0.500,1,fast_local,redis_cache,0.765,caution+rain+overtake
2022_Monaco_Grand_Prix|ALO|10|smart,2022_Monaco_Grand_Prix,ALO,10,810000.614,810000.614,810157.514,0.000,156.900,0.500,1,smart_cloud,cassandra,156.900,caution+rain+overtake
2022_Monaco_Grand_Prix|BOT|10|fast,2022_Monaco_Grand_Prix,BOT,10,810000.766,810001.238,810002.003,0.471,1.236,0.650,1,fast_local,redis_cache,0.765,caution+rain+overtake
2022_Monaco_Grand_Prix|GAS|10|fast,2022_Monaco_Grand_Prix,GAS,10,810000.896,810002.003,810002.768,1.106,1.872,0.650,1,fast_local,redis_cache,0.765,caution+rain+overtake
2022_Monaco_Grand_Prix|HAM|10|fast,2022_Monaco_Grand_Prix,HAM,10,810000.982,810011.186,810011.951,10.204,10.969,0.500,1,fast_local,redis_cache,0.765,caution+rain+overtake
2022_Monaco_Grand_Prix|HAM|10|smart,2022_Monaco_Grand_Prix,HAM,10,810000.982,810157.514,810314.414,156.532,313.432,0.500,1,smart_cloud,cassandra,156.900,caution+rain+overtake
2022_Monaco_Grand_Prix|LAT|10|fast,2022_Monaco_Grand_Prix,LAT,10,810001.205,810011.951,810012.716,10.746,11.511,0.500,1,fast_local,redis_cache,0.765,caution+rain+overtake
2022_Monaco_Grand_Prix|LAT|10|smart,2022_Monaco_Grand_Prix,LAT,10,810001.205,810314.414,810471.314,313.209,470.109,0.500,1,smart_cloud,cassandra,156.900,caution+rain+overtake
2022_Monaco_Grand_Prix|LEC|10|fast,2022_Monaco_Grand_Prix,LEC,10,810001.312,810012.716,810013.482,11.404,12.169,0.500,1,fast_local,redis_cache,0.765,caution+rain+overtake
2022_Monaco_Grand_Prix|LEC|10|smart,2022_Monaco_Grand_Prix,LEC,10,810001.312,810471.314,810628.214,470.001,626.901,0.500,1,smart_cloud,cassandra,156.900,caution+rain+overtake
2022_Monaco_Grand_Prix|MAG|10|fast,2022_Monaco_Grand_Prix,MAG,10,810001.580,810007.360,810008.125,5.780,6.545,0.550,1,fast_local,redis_cache,0.765,caution+rain+overtake
2022_Monaco_Grand_Prix|MSC|10|fast,2022_Monaco_Grand_Prix,MSC,10,810001.868,810002.768,810003.533,0.900,1.665,0.650,1,fast_local,redis_cache,0.765,caution+rain+overtake
2022_Monaco_Grand_Prix|NOR|10|fast,2022_Monaco_Grand_Prix,NOR,10,810002.594,810005.829,810006.594,3.235,4.000,0.650,1,fast_local,redis_cache,0.765,caution+rain+overtake
2022_Monaco_Grand_Prix|OCO|10|fast,2022_Monaco_Grand_Prix,OCO,10,810002.997,810013.482,810014.247,10.485,11.250,0.500,1,fast_local,redis_cache,0.765,caution+rain+overtake
2022_Monaco_Grand_Prix|OCO|10|smart,2022_Monaco_Grand_Prix,OCO,10,810002.997,810628.214,810785.114,625.217,782.117,0.500,1,smart_cloud,cassandra,156.900,caution+rain+overtake
2022_Monaco_Grand_Prix|PER|10|fast,2022_Monaco_Grand_Prix,PER,10,810003.308,810003.533,810004.299,0.225,0.990,0.700,1,fast_local,redis_cache,0.765,caution+rain+overtake
2022_Monaco_Grand_Prix|RIC|10|fast,2022_Monaco_Grand_Prix,RIC,10,810003.734,810004.299,810005.064,0.565,1.330,0.850,1,fast_local,redis_cache,0.765,caution+rain+overtake
2022_Monaco_Grand_Prix|RUS|10|fast,2022_Monaco_Grand_Prix,RUS,10,810003.743,810008.125,810008.890,4.382,5.147,0.550,1,fast_local,redis_cache,0.765,caution+rain+overtake
2022_Monaco_Grand_Prix|SAI|10|fast,2022_Monaco_Grand_Prix,SAI,10,810003.860,810006.594,810007.360,2.734,3.500,0.650,1,fast_local,redis_cache,0.765,caution+rain+overtake
2022_Monaco_Grand_Prix|STR|10|fast,2022_Monaco_Grand_Prix,STR,10,810004.156,810014.247,810015.012,10.091,10.857,0.500,1,fast_local,redis_cache,0.765,caution+rain+overtake
2022_Monaco_Grand_Prix|STR|10|smart,2022_Monaco_Grand_Prix,STR,10,810004.156,810785.114,810942.014,780.958,937.858,0.500,1,smart_cloud,cassandra,156.900,caution+rain+overtake
2022_Monaco_Grand_Prix|TSU|10|fast,2022_Monaco_Grand_Prix,TSU,10,810004.373,810008.890,810009.655,4.517,5.283,0.550,1,fast_local,redis_cache,0.765,caution+rain+overtake
2022_Monaco_Grand_Prix|VER|10|fast,2022_Monaco_Grand_Prix,VER,10,810004.454,810009.655,810010.421,5.201,5.967,0.550,1,fast_local,redis_cache,0.765,caution+rain+overtake
2022_Monaco_Grand_Prix|VET|10|fast,2022_Monaco_Grand_Prix,VET,10,810004.467,810015.012,810015.777,10.545,11.310,0.500,1,fast_local,redis_cache,0.765,caution+rain+overtake
2022_Monaco_Grand_Prix|VET|10|smart,2022_Monaco_Grand_Prix,VET,10,810004.467,810942.014,811098.914,937.547,1094.447,0.500,1,smart_cloud,cassandra,156.900,caution+rain+overtake
2022_Monaco_Grand_Prix|ZHO|10|fast,2022_Monaco_Grand_Prix,ZHO,10,810004.684,810005.064,810005.829,0.380,1.145,0.900,1,fast_local,redis_cache,0.765,caution+rain+overtake
2022_Monaco_Grand_Prix|ALB|11|fast,2022_Monaco_Grand_Prix,ALB,11,900000.070,900000.070,900000.835,0.000,0.765,0.850,1,fast_local,redis_cache,0.765,caution+rain+overtake
2022_Monaco_Grand_Prix|ALO|11|fast,2022_Monaco_Grand_Prix,ALO,11,900000.609,900000.835,900001.600,0.226,0.991,0.650,1,fast_local,redis_cache,0.765,caution+rain+overtake
2022_Monaco_Grand_Prix|BOT|11|fast,2022_Monaco_Grand_Prix,BOT,11,900000.619,900002.365,900003.131,1.747,2.512,0.650,1,fast_local,redis_cache,0.765,caution+rain+overtake
2022_Monaco_Grand_Prix|GAS|11|fast,2022_Monaco_Grand_Prix,GAS,11,900000.655,900003.896,900004.661,3.241,4.006,0.650,1,fast_local,redis_cache,0.765,caution+rain+overtake
2022_Monaco_Grand_Prix|HAM|11|fast,2022_Monaco_Grand_Prix,HAM,11,900000.659,900008.487,900009.253,7.828,8.594,0.550,1,fast_local,redis_cache,0.765,caution+rain+overtake
2022_Monaco_Grand_Prix|LAT|11|fast,2022_Monaco_Grand_Prix,LAT,11,900000.719,900013.844,900014.609,13.125,13.890,0.200,0,fast_local,redis_cache,0.765,caution+rain+overtake
2022_Monaco_Grand_Prix|LAT|11|smart,2022_Monaco_Grand_Prix,LAT,11,900000.719,900000.719,900157.619,0.000,156.900,0.200,0,smart_cloud,cassandra,156.900,caution+rain+overtake
2022_Monaco_Grand_Prix|LEC|11|fast,2022_Monaco_Grand_Prix,LEC,11,900000.999,900011.548,900012.314,10.550,11.315,0.500,1,fast_local,redis_cache,0.765,caution+rain+overtake
2022_Monaco_Grand_Prix|LEC|11|smart,2022_Monaco_Grand_Prix,LEC,11,900000.999,900157.619,900314.519,156.621,313.521,0.500,1,smart_cloud,cassandra,156.900,caution+rain+overtake
2022_Monaco_Grand_Prix|MAG|11|fast,2022_Monaco_Grand_Prix,MAG,11,900001.148,900009.253,900010.018,8.104,8.870,0.550,1,fast_local,redis_cache,0.765,caution+rain+overtake
2022_Monaco_Grand_Prix|MSC|11|fast,2022_Monaco_Grand_Prix,MSC,11,900001.552,900001.600,900002.365,0.049,0.814,1.000,1,fast_local,redis_cache,0.765,caution+rain+overtake
2022_Monaco_Grand_Prix|NOR|11|fast,2022_Monaco_Grand_Prix,NOR,11,900002.504,900004.661,900005.426,2.157,2.923,0.650,1,fast_local,redis_cache,0.765,caution+rain+overtake
2022_Monaco_Grand_Prix|OCO|11|fast,2022_Monaco_Grand_Prix,OCO,11,900002.532,900012.314,900013.079,9.782,10.547,0.500,1,fast_local,redis_cache,0.765,caution+rain+overtake
2022_Monaco_Grand_Prix|OCO|11|smart,2022_Monaco_Grand_Prix,OCO,11,900002.532,900314.519,900471.419,311.988,468.888,0.500,1,smart_cloud,cassandra,156.900,caution+rain+overtake
2022_Monaco_Grand_Prix|PER|11|fast,2022_Monaco_Grand_Prix,PER,11,900002.906,900003.131,900003.896,0.225,0.990,0.700,1,fast_local,redis_cache,0.765,caution+rain+overtake
2022_Monaco_Grand_Prix|RIC|11|fast,2022_Monaco_Grand_Prix,RIC,11,900003.388,900006.192,900006.957,2.803,3.569,0.650,1,fast_local,redis_cache,0.765,caution+rain+overtake
2022_Monaco_Grand_Prix|RUS|11|fast,2022_Monaco_Grand_Prix,RUS,11,900003.471,900010.018,900010.783,6.547,7.312,0.550,1,fast_local,redis_cache,0.765,caution+rain+overtake
2022_Monaco_Grand_Prix|SAI|11|fast,2022_Monaco_Grand_Prix,SAI,11,900003.577,900006.957,900007.722,3.380,4.145,0.650,1,fast_local,redis_cache,0.765,caution+rain+overtake
2022_Monaco_Grand_Prix|STR|11|fast,2022_Monaco_Grand_Prix,STR,11,900003.695,900014.609,900015.375,10.915,11.680,0.200,0,fast_local,redis_cache,0.765,caution+rain+overtake
2022_Monaco_Grand_Prix|STR|11|smart,2022_Monaco_Grand_Prix,STR,11,900003.695,900628.319,900785.219,624.625,781.525,0.200,0,smart_cloud,cassandra,156.900,caution+rain+overtake
2022_Monaco_Grand_Prix|TSU|11|fast,2022_Monaco_Grand_Prix,TSU,11,900003.887,900007.722,900008.487,3.835,4.600,0.650,1,fast_local,redis_cache,0.765,caution+rain+overtake
2022_Monaco_Grand_Prix|VER|11|fast,2022_Monaco_Grand_Prix,VER,11,900004.021,900010.783,900011.548,6.763,7.528,0.550,1,fast_local,redis_cache,0.765,caution+rain+overtake
2022_Monaco_Grand_Prix|VET|11|fast,2022_Monaco_Grand_Prix,VET,11,900004.638,900013.079,900013.844,8.441,9.206,0.500,1,fast_local,redis_cache,0.765,caution+rain+overtake
2022_Monaco_Grand_Prix|VET|11|smart,2022_Monaco_Grand_Prix,VET,11,900004.638,900471.419,900628.319,466.782,623.682,0.500,1,smart_cloud,cassandra,156.900,caution+rain+overtake
2022_Monaco_Grand_Prix|ZHO|11|fast,2022_Monaco_Grand_Prix,ZHO,11,900004.859,900005.426,900006.192,0.567,1.333,0.900,1,fast_local,redis_cache,0.765,caution+rain+overtake
2022_Monaco_Grand_Prix|ALB|12|fast,2022_Monaco_Grand_Prix,ALB,12,990000.089,990000.089,990000.854,0.000,0.765,0.550,1,fast_local,redis_cache,0.765,rain+overtake
2022_Monaco_Grand_Prix|ALO|12|fast,2022_Monaco_Grand_Prix,ALO,12,990000.124,990010.037,990010.803,9.913,10.678,0.200,0,fast_local,redis_cache,0.765,rain+overtake
2022_Monaco_Grand_Prix|ALO|12|smart,2022_Monaco_Grand_Prix,ALO,12,990000.124,990000.124,990157.024,0.000,156.900,0.200,0,smart_cloud,cassandra,156.900,rain+overtake
2022_Monaco_Grand_Prix|BOT|12|fast,2022_Monaco_Grand_Prix,BOT,12,990000.529,990000.854,990001.620,0.325,1.090,0.550,1,fast_local,redis_cache,0.765,rain+overtake
2022_Monaco_Grand_Prix|GAS|12|fast,2022_Monaco_Grand_Prix,GAS,12,990000.702,990001.620,990002.385,0.918,1.683,0.350,0,fast_local,redis_cache,0.765,rain+overtake
2022_Monaco_Grand_Prix|GAS|12|smart,2022_Monaco_Grand_Prix,GAS,12,990000.702,990470.824,990627.724,470.123,627.023,0.350,0,smart_cloud,cassandra,156.900,rain+overtake
2022_Monaco_Grand_Prix|HAM|12|fast,2022_Monaco_Grand_Prix,HAM,12,990001.432,990010.803,990011.568,9.370,10.136,0.200,0,fast_local,redis_cache,0.765,rain+overtake
2022_Monaco_Grand_Prix|HAM|12|smart,2022_Monaco_Grand_Prix,HAM,12,990001.432,991412.224,991569.124,1410.792,1567.692,0.200,0,smart_cloud,cassandra,156.900,rain+overtake
2022_Monaco_Grand_Prix|LAT|12|fast,2022_Monaco_Grand_Prix,LAT,12,990001.505,990011.568,990012.333,10.063,10.828,0.200,0,fast_local,redis_cache,0.765,rain+overtake
2022_Monaco_Grand_Prix|LAT|12|smart,2022_Monaco_Grand_Prix,LAT,12,990001.505,991569.124,991726.024,1567.620,1724.520,0.200,0,smart_cloud,cassandra,156.900,rain+overtake
2022_Monaco_Grand_Prix|LEC|12|fast,2022_Monaco_Grand_Prix,LEC,12,990001.988,990012.333,990013.098,10.345,11.111,0.200,0,fast_local,redis_cache,0.765,rain+overtake
2022_Monaco_Grand_Prix|LEC|12|smart,2022_Monaco_Grand_Prix,LEC,12,990001.988,991726.024,991882.924,1724.036,1880.936,0.200,0,smart_cloud,cassandra,156.900,rain+overtake
2022_Monaco_Grand_Prix|MAG|12|fast,2022_Monaco_Grand_Prix,MAG,12,990002.096,990006.211,990006.976,4.116,4.881,0.350,0,fast_local,redis_cache,0.765,rain+overtake
2022_Monaco_Grand_Prix|MAG|12|smart,2022_Monaco_Grand_Prix,MAG,12,990002.096,990627.724,990784.624,625.629,782.529,0.350,0,smart_cloud,cassandra,156.900,rain+overtake
2022_Monaco_Grand_Prix|MSC|12|fast,2022_Monaco_Grand_Prix,MSC,12,990002.337,990002.385,990003.150,0.048,0.813,0.700,1,fast_local,redis_cache,0.765,rain+overtake
2022_Monaco_Grand_Prix|NOR|12|fast,2022_Monaco_Grand_Prix,NOR,12,990002.443,990013.098,990013.864,10.656,11.421,0.200,0,fast_local,redis_cache,0.765,rain+overtake
2022_Monaco_Grand_Prix|NOR|12|smart,2022_Monaco_Grand_Prix,NOR,12,990002.443,991882.924,992039.824,1880.481,2037.381,0.200,0,smart_cloud,cassandra,156.900,rain+overtake
2022_Monaco_Grand_Prix|OCO|12|fast,2022_Monaco_Grand_Prix,OCO,12,990002.776,990013.864,990014.629,11.088,11.853,0.200,0,fast_local,redis_cache,0.765,rain+overtake
2022_Monaco_Grand_Prix|OCO|12|smart,2022_Monaco_Grand_Prix,OCO,12,990002.776,992039.824,992196.724,2037.048,2193.948,0.200,0,smart_cloud,cassandra,156.900,rain+overtake
2022_Monaco_Grand_Prix|PER|12|fast,2022_Monaco_Grand_Prix,PER,12,990002.980,990003.150,990003.915,0.170,0.935,0.400,0,fast_local,redis_cache,0.765,rain+overtake
2022_Monaco_Grand_Prix|PER|12|smart,2022_Monaco_Grand_Prix,PER,12,990002.980,990313.924,990470.824,310.944,467.844,0.400,0,smart_cloud,cassandra,156.900,rain+overtake
2022_Monaco_Grand_Prix|RIC|12|fast,2022_Monaco_Grand_Prix,RIC,12,990003.170,990003.915,990004.681,0.746,1.511,0.550,1,fast_local,redis_cache,0.765,rain+overtake
2022_Monaco_Grand_Prix|RUS|12|fast,2022_Monaco_Grand_Prix,RUS,12,990003.314,990014.629,990015.394,11.315,12.080,0.200,0,fast_local,redis_cache,0.765,rain+overtake
2022_Monaco_Grand_Prix|RUS|12|smart,2022_Monaco_Grand_Prix,RUS,12,990003.314,992196.724,992353.624,2193.410,2350.310,0.200,0,smart_cloud,cassandra,156.900,rain+overtake
2022_Monaco_Grand_Prix|SAI|12|fast,2022_Monaco_Grand_Prix,SAI,12,990003.924,990006.976,990007.742,3.053,3.818,0.350,0,fast_local,redis_cache,0.765,rain+overtake
2022_Monaco_Grand_Prix|SAI|12|smart,2022_Monaco_Grand_Prix,SAI,12,990003.924,990784.624,990941.524,780.700,937.600,0.350,0,smart_cloud,cassandra,156.900,rain+overtake
2022_Monaco_Grand_Prix|STR|12|fast,2022_Monaco_Grand_Prix,STR,12,990004.022,990008.507,990009.272,4.485,5.250,0.250,0,fast_local,redis_cache,0.765,rain+overtake
2022_Monaco_Grand_Prix|STR|12|smart,2022_Monaco_Grand_Prix,STR,12,990004.022,991098.424,991255.324,1094.402,1251.302,0.250,0,smart_cloud,cassandra,156.900,rain+overtake
2022_Monaco_Grand_Prix|TSU|12|fast,2022_Monaco_Grand_Prix,TSU,12,990004.624,990004.681,990005.446,0.057,0.822,0.500,1,fast_local,redis_cache,0.765,rain+overtake
2022_Monaco_Grand_Prix|TSU|12|smart,2022_Monaco_Grand_Prix,TSU,12,990004.624,990157.024,990313.924,152.400,309.300,0.500,1,smart_cloud,cassandra,156.900,rain+overtake
2022_Monaco_Grand_Prix|VER|12|fast,2022_Monaco_Grand_Prix,VER,12,990004.665,990009.272,990010.037,4.607,5.372,0.250,0,fast_local,redis_cache,0.765,rain+overtake
2022_Monaco_Grand_Prix|VER|12|smart,2022_Monaco_Grand_Prix,VER,12,990004.665,991255.324,991412.224,1250.659,1407.559,0.250,0,smart_cloud,cassandra,156.900,rain+overtake
2022_Monaco_Grand_Prix|VET|12|fast,2022_Monaco_Grand_Prix,VET,12,990004.778,990007.742,990008.507,2.964,3.729,0.350,0,fast_local,redis_cache,0.765,rain+overtake
2022_Monaco_Grand_Prix|VET|12|smart,2022_Monaco_Grand_Prix,VET,12,990004.778,990941.524,991098.424,936.746,1093.646,0.350,0,smart_cloud,cassandra,156.900,rain+overtake
2022_Monaco_Grand_Prix|ZHO|12|fast,2022_Monaco_Grand_Prix,ZHO,12,990004.831,990005.446,990006.211,0.615,1.380,0.550,1,fast_local,redis_cache,0.765,rain+overtake
2022_Monaco_Grand_Prix|ALB|13|fast,2022_Monaco_Grand_Prix,ALB,13,1080000.333,1080000.333,1080001.098,0.000,0.765,0.550,1,fast_local,redis_cache,0.765,rain+overtake
2022_Monaco_Grand_Prix|ALO|13|fast,2022_Monaco_Grand_Prix,ALO,13,1080000.526,1080009.516,1080010.281,8.989,9.755,0.200,0,fast_local,redis_cache,0.765,rain+overtake
2022_Monaco_Grand_Prix|ALO|13|smart,2022_Monaco_Grand_Prix,ALO,13,1080000.526,1080000.526,1080157.426,0.000,156.900,0.200,0,smart_cloud,cassandra,156.900,rain+overtake
2022_Monaco_Grand_Prix|BOT|13|fast,2022_Monaco_Grand_Prix,BOT,13,1080000.546,1080001.098,1080001.863,0.552,1.318,0.550,1,fast_local,redis_cache,0.765,rain+overtake
2022_Monaco_Grand_Prix|GAS|13|fast,2022_Monaco_Grand_Prix,GAS,13,1080001.163,1080001.863,1080002.629,0.700,1.465,0.350,0,fast_local,redis_cache,0.765,rain+overtake
2022_Monaco_Grand_Prix|GAS|13|smart,2022_Monaco_Grand_Prix,GAS,13,1080001.163,1080157.426,1080314.326,156.263,313.163,0.350,0,smart_cloud,cassandra,156.900,rain+overtake
2022_Monaco_Grand_Prix|HAM|13|fast,2022_Monaco_Grand_Prix,HAM,13,1080001.183,1080010.281,1080011.046,9.098,9.863,0.200,0,fast_local,redis_cache,0.765,rain+overtake
2022_Monaco_Grand_Prix|HAM|13|smart,2022_Monaco_Grand_Prix,HAM,13,1080001.183,1081098.826,1081255.726,1097.643,1254.543,0.200,0,smart_cloud,cassandra,156.900,rain+overtake
2022_Monaco_Grand_Prix|LAT|13|fast,2022_Monaco_Grand_Prix,LAT,13,1080001.239,1080011.046,1080011.812,9.807,10.572,0.200,0,fast_local,redis_cache,0.765,rain+overtake
2022_Monaco_Grand_Prix|LAT|13|smart,2022_Monaco_Grand_Prix,LAT,13,1080001.239,1081255.726,1081412.626,1254.487,1411.387,0.200,0,smart_cloud,cassandra,156.900,rain+overtake
2022_Monaco_Grand_Prix|LEC|13|fast,2022_Monaco_Grand_Prix,LEC,13,1080001.871,1080011.812,1080012.577,9.941,10.706,0.200,0,fast_local,redis_cache,0.765,rain+overtake
2022_Monaco_Grand_Prix|LEC|13|smart,2022_Monaco_Grand_Prix,LEC,13,1080001.871,1081412.626,1081569.526,1410.755,1567.655,0.200,0,smart_cloud,cassandra,156.900,rain+overtake
2022_Monaco_Grand_Prix|MAG|13|fast,2022_Monaco_Grand_Prix,MAG,13,1080002.063,1080002.629,1080003.394,0.566,1.331,0.700,1,fast_local,redis_cache,0.765,rain+overtake
2022_Monaco_Grand_Prix|MSC|13|fast,2022_Monaco_Grand_Prix,MSC,13,1080002.129,1080003.394,1080004.159,1.264,2.030,0.700,1,fast_local,redis_cache,0.765,rain+overtake
2022_Monaco_Grand_Prix|NOR|13|fast,2022_Monaco_Grand_Prix,NOR,13,1080002.269,1080012.577,1080013.342,10.307,11.073,0.200,0,fast_local,redis_cache,0.765,rain+overtake
2022_Monaco_Grand_Prix|NOR|13|smart,2022_Monaco_Grand_Prix,NOR,13,1080002.269,1081569.526,1081726.426,1567.257,1724.157,0.200,0,smart_cloud,cassandra,156.900,rain+overtake
2022_Monaco_Grand_Prix|OCO|13|fast,2022_Monaco_Grand_Prix,OCO,13,1080002.654,1080013.342,1080014.107,10.688,11.453,0.200,0,fast_local,redis_cache,0.765,rain+overtake
2022_Monaco_Grand_Prix|OCO|13|smart,2022_Monaco_Grand_Prix,OCO,13,1080002.654,1081726.426,1081883.326,1723.773,1880.673,0.200,0,smart_cloud,cassandra,156.900,rain+overtake
2022_Monaco_Grand_Prix|PER|13|fast,2022_Monaco_Grand_Prix,PER,13,1080003.016,1080005.690,1080006.455,2.674,3.439,0.350,0,fast_local,redis_cache,0.765,rain+overtake
2022_Monaco_Grand_Prix|PER|13|smart,2022_Monaco_Grand_Prix,PER,13,1080003.016,1080314.326,1080471.226,311.311,468.211,0.350,0,smart_cloud,cassandra,156.900,rain+overtake
2022_Monaco_Grand_Prix|RIC|13|fast,2022_Monaco_Grand_Prix,RIC,13,1080003.030,1080006.455,1080007.220,3.425,4.190,0.350,0,fast_local,redis_cache,0.765,rain+overtake
2022_Monaco_Grand_Prix|RIC|13|smart,2022_Monaco_Grand_Prix,RIC,13,1080003.030,1080471.226,1080628.126,468.196,625.096,0.350,0,smart_cloud,cassandra,156.900,rain+overtake
2022_Monaco_Grand_Prix|RUS|13|fast,2022_Monaco_Grand_Prix,RUS,13,1080003.260,1080014.107,1080014.873,10.848,11.613,0.200,0,fast_local,redis_cache,0.765,rain+overtake
2022_Monaco_Grand_Prix|RUS|13|smart,2022_Monaco_Grand_Prix,RUS,13,1080003.260,1081883.326,1082040.226,1880.067,2036.967,0.200,0,smart_cloud,cassandra,156.900,rain+overtake
2022_Monaco_Grand_Prix|SAI|13|fast,2022_Monaco_Grand_Prix,SAI,13,1080003.730,1080014.873,1080015.638,11.142,11.908,0.200,0,fast_local,redis_cache,0.765,rain+overtake
2022_Monaco_Grand_Prix|SAI|13|smart,2022_Monaco_Grand_Prix,SAI,13,1080003.730,1082040.226,1082197.126,2036.496,2193.396,0.200,0,smart_cloud,cassandra,156.900,rain+overtake
2022_Monaco_Grand_Prix|STR|13|fast,2022_Monaco_Grand_Prix,STR,13,1080003.984,1080007.220,1080007.985,3.236,4.001,0.350,0,fast_local,redis_cache,0.765,rain+overtake
2022_Monaco_Grand_Prix|STR|13|smart,2022_Monaco_Grand_Prix,STR,13,1080003.984,1080628.126,1080785.026,624.142,781.042,0.350,0,smart_cloud,cassandra,156.900,rain+overtake
2022_Monaco_Grand_Prix|TSU|13|fast,2022_Monaco_Grand_Prix,TSU,13,1080004.083,1080004.159,1080004.924,0.076,0.841,0.700,1,fast_local,redis_cache,0.765,rain+overtake
2022_Monaco_Grand_Prix|VER|13|fast,2022_Monaco_Grand_Prix,VER,13,1080004.147,1080008.751,1080009.516,4.603,5.369,0.250,0,fast_local,redis_cache,0.765,rain+overtake
2022_Monaco_Grand_Prix|VER|13|smart,2022_Monaco_Grand_Prix,VER,13,1080004.147,1080941.926,1081098.826,937.779,1094.679,0.250,0,smart_cloud,cassandra,156.900,rain+overtake
2022_Monaco_Grand_Prix|VET|13|fast,2022_Monaco_Grand_Prix,VET,13,1080004.337,1080007.985,1080008.751,3.648,4.413,0.350,0,fast_local,redis_cache,0.765,rain+overtake
2022_Monaco_Grand_Prix|VET|13|smart,2022_Monaco_Grand_Prix,VET,13,1080004.337,1080785.026,1080941.926,780.689,937.589,0.350,0,smart_cloud,cassandra,156.900,rain+overtake
2022_Monaco_Grand_Prix|ZHO|13|fast,2022_Monaco_Grand_Prix,ZHO,13,1080004.339,1080004.924,1080005.690,0.586,1.351,0.600,1,fast_local,redis_cache,0.765,rain+overtake
2022_Monaco_Grand_Prix|ALB|14|fast,2022_Monaco_Grand_Prix,ALB,14,1170000.106,1170000.106,1170000.871,0.000,0.765,0.550,1,fast_local,redis_cache,0.765,rain+overtake
2022_Monaco_Grand_Prix|ALO|14|fast,2022_Monaco_Grand_Prix,ALO,14,1170000.267,1170007.758,1170008.524,7.491,8.257,0.200,0,fast_local,redis_cache,0.765,rain+overtake
2022_Monaco_Grand_Prix|ALO|14|smart,2022_Monaco_Grand_Prix,ALO,14,1170000.267,1170000.267,1170157.167,0.000,156.900,0.200,0,smart_cloud,cassandra,156.900,rain+overtake
2022_Monaco_Grand_Prix|BOT|14|fast,2022_Monaco_Grand_Prix,BOT,14,1170000.277,1170002.401,1170003.167,2.125,2.890,0.550,1,fast_local,redis_cache,0.765,rain+overtake
2022_Monaco_Grand_Prix|GAS|14|fast,2022_Monaco_Grand_Prix,GAS,14,1170000.577,1170005.462,1170006.228,4.885,5.650,0.350,0,fast_local,redis_cache,0.765,rain+overtake
2022_Monaco_Grand_Prix|GAS|14|smart,2022_Monaco_Grand_Prix,GAS,14,1170000.577,1170157.167,1170314.067,156.589,313.489,0.350,0,smart_cloud,cassandra,156.900,rain+overtake
2022_Monaco_Grand_Prix|HAM|14|fast,2022_Monaco_Grand_Prix,HAM,14,1170000.719,1170008.524,1170009.289,7.804,8.569,0.200,0,fast_local,redis_cache,0.765,rain+overtake
2022_Monaco_Grand_Prix|HAM|14|smart,2022_Monaco_Grand_Prix,HAM,14,1170000.719,1170627.867,1170784.767,627.148,784.048,0.200,0,smart_cloud,cassandra,156.900,rain+overtake
2022_Monaco_Grand_Prix|LAT|14|fast,2022_Monaco_Grand_Prix,LAT,14,1170000.731,1170009.289,1170010.054,8.558,9.323,0.200,0,fast_local,redis_cache,0.765,rain+overtake
2022_Monaco_Grand_Prix|LAT|14|smart,2022_Monaco_Grand_Prix,LAT,14,1170000.731,1170784.767,1170941.667,784.036,940.936,0.200,0,smart_cloud,cassandra,156.900,rain+overtake
2022_Monaco_Grand_Prix|LEC|14|fast,2022_Monaco_Grand_Prix,LEC,14,1170000.768,1170010.054,1170010.819,9.286,10.051,0.200,0,fast_local,redis_cache,0.765,rain+overtake
2022_Monaco_Grand_Prix|LEC|14|smart,2022_Monaco_Grand_Prix,LEC,14,1170000.768,1170941.667,1171098.567,940.899,1097.799,0.200,0,smart_cloud,cassandra,156.900,rain+overtake
2022_Monaco_Grand_Prix|MAG|14|fast,2022_Monaco_Grand_Prix,MAG,14,1170000.828,1170000.871,1170001.636,0.043,0.809,0.700,1,fast_local,redis_cache,0.765,rain+overtake
2022_Monaco_Grand_Prix|MSC|14|fast,2022_Monaco_Grand_Prix,MSC,14,1170000.873,1170001.636,1170002.401,0.763,1.528,0.700,1,fast_local,redis_cache,0.765,rain+overtake
2022_Monaco_Grand_Prix|NOR|14|fast,2022_Monaco_Grand_Prix,NOR,14,1170001.424,1170010.819,1170011.585,9.396,10.161,0.200,0,fast_local,redis_cache,0.765,rain+overtake
2022_Monaco_Grand_Prix|NOR|14|smart,2022_Monaco_Grand_Prix,NOR,14,1170001.424,1171098.567,1171255.467,1097.143,1254.043,0.200,0,smart_cloud,cassandra,156.900,rain+overtake
2022_Monaco_Grand_Prix|OCO|14|fast,2022_Monaco_Grand_Prix,OCO,14,1170001.552,1170011.585,1170012.350,10.033,10.798,0.200,0,fast_local,redis_cache,0.765,rain+overtake
2022_Monaco_Grand_Prix|OCO|14|smart,2022_Monaco_Grand_Prix,OCO,14,1170001.552,1171255.467,1171412.367,1253.915,1410.815,0.200,0,smart_cloud,cassandra,156.900,rain+overtake
2022_Monaco_Grand_Prix|PER|14|fast,2022_Monaco_Grand_Prix,PER,14,1170001.590,1170012.350,1170013.115,10.760,11.525,0.200,0,fast_local,redis_cache,0.765,rain+overtake
2022_Monaco_Grand_Prix|PER|14|smart,2022_Monaco_Grand_Prix,PER,14,1170001.590,1171412.367,1171569.267,1410.777,1567.677,0.200,0,smart_cloud,cassandra,156.900,rain+overtake
2022_Monaco_Grand_Prix|RIC|14|fast,2022_Monaco_Grand_Prix,RIC,14,1170001.968,1170003.167,1170003.932,1.199,1.964,0.550,1,fast_local,redis_cache,0.765,rain+overtake
2022_Monaco_Grand_Prix|RUS|14|fast,2022_Monaco_Grand_Prix,RUS,14,1170002.523,1170013.115,1170013.880,10.592,11.358,0.200,0,fast_local,redis_cache,0.765,rain+overtake
2022_Monaco_Grand_Prix|RUS|14|smart,2022_Monaco_Grand_Prix,RUS,14,1170002.523,1171569.267,1171726.167,1566.744,1723.644,0.200,0,smart_cloud,cassandra,156.900,rain+overtake
2022_Monaco_Grand_Prix|SAI|14|fast,2022_Monaco_Grand_Prix,SAI,14,1170002.956,1170013.880,1170014.646,10.925,11.690,0.200,0,fast_local,redis_cache,0.765,rain+overtake
2022_Monaco_Grand_Prix|SAI|14|smart,2022_Monaco_Grand_Prix,SAI,14,1170002.956,1171726.167,1171883.067,1723.211,1880.111,0.200,0,smart_cloud,cassandra,156.900,rain+overtake
2022_Monaco_Grand_Prix|STR|14|fast,2022_Monaco_Grand_Prix,STR,14,1170002.972,1170006.228,1170006.993,3.256,4.021,0.350,0,fast_local,redis_cache,0.765,rain+overtake
2022_Monaco_Grand_Prix|STR|14|smart,2022_Monaco_Grand_Prix,STR,14,1170002.972,1170314.067,1170470.967,311.095,467.995,0.350,0,smart_cloud,cassandra,156.900,rain+overtake
2022_Monaco_Grand_Prix|TSU|14|fast,2022_Monaco_Grand_Prix,TSU,14,1170003.404,1170003.932,1170004.697,0.528,1.294,0.700,1,fast_local,redis_cache,0.765,rain+overtake
2022_Monaco_Grand_Prix|VER|14|fast,2022_Monaco_Grand_Prix,VER,14,1170004.123,1170014.646,1170015.411,10.522,11.287,0.200,0,fast_local,redis_cache,0.765,rain+overtake
2022_Monaco_Grand_Prix|VER|14|smart,2022_Monaco_Grand_Prix,VER,14,1170004.123,1171883.067,1172039.967,1878.944,2035.844,0.200,0,smart_cloud,cassandra,156.900,rain+overtake
2022_Monaco_Grand_Prix|VET|14|fast,2022_Monaco_Grand_Prix,VET,14,1170004.375,1170006.993,1170007.758,2.618,3.383,0.350,0,fast_local,redis_cache,0.765,rain+overtake
2022_Monaco_Grand_Prix|VET|14|smart,2022_Monaco_Grand_Prix,VET,14,1170004.375,1170470.967,1170627.867,466.592,623.492,0.350,0,smart_cloud,cassandra,156.900,rain+overtake
2022_Monaco_Grand_Prix|ZHO|14|fast,2022_Monaco_Grand_Prix,ZHO,14,1170004.605,1170004.697,1170005.462,0.092,0.858,0.700,1,fast_local,redis_cache,0.765,rain+overtake
2022_Monaco_Grand_Prix|ALB|15|fast,2022_Monaco_Grand_Prix,ALB,15,1260000.217,1260000.217,1260000.983,0.000,0.765,0.600,1,fast_local,redis_cache,0.765,rain+overtake
2022_Monaco_Grand_Prix|ALO|15|fast,2022_Monaco_Grand_Prix,ALO,15,1260000.246,1260007.870,1260008.635,7.624,8.389,0.200,0,fast_local,redis_cache,0.765,rain+overtake
2022_Monaco_Grand_Prix|ALO|15|smart,2022_Monaco_Grand_Prix,ALO,15,1260000.246,1260000.246,1260157.146,0.000,156.900,0.200,0,smart_cloud,cassandra,156.900,rain+overtake
2022_Monaco_Grand_Prix|BOT|15|fast,2022_Monaco_Grand_Prix,BOT,15,1260000.260,1260000.983,1260001.748,0.723,1.488,0.550,1,fast_local,redis_cache,0.765,rain+overtake
2022_Monaco_Grand_Prix|GAS|15|fast,2022_Monaco_Grand_Prix,GAS,15,1260000.496,1260003.278,1260004.044,2.783,3.548,0.350,0,fast_local,redis_cache,0.765,rain+overtake
2022_Monaco_Grand_Prix|GAS|15|smart,2022_Monaco_Grand_Prix,GAS,15,1260000.496,1260314.046,1260470.946,313.551,470.451,0.350,0,smart_cloud,cassandra,156.900,rain+overtake
2022_Monaco_Grand_Prix|HAM|15|fast,2022_Monaco_Grand_Prix,HAM,15,1260000.508,1260008.635,1260009.400,8.127,8.892,0.200,0,fast_local,redis_cache,0.765,rain+overtake
2022_Monaco_Grand_Prix|HAM|15|smart,2022_Monaco_Grand_Prix,HAM,15,1260000.508,1260627.846,1260784.746,627.338,784.238,0.200,0,smart_cloud,cassandra,156.900,rain+overtake
2022_Monaco_Grand_Prix|LAT|15|fast,2022_Monaco_Grand_Prix,LAT,15,1260000.907,1260009.400,1260010.166,8.493,9.258,0.200,0,fast_local,redis_cache,0.765,rain+overtake
2022_Monaco_Grand_Prix|LAT|15|smart,2022_Monaco_Grand_Prix,LAT,15,1260000.907,1260784.746,1260941.646,783.839,940.739,0.200,0,smart_cloud,cassandra,156.900,rain+overtake
2022_Monaco_Grand_Prix|LEC|15|fast,2022_Monaco_Grand_Prix,LEC,15,1260001.184,1260010.166,1260010.931,8.982,9.747,0.200,0,fast_local,redis_cache,0.765,rain+overtake
2022_Monaco_Grand_Prix|LEC|15|smart,2022_Monaco_Grand_Prix,LEC,15,1260001.184,1260941.646,1261098.546,940.463,1097.363,0.200,0,smart_cloud,cassandra,156.900,rain+overtake
2022_Monaco_Grand_Prix|MAG|15|fast,2022_Monaco_Grand_Prix,MAG,15,1260001.247,1260001.748,1260002.513,0.501,1.266,0.700,1,fast_local,redis_cache,0.765,rain+overtake
2022_Monaco_Grand_Prix|MSC|15|fast,2022_Monaco_Grand_Prix,MSC,15,1260001.868,1260002.513,1260003.278,0.645,1.410,0.700,1,fast_local,redis_cache,0.765,rain+overtake
2022_Monaco_Grand_Prix|NOR|15|fast,2022_Monaco_Grand_Prix,NOR,15,1260002.081,1260010.931,1260011.696,8.850,9.615,0.200,0,fast_local,redis_cache,0.765,rain+overtake
2022_Monaco_Grand_Prix|NOR|15|smart,2022_Monaco_Grand_Prix,NOR,15,1260002.081,1261098.546,1261255.446,1096.465,1253.365,0.200,0,smart_cloud,cassandra,156.900,rain+overtake
2022_Monaco_Grand_Prix|OCO|15|fast,2022_Monaco_Grand_Prix,OCO,15,1260002.619,1260011.696,1260012.461,9.077,9.843,0.200,0,fast_local,redis_cache,0.765,rain+overtake
2022_Monaco_Grand_Prix|OCO|15|smart,2022_Monaco_Grand_Prix,OCO,15,1260002.619,1261255.446,1261412.346,1252.828,1409.728,0.200,0,smart_cloud,cassandra,156.900,rain+overtake
2022_Monaco_Grand_Prix|PER|15|fast,2022_Monaco_Grand_Prix,PER,15,1260002.856,1260012.461,1260013.227,9.605,10.370,0.200,0,fast_local,redis_cache,0.765,rain+overtake
2022_Monaco_Grand_Prix|PER|15|smart,2022_Monaco_Grand_Prix,PER,15,1260002.856,1261412.346,1261569.246,1409.490,1566.390,0.200,0,smart_cloud,cassandra,156.900,rain+overtake
2022_Monaco_Grand_Prix|RIC|15|fast,2022_Monaco_Grand_Prix,RIC,15,1260003.897,1260004.044,1260004.809,0.146,0.911,0.550,1,fast_local,redis_cache,0.765,rain+overtake
2022_Monaco_Grand_Prix|RUS|15|fast,2022_Monaco_Grand_Prix,RUS,15,1260004.010,1260013.227,1260013.992,9.217,9.982,0.200,0,fast_local,redis_cache,0.765,rain+overtake
2022_Monaco_Grand_Prix|RUS|15|smart,2022_Monaco_Grand_Prix,RUS,15,1260004.010,1261569.246,1261726.146,1565.236,1722.136,0.200,0,smart_cloud,cassandra,156.900,rain+overtake
2022_Monaco_Grand_Prix|SAI|15|fast,2022_Monaco_Grand_Prix,SAI,15,1260004.167,1260013.992,1260014.757,9.825,10.590,0.200,0,fast_local,redis_cache,0.765,rain+overtake
2022_Monaco_Grand_Prix|SAI|15|smart,2022_Monaco_Grand_Prix,SAI,15,1260004.167,1261726.146,1261883.046,1721.979,1878.879,0.200,0,smart_cloud,cassandra,156.900,rain+overtake
2022_Monaco_Grand_Prix|STR|15|fast,2022_Monaco_Grand_Prix,STR,15,1260004.218,1260007.105,1260007.870,2.887,3.652,0.350,0,fast_local,redis_cache,0.765,rain+overtake
2022_Monaco_Grand_Prix|STR|15|smart,2022_Monaco_Grand_Prix,STR,15,1260004.218,1260470.946,1260627.846,466.728,623.628,0.350,0,smart_cloud,cassandra,156.900,rain+overtake
2022_Monaco_Grand_Prix|TSU|15|fast,2022_Monaco_Grand_Prix,TSU,15,1260004.256,1260004.809,1260005.574,0.553,1.318,0.700,1,fast_local,redis_cache,0.765,rain+overtake
2022_Monaco_Grand_Prix|VER|15|fast,2022_Monaco_Grand_Prix,VER,15,1260004.513,1260014.757,1260015.522,10.244,11.009,0.200,0,fast_local,redis_cache,0.765,rain+overtake
2022_Monaco_Grand_Prix|VER|15|smart,2022_Monaco_Grand_Prix,VER,15,1260004.513,1261883.046,1262039.946,1878.533,2035.433,0.200,0,smart_cloud,cassandra,156.900,rain+overtake
2022_Monaco_Grand_Prix|VET|15|fast,2022_Monaco_Grand_Prix,VET,15,1260004.624,1260006.339,1260007.105,1.715,2.480,0.500,1,fast_local,redis_cache,0.765,rain+overtake
2022_Monaco_Grand_Prix|VET|15|smart,2022_Monaco_Grand_Prix,VET,15,1260004.624,1260157.146,1260314.046,152.522,309.422,0.500,1,smart_cloud,cassandra,156.900,rain+overtake
2022_Monaco_Grand_Prix|ZHO|15|fast,2022_Monaco_Grand_Prix,ZHO,15,1260004.898,1260005.574,1260006.339,0.676,1.442,0.700,1,fast_local,redis_cache,0.765,rain+overtake
2022_Monaco_Grand_Prix|ALB|16|fast,2022_Monaco_Grand_Prix,ALB,16,1350000.673,1350000.673,1350001.438,0.000,0.765,0.400,0,fast_local,redis_cache,0.765,rain+overtake
2022_Monaco_Grand_Prix|ALB|16|smart,2022_Monaco_Grand_Prix,ALB,16,1350000.673,1350000.673,1350157.573,0.000,156.900,0.400,0,smart_cloud,cassandra,156.900,rain+overtake
2022_Monaco_Grand_Prix|ALO|16|fast,2022_Monaco_Grand_Prix,ALO,16,1350000.699,1350008.325,1350009.091,7.626,8.392,0.200,0,fast_local,redis_cache,0.765,rain+overtake
2022_Monaco_Grand_Prix|ALO|16|smart,2022_Monaco_Grand_Prix,ALO,16,1350000.699,1351255.873,1351412.773,1255.174,1412.074,0.200,0,smart_cloud,cassandra,156.900,rain+overtake
2022_Monaco_Grand_Prix|BOT|16|fast,2022_Monaco_Grand_Prix,BOT,16,1350001.163,1350001.438,1350002.203,0.275,1.040,0.550,1,fast_local,redis_cache,0.765,rain+overtake
2022_Monaco_Grand_Prix|GAS|16|fast,2022_Monaco_Grand_Prix,GAS,16,1350001.332,1350005.264,1350006.030,3.932,4.697,0.350,0,fast_local,redis_cache,0.765,rain+overtake
2022_Monaco_Grand_Prix|GAS|16|smart,2022_Monaco_Grand_Prix,GAS,16,1350001.332,1350628.273,1350785.173,626.940,783.840,0.350,0,smart_cloud,cassandra,156.900,rain+overtake
2022_Monaco_Grand_Prix|HAM|16|fast,2022_Monaco_Grand_Prix,HAM,16,1350001.484,1350009.091,1350009.856,7.606,8.371,0.200,0,fast_local,redis_cache,0.765,rain+overtake
2022_Monaco_Grand_Prix|HAM|16|smart,2022_Monaco_Grand_Prix,HAM,16,1350001.484,1351412.773,1351569.673,1411.288,1568.188,0.200,0,smart_cloud,cassandra,156.900,rain+overtake
2022_Monaco_Grand_Prix|LAT|16|fast,2022_Monaco_Grand_Prix,LAT,16,1350001.637,1350015.213,1350015.978,13.575,14.340,0.000,0,fast_local,redis_cache,0.765,rain+overtake
2022_Monaco_Grand_Prix|LAT|16|smart,2022_Monaco_Grand_Prix,LAT,16,1350001.637,1352667.973,1352824.873,2666.335,2823.235,0.000,0,smart_cloud,cassandra,156.900,rain+overtake
2022_Monaco_Grand_Prix|LEC|16|fast,2022_Monaco_Grand_Prix,LEC,16,1350001.832,1350009.856,1350010.621,8.024,8.789,0.200,0,fast_local,redis_cache,0.765,rain+overtake
2022_Monaco_Grand_Prix|LEC|16|smart,2022_Monaco_Grand_Prix,LEC,16,1350001.832,1351569.673,1351726.573,1567.841,1724.741,0.200,0,smart_cloud,cassandra,156.900,rain+overtake
2022_Monaco_Grand_Prix|MAG|16|fast,2022_Monaco_Grand_Prix,MAG,16,1350001.838,1350002.203,1350002.969,0.366,1.131,0.700,1,fast_local,redis_cache,0.765,rain+overtake
2022_Monaco_Grand_Prix|MSC|16|fast,2022_Monaco_Grand_Prix,MSC,16,1350001.897,1350002.969,1350003.734,1.071,1.836,0.500,1,fast_local,redis_cache,0.765,rain+overtake
2022_Monaco_Grand_Prix|MSC|16|smart,2022_Monaco_Grand_Prix,MSC,16,1350001.897,1350157.573,1350314.473,155.675,312.575,0.500,1,smart_cloud,cassandra,156.900,rain+overtake
2022_Monaco_Grand_Prix|NOR|16|fast,2022_Monaco_Grand_Prix,NOR,16,1350001.925,1350006.030,1350006.795,4.104,4.869,0.350,0,fast_local,redis_cache,0.765,rain+overtake
2022_Monaco_Grand_Prix|NOR|16|smart,2022_Monaco_Grand_Prix,NOR,16,1350001.925,1350785.173,1350942.073,783.247,940.147,0.350,0,smart_cloud,cassandra,156.900,rain+overtake
2022_Monaco_Grand_Prix|OCO|16|fast,2022_Monaco_Grand_Prix,OCO,16,1350002.084,1350010.621,1350011.386,8.537,9.302,0.200,0,fast_local,redis_cache,0.765,rain+overtake
2022_Monaco_Grand_Prix|OCO|16|smart,2022_Monaco_Grand_Prix,OCO,16,1350002.084,1351726.573,1351883.473,1724.488,1881.388,0.200,0,smart_cloud,cassandra,156.900,rain+overtake
2022_Monaco_Grand_Prix|PER|16|fast,2022_Monaco_Grand_Prix,PER,16,1350002.314,1350007.560,1350008.325,5.246,6.011,0.250,0,fast_local,redis_cache,0.765,rain+overtake
2022_Monaco_Grand_Prix|PER|16|smart,2022_Monaco_Grand_Prix,PER,16,1350002.314,1351098.973,1351255.873,1096.659,1253.559,0.250,0,smart_cloud,cassandra,156.900,rain+overtake
2022_Monaco_Grand_Prix|RIC|16|fast,2022_Monaco_Grand_Prix,RIC,16,1350002.389,1350013.682,1350014.447,11.293,12.058,0.150,0,fast_local,redis_cache,0.765,rain+overtake
2022_Monaco_Grand_Prix|RIC|16|smart,2022_Monaco_Grand_Prix,RIC,16,1350002.389,1352354.173,1352511.073,2351.783,2508.683,0.150,0,smart_cloud,cassandra,156.900,rain+overtake
2022_Monaco_Grand_Prix|RUS|16|fast,2022_Monaco_Grand_Prix,RUS,16,1350002.571,1350011.386,1350012.152,8.815,9.580,0.200,0,fast_local,redis_cache,0.765,rain+overtake
2022_Monaco_Grand_Prix|RUS|16|smart,2022_Monaco_Grand_Prix,RUS,16,1350002.571,1351883.473,1352040.373,1880.902,2037.802,0.200,0,smart_cloud,cassandra,156.900,rain+overtake
2022_Monaco_Grand_Prix|SAI|16|fast,2022_Monaco_Grand_Prix,SAI,16,1350002.680,1350012.152,1350012.917,9.471,10.236,0.200,0,fast_local,redis_cache,0.765,rain+overtake
2022_Monaco_Grand_Prix|SAI|16|smart,2022_Monaco_Grand_Prix,SAI,16,1350002.680,1352040.373,1352197.273,2037.692,2194.592,0.200,0,smart_cloud,cassandra,156.900,rain+overtake
2022_Monaco_Grand_Prix|STR|16|fast,2022_Monaco_Grand_Prix,STR,16,1350003.198,1350014.447,1350015.213,11.249,12.015,0.150,0,fast_local,redis_cache,0.765,rain+overtake
2022_Monaco_Grand_Prix|STR|16|smart,2022_Monaco_Grand_Prix,STR,16,1350003.198,1352511.073,1352667.973,2507.875,2664.775,0.150,0,smart_cloud,cassandra,156.900,rain+overtake
2022_Monaco_Grand_Prix|TSU|16|fast,2022_Monaco_Grand_Prix,TSU,16,1350003.212,1350003.734,1350004.499,0.521,1.287,0.500,1,fast_local,redis_cache,0.765,rain+overtake
2022_Monaco_Grand_Prix|TSU|16|smart,2022_Monaco_Grand_Prix,TSU,16,1350003.212,1350314.473,1350471.373,311.260,468.160,0.500,1,smart_cloud,cassandra,156.900,rain+overtake
2022_Monaco_Grand_Prix|VER|16|fast,2022_Monaco_Grand_Prix,VER,16,1350003.429,1350012.917,1350013.682,9.488,10.253,0.200,0,fast_local,redis_cache,0.765,rain+overtake
2022_Monaco_Grand_Prix|VER|16|smart,2022_Monaco_Grand_Prix,VER,16,1350003.429,1352197.273,1352354.173,2193.844,2350.744,0.200,0,smart_cloud,cassandra,156.900,rain+overtake
2022_Monaco_Grand_Prix|VET|16|fast,2022_Monaco_Grand_Prix,VET,16,1350003.895,1350006.795,1350007.560,2.900,3.665,0.300,0,fast_local,redis_cache,0.765,rain+overtake
2022_Monaco_Grand_Prix|VET|16|smart,2022_Monaco_Grand_Prix,VET,16,1350003.895,1350942.073,1351098.973,938.178,1095.078,0.300,0,smart_cloud,cassandra,156.900,rain+overtake
2022_Monaco_Grand_Prix|ZHO|16|fast,2022_Monaco_Grand_Prix,ZHO,16,1350004.288,1350004.499,1350005.264,0.211,0.976,0.400,0,fast_local,redis_cache,0.765,rain+overtake
2022_Monaco_Grand_Prix|ZHO|16|smart,2022_Monaco_Grand_Prix,ZHO,16,1350004.288,1350471.373,1350628.273,467.085,623.985,0.400,0,smart_cloud,cassandra,156.900,rain+overtake
2022_Monaco_Grand_Prix|ALB|17|fast,2022_Monaco_Grand_Prix,ALB,17,1440000.422,1440000.422,1440001.188,0.000,0.765,1.000,1,fast_local,redis_cache,0.765,caution+rain+overtake
2022_Monaco_Grand_Prix|ALO|17|fast,2022_Monaco_Grand_Prix,ALO,17,1440000.475,1440011.136,1440011.901,10.661,11.426,0.400,0,fast_local,redis_cache,0.765,caution+rain+overtake
2022_Monaco_Grand_Prix|ALO|17|smart,2022_Monaco_Grand_Prix,ALO,17,1440000.475,1440000.475,1440157.375,0.000,156.900,0.400,0,smart_cloud,cassandra,156.900,caution+rain+overtake
2022_Monaco_Grand_Prix|BOT|17|fast,2022_Monaco_Grand_Prix,BOT,17,1440000.661,1440001.188,1440001.953,0.527,1.292,0.950,1,fast_local,redis_cache,0.765,caution+rain+overtake
2022_Monaco_Grand_Prix|GAS|17|fast,2022_Monaco_Grand_Prix,GAS,17,1440001.012,1440001.953,1440002.718,0.941,1.706,0.750,1,fast_local,redis_cache,0.765,caution+rain+overtake
2022_Monaco_Grand_Prix|HAM|17|fast,2022_Monaco_Grand_Prix,HAM,17,1440001.441,1440007.310,1440008.075,5.869,6.634,0.750,1,fast_local,redis_cache,0.765,caution+rain+overtake
2022_Monaco_Grand_Prix|LAT|17|fast,2022_Monaco_Grand_Prix,LAT,17,1440001.642,1440008.840,1440009.605,7.198,7.964,0.600,1,fast_local,redis_cache,0.765,caution+rain+overtake
2022_Monaco_Grand_Prix|LEC|17|fast,2022_Monaco_Grand_Prix,LEC,17,1440002.405,1440013.432,1440014.197,11.027,11.792,0.100,0,fast_local,redis_cache,0.765,caution+rain+overtake
2022_Monaco_Grand_Prix|LEC|17|smart,2022_Monaco_Grand_Prix,LEC,17,1440002.405,1440471.175,1440628.075,468.771,625.671,0.100,0,smart_cloud,cassandra,156.900,caution+rain+overtake
2022_Monaco_Grand_Prix|MAG|17|fast,2022_Monaco_Grand_Prix,MAG,17,1440002.664,1440002.718,1440003.483,0.055,0.820,1.000,1,fast_local,redis_cache,0.765,caution+rain+overtake
2022_Monaco_Grand_Prix|MSC|17|fast,2022_Monaco_Grand_Prix,MSC,17,1440002.677,1440009.605,1440010.371,6.928,7.694,0.600,1,fast_local,redis_cache,0.765,caution+rain+overtake
2022_Monaco_Grand_Prix|NOR|17|fast,2022_Monaco_Grand_Prix,NOR,17,1440003.072,1440010.371,1440011.136,7.299,8.064,0.600,1,fast_local,redis_cache,0.765,caution+rain+overtake
2022_Monaco_Grand_Prix|OCO|17|fast,2022_Monaco_Grand_Prix,OCO,17,1440003.165,1440003.483,1440004.249,0.319,1.084,0.950,1,fast_local,redis_cache,0.765,caution+rain+overtake
2022_Monaco_Grand_Prix|PER|17|fast,2022_Monaco_Grand_Prix,PER,17,1440003.263,1440011.901,1440012.666,8.638,9.404,0.400,0,fast_local,redis_cache,0.765,caution+rain+overtake
2022_Monaco_Grand_Prix|PER|17|smart,2022_Monaco_Grand_Prix,PER,17,1440003.263,1440157.375,1440314.275,154.113,311.013,0.400,0,smart_cloud,cassandra,156.900,caution+rain+overtake
2022_Monaco_Grand_Prix|RIC|17|fast,2022_Monaco_Grand_Prix,RIC,17,1440003.474,1440005.779,1440006.544,2.305,3.070,0.950,1,fast_local,redis_cache,0.765,caution+rain+overtake
2022_Monaco_Grand_Prix|RUS|17|fast,2022_Monaco_Grand_Prix,RUS,17,1440003.629,1440012.666,1440013.432,9.038,9.803,0.400,0,fast_local,redis_cache,0.765,caution+rain+overtake
2022_Monaco_Grand_Prix|RUS|17|smart,2022_Monaco_Grand_Prix,RUS,17,1440003.629,1440314.275,1440471.175,310.647,467.547,0.400,0,smart_cloud,cassandra,156.900,caution+rain+overtake
2022_Monaco_Grand_Prix|SAI|17|fast,2022_Monaco_Grand_Prix,SAI,17,1440003.674,1440014.197,1440014.962,10.523,11.288,0.100,0,fast_local,redis_cache,0.765,caution+rain+overtake
2022_Monaco_Grand_Prix|SAI|17|smart,2022_Monaco_Grand_Prix,SAI,17,1440003.674,1440628.075,1440784.975,624.401,781.301,0.100,0,smart_cloud,cassandra,156.900,caution+rain+overtake
2022_Monaco_Grand_Prix|STR|17|fast,2022_Monaco_Grand_Prix,STR,17,1440004.022,1440008.075,1440008.840,4.053,4.818,0.750,1,fast_local,redis_cache,0.765,caution+rain+overtake
2022_Monaco_Grand_Prix|TSU|17|fast,2022_Monaco_Grand_Prix,TSU,17,1440004.243,1440004.249,1440005.014,0.006,0.771,1.000,1,fast_local,redis_cache,0.765,caution+rain+overtake
2022_Monaco_Grand_Prix|VER|17|fast,2022_Monaco_Grand_Prix,VER,17,1440004.304,1440014.962,1440015.727,10.659,11.424,0.100,0,fast_local,redis_cache,0.765,caution+rain+overtake
2022_Monaco_Grand_Prix|VER|17|smart,2022_Monaco_Grand_Prix,VER,17,1440004.304,1440784.975,1440941.875,780.672,937.572,0.100,0,smart_cloud,cassandra,156.900,caution+rain+overtake
2022_Monaco_Grand_Prix|VET|17|fast,2022_Monaco_Grand_Prix,VET,17,1440004.582,1440005.014,1440005.779,0.432,1.197,1.000,1,fast_local,redis_cache,0.765,caution+rain+overtake
2022_Monaco_Grand_Prix|ZHO|17|fast,2022_Monaco_Grand_Prix,ZHO,17,1440004.744,1440006.544,1440007.310,1.800,2.565,0.900,1,fast_local,redis_cache,0.765,caution+rain+overtake
2022_Monaco_Grand_Prix|ALB|18|fast,2022_Monaco_Grand_Prix,ALB,18,1530000.475,1530000.475,1530001.240,0.000,0.765,0.300,0,fast_local,redis_cache,0.765,caution+rain+overtake+pit_window
2022_Monaco_Grand_Prix|ALB|18|smart,2022_Monaco_Grand_Prix,ALB,18,1530000.475,1530000.475,1530157.375,0.000,156.900,0.300,0,smart_cloud,cassandra,156.900,caution+rain+overtake+pit_window
2022_Monaco_Grand_Prix|ALO|18|fast,2022_Monaco_Grand_Prix,ALO,18,1530000.687,1530013.485,1530014.250,12.797,13.563,0.350,0,fast_local,redis_cache,0.765,caution+rain+overtake+pit_window
2022_Monaco_Grand_Prix|ALO|18|smart,2022_Monaco_Grand_Prix,ALO,18,1530000.687,1530941.875,1531098.775,941.188,1098.088,0.350,0,smart_cloud,cassandra,156.900,caution+rain+overtake+pit_window
2022_Monaco_Grand_Prix|BOT|18|fast,2022_Monaco_Grand_Prix,BOT,18,1530000.856,1530001.240,1530002.006,0.384,1.149,0.650,1,fast_local,redis_cache,0.765,caution+rain+overtake+pit_window
2022_Monaco_Grand_Prix|GAS|18|fast,2022_Monaco_Grand_Prix,GAS,18,1530001.267,1530002.006,1530002.771,0.739,1.504,0.450,0,fast_local,redis_cache,0.765,caution+rain+overtake+pit_window
2022_Monaco_Grand_Prix|GAS|18|smart,2022_Monaco_Grand_Prix,GAS,18,1530001.267,1530157.375,1530314.275,156.108,313.008,0.450,0,smart_cloud,cassandra,156.900,caution+rain+overtake+pit_window
2022_Monaco_Grand_Prix|HAM|18|fast,2022_Monaco_Grand_Prix,HAM,18,1530002.330,1530010.424,1530011.189,8.094,8.859,0.450,0,fast_local,redis_cache,0.765,caution+rain+overtake+pit_window
2022_Monaco_Grand_Prix|HAM|18|smart,2022_Monaco_Grand_Prix,HAM,18,1530002.330,1530314.275,1530471.175,311.945,468.845,0.450,0,smart_cloud,cassandra,156.900,caution+rain+overtake+pit_window
2022_Monaco_Grand_Prix|LAT|18|fast,2022_Monaco_Grand_Prix,LAT,18,1530002.461,1530011.189,1530011.954,8.728,9.493,0.450,0,fast_local,redis_cache,0.765,caution+rain+overtake+pit_window
2022_Monaco_Grand_Prix|LAT|18|smart,2022_Monaco_Grand_Prix,LAT,18,1530002.461,1530471.175,1530628.075,468.714,625.614,0.450,0,smart_cloud,cassandra,156.900,caution+rain+overtake+pit_window
2022_Monaco_Grand_Prix|LEC|18|fast,2022_Monaco_Grand_Prix,LEC,18,1530002.613,1530002.771,1530003.536,0.158,0.923,0.750,1,fast_local,redis_cache,0.765,caution+rain+overtake+pit_window
2022_Monaco_Grand_Prix|MAG|18|fast,2022_Monaco_Grand_Prix,MAG,18,1530002.825,1530003.536,1530004.302,0.711,1.477,0.800,1,fast_local,redis_cache,0.765,caution+rain+overtake+pit_window
2022_Monaco_Grand_Prix|MSC|18|fast,2022_Monaco_Grand_Prix,MSC,18,1530002.862,1530014.250,1530015.015,11.388,12.153,0.300,0,fast_local,redis_cache,0.765,caution+rain+overtake+pit_window
2022_Monaco_Grand_Prix|MSC|18|smart,2022_Monaco_Grand_Prix,MSC,18,1530002.862,1531098.775,1531255.675,1095.913,1252.813,0.300,0,smart_cloud,cassandra,156.900,caution+rain+overtake+pit_window
2022_Monaco_Grand_Prix|NOR|18|fast,2022_Monaco_Grand_Prix,NOR,18,1530002.950,1530015.015,1530015.780,12.065,12.830,0.300,0,fast_local,redis_cache,0.765,caution+rain+overtake+pit_window
2022_Monaco_Grand_Prix|NOR|18|smart,2022_Monaco_Grand_Prix,NOR,18,1530002.950,1531255.675,1531412.575,1252.725,1409.625,0.300,0,smart_cloud,cassandra,156.900,caution+rain+overtake+pit_window
2022_Monaco_Grand_Prix|OCO|18|fast,2022_Monaco_Grand_Prix,OCO,18,1530002.968,1530005.832,1530006.597,2.864,3.629,0.650,1,fast_local,redis_cache,0.765,caution+rain+overtake+pit_window
2022_Monaco_Grand_Prix|PER|18|fast,2022_Monaco_Grand_Prix,PER,18,1530003.081,1530006.597,1530007.363,3.516,4.282,0.650,1,fast_local,redis_cache,0.765,caution+rain+overtake+pit_window
2022_Monaco_Grand_Prix|RIC|18|fast,2022_Monaco_Grand_Prix,RIC,18,1530003.820,1530007.363,1530008.128,3.543,4.308,0.650,1,fast_local,redis_cache,0.765,caution+rain+overtake+pit_window
2022_Monaco_Grand_Prix|RUS|18|fast,2022_Monaco_Grand_Prix,RUS,18,1530003.913,1530011.954,1530012.719,8.041,8.806,0.450,0,fast_local,redis_cache,0.765,caution+rain+overtake+pit_window
2022_Monaco_Grand_Prix|RUS|18|smart,2022_Monaco_Grand_Prix,RUS,18,1530003.913,1530628.075,1530784.975,624.162,781.062,0.450,0,smart_cloud,cassandra,156.900,caution+rain+overtake+pit_window
2022_Monaco_Grand_Prix|SAI|18|fast,2022_Monaco_Grand_Prix,SAI,18,1530003.976,1530008.893,1530009.658,4.917,5.683,0.600,1,fast_local,redis_cache,0.765,caution+rain+overtake+pit_window
2022_Monaco_Grand_Prix|STR|18|fast,2022_Monaco_Grand_Prix,STR,18,1530003.996,1530004.302,1530005.067,0.305,1.071,0.800,1,fast_local,redis_cache,0.765,caution+rain+overtake+pit_window
2022_Monaco_Grand_Prix|TSU|18|fast,2022_Monaco_Grand_Prix,TSU,18,1530004.004,1530008.128,1530008.893,4.123,4.889,0.650,1,fast_local,redis_cache,0.765,caution+rain+overtake+pit_window
2022_Monaco_Grand_Prix|VER|18|fast,2022_Monaco_Grand_Prix,VER,18,1530004.680,1530009.658,1530010.424,4.979,5.744,0.600,1,fast_local,redis_cache,0.765,caution+rain+overtake+pit_window
2022_Monaco_Grand_Prix|VET|18|fast,2022_Monaco_Grand_Prix,VET,18,1530004.730,1530005.067,1530005.832,0.337,1.102,0.800,1,fast_local,redis_cache,0.765,caution+rain+overtake+pit_window
2022_Monaco_Grand_Prix|ZHO|18|fast,2022_Monaco_Grand_Prix,ZHO,18,1530004.794,1530012.719,1530013.485,7.925,8.690,0.450,0,fast_local,redis_cache,0.765,caution+rain+overtake+pit_window
2022_Monaco_Grand_Prix|ZHO|18|smart,2022_Monaco_Grand_Prix,ZHO,18,1530004.794,1530784.975,1530941.875,780.181,937.081,0.450,0,smart_cloud,cassandra,156.900,caution+rain+overtake+pit_window
2022_Monaco_Grand_Prix|ALB|19|fast,2022_Monaco_Grand_Prix,ALB,19,1620000.439,1620000.439,1620001.204,0.000,0.765,0.350,0,fast_local,redis_cache,0.765,caution+rain+overtake+pit_window
2022_Monaco_Grand_Prix|ALB|19|smart,2022_Monaco_Grand_Prix,ALB,19,1620000.439,1620000.439,1620157.339,0.000,156.900,0.350,0,smart_cloud,cassandra,156.900,caution+rain+overtake+pit_window
2022_Monaco_Grand_Prix|ALO|19|fast,2022_Monaco_Grand_Prix,ALO,19,1620000.586,1620008.091,1620008.856,7.506,8.271,0.350,0,fast_local,redis_cache,0.765,caution+rain+overtake+pit_window
2022_Monaco_Grand_Prix|ALO|19|smart,2022_Monaco_Grand_Prix,ALO,19,1620000.586,1620784.939,1620941.839,784.353,941.253,0.350,0,smart_cloud,cassandra,156.900,caution+rain+overtake+pit_window
2022_Monaco_Grand_Prix|BOT|19|fast,2022_Monaco_Grand_Prix,BOT,19,1620000.599,1620001.204,1620001.969,0.605,1.370,0.650,1,fast_local,redis_cache,0.765,caution+rain+overtake+pit_window
2022_Monaco_Grand_Prix|GAS|19|fast,2022_Monaco_Grand_Prix,GAS,19,1620000.739,1620004.265,1620005.030,3.526,4.291,0.450,0,fast_local,redis_cache,0.765,caution+rain+overtake+pit_window
2022_Monaco_Grand_Prix|GAS|19|smart,2022_Monaco_Grand_Prix,GAS,19,1620000.739,1620157.339,1620314.239,156.600,313.500,0.450,0,smart_cloud,cassandra,156.900,caution+rain+overtake+pit_window
2022_Monaco_Grand_Prix|HAM|19|fast,2022_Monaco_Grand_Prix,HAM,19,1620000.788,1620005.795,1620006.561,5.007,5.772,0.450,0,fast_local,redis_cache,0.765,caution+rain+overtake+pit_window
2022_Monaco_Grand_Prix|HAM|19|smart,2022_Monaco_Grand_Prix,HAM,19,1620000.788,1620314.239,1620471.139,313.450,470.350,0.450,0,smart_cloud,cassandra,156.900,caution+rain+overtake+pit_window
2022_Monaco_Grand_Prix|LAT|19|fast,2022_Monaco_Grand_Prix,LAT,19,1620001.353,1620009.622,1620010.387,8.269,9.034,0.300,0,fast_local,redis_cache,0.765,caution+rain+overtake+pit_window
2022_Monaco_Grand_Prix|LAT|19|smart,2022_Monaco_Grand_Prix,LAT,19,1620001.353,1621098.739,1621255.639,1097.386,1254.286,0.300,0,smart_cloud,cassandra,156.900,caution+rain+overtake+pit_window
2022_Monaco_Grand_Prix|LEC|19|fast,2022_Monaco_Grand_Prix,LEC,19,1620001.572,1620010.387,1620011.152,8.815,9.580,0.300,0,fast_local,redis_cache,0.765,caution+rain+overtake+pit_window
2022_Monaco_Grand_Prix|LEC|19|smart,2022_Monaco_Grand_Prix,LEC,19,1620001.572,1621255.639,1621412.539,1254.066,1410.966,0.300,0,smart_cloud,cassandra,156.900,caution+rain+overtake+pit_window
2022_Monaco_Grand_Prix|MAG|19|fast,2022_Monaco_Grand_Prix,MAG,19,1620001.668,1620011.152,1620011.917,9.484,10.249,0.300,0,fast_local,redis_cache,0.765,caution+rain+overtake+pit_window
2022_Monaco_Grand_Prix|MAG|19|smart,2022_Monaco_Grand_Prix,MAG,19,1620001.668,1621412.539,1621569.439,1410.870,1567.770,0.300,0,smart_cloud,cassandra,156.900,caution+rain+overtake+pit_window
2022_Monaco_Grand_Prix|MSC|19|fast,2022_Monaco_Grand_Prix,MSC,19,1620001.821,1620001.969,1620002.734,0.148,0.913,0.600,1,fast_local,redis_cache,0.765,caution+rain+overtake+pit_window
2022_Monaco_Grand_Prix|NOR|19|fast,2022_Monaco_Grand_Prix,NOR,19,1620001.917,1620011.917,1620012.683,10.001,10.766,0.300,0,fast_local,redis_cache,0.765,caution+rain+overtake+pit_window
2022_Monaco_Grand_Prix|NOR|19|smart,2022_Monaco_Grand_Prix,NOR,19,1620001.917,1621569.439,1621726.339,1567.522,1724.422,0.300,0,smart_cloud,cassandra,156.900,caution+rain+overtake+pit_window
2022_Monaco_Grand_Prix|OCO|19|fast,2022_Monaco_Grand_Prix,OCO,19,1620002.093,1620002.734,1620003.500,0.641,1.407,0.650,1,fast_local,redis_cache,0.765,caution+rain+overtake+pit_window
2022_Monaco_Grand_Prix|PER|19|fast,2022_Monaco_Grand_Prix,PER,19,1620002.190,1620012.683,1620013.448,10.493,11.258,0.300,0,fast_local,redis_cache,0.765,caution+rain+overtake+pit_window
2022_Monaco_Grand_Prix|PER|19|smart,2022_Monaco_Grand_Prix,PER,19,1620002.190,1621726.339,1621883.239,1724.149,1881.049,0.300,0,smart_cloud,cassandra,156.900,caution+rain+overtake+pit_window
2022_Monaco_Grand_Prix|RIC|19|fast,2022_Monaco_Grand_Prix,RIC,19,1620002.998,1620003.500,1620004.265,0.502,1.267,0.650,1,fast_local,redis_cache,0.765,caution+rain+overtake+pit_window
2022_Monaco_Grand_Prix|RUS|19|fast,2022_Monaco_Grand_Prix,RUS,19,1620003.289,1620006.561,1620007.326,3.271,4.036,0.450,0,fast_local,redis_cache,0.765,caution+rain+overtake+pit_window
2022_Monaco_Grand_Prix|RUS|19|smart,2022_Monaco_Grand_Prix,RUS,19,1620003.289,1620471.139,1620628.039,467.849,624.749,0.450,0,smart_cloud,cassandra,156.900,caution+rain+overtake+pit_window
2022_Monaco_Grand_Prix|SAI|19|fast,2022_Monaco_Grand_Prix,SAI,19,1620003.356,1620013.448,1620014.213,10.092,10.857,0.300,0,fast_local,redis_cache,0.765,caution+rain+overtake+pit_window
2022_Monaco_Grand_Prix|SAI|19|smart,2022_Monaco_Grand_Prix,SAI,19,1620003.356,1621883.239,1622040.139,1879.882,2036.782,0.300,0,smart_cloud,cassandra,156.900,caution+rain+overtake+pit_window
2022_Monaco_Grand_Prix|STR|19|fast,2022_Monaco_Grand_Prix,STR,19,1620003.813,1620007.326,1620008.091,3.513,4.278,0.450,0,fast_local,redis_cache,0.765,caution+rain+overtake+pit_window
2022_Monaco_Grand_Prix|STR|19|smart,2022_Monaco_Grand_Prix,STR,19,1620003.813,1620628.039,1620784.939,624.226,781.126,0.450,0,smart_cloud,cassandra,156.900,caution+rain+overtake+pit_window
2022_Monaco_Grand_Prix|TSU|19|fast,2022_Monaco_Grand_Prix,TSU,19,1620003.872,1620008.856,1620009.622,4.985,5.750,0.350,0,fast_local,redis_cache,0.765,caution+rain+overtake+pit_window
2022_Monaco_Grand_Prix|TSU|19|smart,2022_Monaco_Grand_Prix,TSU,19,1620003.872,1620941.839,1621098.739,937.967,1094.867,0.350,0,smart_cloud,cassandra,156.900,caution+rain+overtake+pit_window
2022_Monaco_Grand_Prix|VER|19|fast,2022_Monaco_Grand_Prix,VER,19,1620004.492,1620014.213,1620014.978,9.721,10.486,0.300,0,fast_local,redis_cache,0.765,caution+rain+overtake+pit_window
2022_Monaco_Grand_Prix|VER|19|smart,2022_Monaco_Grand_Prix,VER,19,1620004.492,1622040.139,1622197.039,2035.647,2192.547,0.300,0,smart_cloud,cassandra,156.900,caution+rain+overtake+pit_window
2022_Monaco_Grand_Prix|VET|19|fast,2022_Monaco_Grand_Prix,VET,19,1620004.656,1620014.978,1620015.744,10.322,11.087,0.300,0,fast_local,redis_cache,0.765,caution+rain+overtake+pit_window
2022_Monaco_Grand_Prix|VET|19|smart,2022_Monaco_Grand_Prix,VET,19,1620004.656,1622197.039,1622353.939,2192.382,2349.282,0.300,0,smart_cloud,cassandra,156.900,caution+rain+overtake+pit_window
2022_Monaco_Grand_Prix|ZHO|19|fast,2022_Monaco_Grand_Prix,ZHO,19,1620004.681,1620005.030,1620005.795,0.349,1.115,0.600,1,fast_local,redis_cache,0.765,caution+rain+overtake+pit_window
2022_Monaco_Grand_Prix|ALB|20|fast,2022_Monaco_Grand_Prix,ALB,20,1710000.062,1710000.062,1710000.827,0.000,0.765,1.000,1,fast_local,redis_cache,0.765,caution+rain+overtake+pit_window
2022_Monaco_Grand_Prix|ALO|20|fast,2022_Monaco_Grand_Prix,ALO,20,1710000.592,1710000.827,1710001.592,0.234,1.000,1.000,1,fast_local,redis_cache,0.765,caution+rain+overtake+pit_window
2022_Monaco_Grand_Prix|BOT|20|fast,2022_Monaco_Grand_Prix,BOT,20,1710000.610,1710001.592,1710002.357,0.982,1.748,0.900,1,fast_local,redis_cache,0.765,caution+rain+overtake+pit_window
2022_Monaco_Grand_Prix|GAS|20|fast,2022_Monaco_Grand_Prix,GAS,20,1710001.477,1710003.123,1710003.888,1.646,2.411,0.750,1,fast_local,redis_cache,0.765,caution+rain+overtake+pit_window
2022_Monaco_Grand_Prix|HAM|20|fast,2022_Monaco_Grand_Prix,HAM,20,1710001.882,1710002.357,1710003.123,0.475,1.241,1.000,1,fast_local,redis_cache,0.765,caution+rain+overtake+pit_window
2022_Monaco_Grand_Prix|LAT|20|fast,2022_Monaco_Grand_Prix,LAT,20,1710002.272,1710009.245,1710010.010,6.973,7.738,0.600,1,fast_local,redis_cache,0.765,caution+rain+overtake+pit_window
2022_Monaco_Grand_Prix|LEC|20|fast,2022_Monaco_Grand_Prix,LEC,20,1710002.397,1710012.306,1710013.071,9.909,10.674,0.300,0,fast_local,redis_cache,0.765,caution+rain+overtake+pit_window
2022_Monaco_Grand_Prix|LEC|20|smart,2022_Monaco_Grand_Prix,LEC,20,1710002.397,1710002.397,1710159.297,0.000,156.900,0.300,0,smart_cloud,cassandra,156.900,caution+rain+overtake+pit_window
2022_Monaco_Grand_Prix|MSC|20|fast,2022_Monaco_Grand_Prix,MSC,20,1710002.765,1710006.949,1710007.714,4.184,4.949,0.750,1,fast_local,redis_cache,0.765,caution+rain+overtake+pit_window
2022_Monaco_Grand_Prix|NOR|20|fast,2022_Monaco_Grand_Prix,NOR,20,1710002.941,1710007.714,1710008.479,4.773,5.538,0.750,1,fast_local,redis_cache,0.765,caution+rain+overtake+pit_window
2022_Monaco_Grand_Prix|OCO|20|fast,2022_Monaco_Grand_Prix,OCO,20,1710003.185,1710003.888,1710004.653,0.702,1.468,1.000,1,fast_local,redis_cache,0.765,caution+rain+overtake+pit_window
2022_Monaco_Grand_Prix|PER|20|fast,2022_Monaco_Grand_Prix,PER,20,1710003.430,1710013.071,1710013.836,9.640,10.406,0.300,0,fast_local,redis_cache,0.765,caution+rain+overtake+pit_window
2022_Monaco_Grand_Prix|PER|20|smart,2022_Monaco_Grand_Prix,PER,20,1710003.430,1710316.197,1710473.097,312.766,469.666,0.300,0,smart_cloud,cassandra,156.900,caution+rain+overtake+pit_window
2022_Monaco_Grand_Prix|RIC|20|fast,2022_Monaco_Grand_Prix,RIC,20,1710003.589,1710008.479,1710009.245,4.890,5.656,0.750,1,fast_local,redis_cache,0.765,caution+rain+overtake+pit_window
2022_Monaco_Grand_Prix|RUS|20|fast,2022_Monaco_Grand_Prix,RUS,20,1710003.648,1710006.184,1710006.949,2.535,3.300,0.900,1,fast_local,redis_cache,0.765,caution+rain+overtake+pit_window
2022_Monaco_Grand_Prix|SAI|20|fast,2022_Monaco_Grand_Prix,SAI,20,1710003.902,1710011.540,1710012.306,7.639,8.404,0.450,0,fast_local,redis_cache,0.765,caution+rain+overtake+pit_window
2022_Monaco_Grand_Prix|SAI|20|smart,2022_Monaco_Grand_Prix,SAI,20,1710003.902,1710159.297,1710316.197,155.395,312.295,0.450,0,smart_cloud,cassandra,156.900,caution+rain+overtake+pit_window
2022_Monaco_Grand_Prix|STR|20|fast,2022_Monaco_Grand_Prix,STR,20,1710004.127,1710004.653,1710005.418,0.526,1.291,0.950,1,fast_local,redis_cache,0.765,caution+rain+overtake+pit_window
2022_Monaco_Grand_Prix|TSU|20|fast,2022_Monaco_Grand_Prix,TSU,20,1710004.253,1710010.010,1710010.775,5.757,6.522,0.600,1,fast_local,redis_cache,0.765,caution+rain+overtake+pit_window
2022_Monaco_Grand_Prix|VER|20|fast,2022_Monaco_Grand_Prix,VER,20,1710004.681,1710013.836,1710014.601,9.155,9.921,0.300,0,fast_local,redis_cache,0.765,caution+rain+overtake+pit_window
2022_Monaco_Grand_Prix|VER|20|smart,2022_Monaco_Grand_Prix,VER,20,1710004.681,1710473.097,1710629.997,468.416,625.316,0.300,0,smart_cloud,cassandra,156.900,caution+rain+overtake+pit_window
2022_Monaco_Grand_Prix|VET|20|fast,2022_Monaco_Grand_Prix,VET,20,1710004.756,1710010.775,1710011.540,6.019,6.784,0.600,1,fast_local,redis_cache,0.765,caution+rain+overtake+pit_window
2022_Monaco_Grand_Prix|ZHO|20|fast,2022_Monaco_Grand_Prix,ZHO,20,1710004.933,1710005.418,1710006.184,0.485,1.250,1.000,1,fast_local,redis_cache,0.765,caution+rain+overtake+pit_window
2022_Monaco_Grand_Prix|ALB|21|fast,2022_Monaco_Grand_Prix,ALB,21,1800000.145,1800000.145,1800000.910,0.000,0.765,0.650,1,fast_local,redis_cache,0.765,caution+rain+overtake+pit_window
2022_Monaco_Grand_Prix|ALO|21|fast,2022_Monaco_Grand_Prix,ALO,21,1800000.452,1800000.910,1800001.675,0.458,1.223,0.800,1,fast_local,redis_cache,0.765,caution+rain+overtake+pit_window
2022_Monaco_Grand_Prix|BOT|21|fast,2022_Monaco_Grand_Prix,BOT,21,1800000.532,1800010.859,1800011.624,10.326,11.092,0.300,0,fast_local,redis_cache,0.765,caution+rain+overtake+pit_window
2022_Monaco_Grand_Prix|BOT|21|smart,2022_Monaco_Grand_Prix,BOT,21,1800000.532,1800000.532,1800157.432,0.000,156.900,0.300,0,smart_cloud,cassandra,156.900,caution+rain+overtake+pit_window
2022_Monaco_Grand_Prix|GAS|21|fast,2022_Monaco_Grand_Prix,GAS,21,1800000.553,1800003.206,1800003.971,2.653,3.418,0.450,0,fast_local,redis_cache,0.765,caution+rain+overtake+pit_window
2022_Monaco_Grand_Prix|GAS|21|smart,2022_Monaco_Grand_Prix,GAS,21,1800000.553,1800157.432,1800314.332,156.879,313.779,0.450,0,smart_cloud,cassandra,156.900,caution+rain+overtake+pit_window
2022_Monaco_Grand_Prix|HAM|21|fast,2022_Monaco_Grand_Prix,HAM,21,1800000.715,1800007.798,1800008.563,7.082,7.848,0.450,0,fast_local,redis_cache,0.765,caution+rain+overtake+pit_window
2022_Monaco_Grand_Prix|HAM|21|smart,2022_Monaco_Grand_Prix,HAM,21,1800000.715,1800314.332,1800471.232,313.617,470.517,0.450,0,smart_cloud,cassandra,156.900,caution+rain+overtake+pit_window
2022_Monaco_Grand_Prix|LAT|21|fast,2022_Monaco_Grand_Prix,LAT,21,1800001.204,1800011.624,1800012.389,10.420,11.185,0.300,0,fast_local,redis_cache,0.765,caution+rain+overtake+pit_window
2022_Monaco_Grand_Prix|LAT|21|smart,2022_Monaco_Grand_Prix,LAT,21,1800001.204,1800941.932,1801098.832,940.728,1097.628,0.300,0,smart_cloud,cassandra,156.900,caution+rain+overtake+pit_window
2022_Monaco_Grand_Prix|LEC|21|fast,2022_Monaco_Grand_Prix,LEC,21,1800001.420,1800001.675,1800002.441,0.256,1.021,0.600,1,fast_local,redis_cache,0.765,caution+rain+overtake+pit_window
2022_Monaco_Grand_Prix|MSC|21|fast,2022_Monaco_Grand_Prix,MSC,21,1800001.510,1800008.563,1800009.328,7.053,7.818,0.450,0,fast_local,redis_cache,0.765,caution+rain+overtake+pit_window
2022_Monaco_Grand_Prix|MSC|21|smart,2022_Monaco_Grand_Prix,MSC,21,1800001.510,1800471.232,1800628.132,469.722,626.622,0.450,0,smart_cloud,cassandra,156.900,caution+rain+overtake+pit_window
2022_Monaco_Grand_Prix|NOR|21|fast,2022_Monaco_Grand_Prix,NOR,21,1800002.212,1800012.389,1800013.154,10.177,10.943,0.300,0,fast_local,redis_cache,0.765,caution+rain+overtake+pit_window
2022_Monaco_Grand_Prix|NOR|21|smart,2022_Monaco_Grand_Prix,NOR,21,1800002.212,1801098.832,1801255.732,1096.621,1253.521,0.300,0,smart_cloud,cassandra,156.900,caution+rain+overtake+pit_window
2022_Monaco_Grand_Prix|OCO|21|fast,2022_Monaco_Grand_Prix,OCO,21,1800002.293,1800002.441,1800003.206,0.148,0.913,0.800,1,fast_local,redis_cache,0.765,caution+rain+overtake+pit_window
2022_Monaco_Grand_Prix|PER|21|fast,2022_Monaco_Grand_Prix,PER,21,1800003.251,1800006.267,1800007.032,3.016,3.782,0.600,1,fast_local,redis_cache,0.765,caution+rain+overtake+pit_window
2022_Monaco_Grand_Prix|RIC|21|fast,2022_Monaco_Grand_Prix,RIC,21,1800003.328,1800003.971,1800004.737,0.643,1.408,0.650,1,fast_local,redis_cache,0.765,caution+rain+overtake+pit_window
2022_Monaco_Grand_Prix|RUS|21|fast,2022_Monaco_Grand_Prix,RUS,21,1800003.906,1800009.328,1800010.093,5.422,6.187,0.450,0,fast_local,redis_cache,0.765,caution+rain+overtake+pit_window
2022_Monaco_Grand_Prix|RUS|21|smart,2022_Monaco_Grand_Prix,RUS,21,1800003.906,1800628.132,1800785.032,624.226,781.126,0.450,0,smart_cloud,cassandra,156.900,caution+rain+overtake+pit_window
2022_Monaco_Grand_Prix|SAI|21|fast,2022_Monaco_Grand_Prix,SAI,21,1800004.184,1800004.737,1800005.502,0.552,1.317,0.750,1,fast_local,redis_cache,0.765,caution+rain+overtake+pit_window
2022_Monaco_Grand_Prix|STR|21|fast,2022_Monaco_Grand_Prix,STR,21,1800004.396,1800013.154,1800013.920,8.758,9.524,0.300,0,fast_local,redis_cache,0.765,caution+rain+overtake+pit_window
2022_Monaco_Grand_Prix|STR|21|smart,2022_Monaco_Grand_Prix,STR,21,1800004.396,1801255.732,1801412.632,1251.336,1408.236,0.300,0,smart_cloud,cassandra,156.900,caution+rain+overtake+pit_window
2022_Monaco_Grand_Prix|TSU|21|fast,2022_Monaco_Grand_Prix,TSU,21,1800004.485,1800010.093,1800010.859,5.608,6.373,0.450,0,fast_local,redis_cache,0.765,caution+rain+overtake+pit_window
2022_Monaco_Grand_Prix|TSU|21|smart,2022_Monaco_Grand_Prix,TSU,21,1800004.485,1800785.032,1800941.932,780.547,937.447,0.450,0,smart_cloud,cassandra,156.900,caution+rain+overtake+pit_window
2022_Monaco_Grand_Prix|VER|21|fast,2022_Monaco_Grand_Prix,VER,21,1800004.592,1800007.032,1800007.798,2.440,3.205,0.600,1,fast_local,redis_cache,0.765,caution+rain+overtake+pit_window
2022_Monaco_Grand_Prix|VET|21|fast,2022_Monaco_Grand_Prix,VET,21,1800004.985,1800013.920,1800014.685,8.934,9.700,0.300,0,fast_local,redis_cache,0.765,caution+rain+overtake+pit_window
2022_Monaco_Grand_Prix|VET|21|smart,2022_Monaco_Grand_Prix,VET,21,1800004.985,1801412.632,1801569.532,1407.647,1564.547,0.300,0,smart_cloud,cassandra,156.900,caution+rain+overtake+pit_window
2022_Monaco_Grand_Prix|ZHO|21|fast,2022_Monaco_Grand_Prix,ZHO,21,1800004.996,1800005.502,1800006.267,0.506,1.271,0.800,1,fast_local,redis_cache,0.765,caution+rain+overtake+pit_window
2022_Monaco_Grand_Prix|ALB|22|fast,2022_Monaco_Grand_Prix,ALB,22,1890000.027,1890000.027,1890000.792,0.000,0.765,0.300,0,fast_local,redis_cache,0.765,rain+overtake+pit_window
2022_Monaco_Grand_Prix|ALB|22|smart,2022_Monaco_Grand_Prix,ALB,22,1890000.027,1890000.027,1890156.927,0.000,156.900,0.300,0,smart_cloud,cassandra,156.900,rain+overtake+pit_window
2022_Monaco_Grand_Prix|ALO|22|fast,2022_Monaco_Grand_Prix,ALO,22,1890000.181,1890003.853,1890004.619,3.673,4.438,0.300,0,fast_local,redis_cache,0.765,rain+overtake+pit_window
2022_Monaco_Grand_Prix|ALO|22|smart,2022_Monaco_Grand_Prix,ALO,22,1890000.181,1891098.327,1891255.227,1098.146,1255.046,0.300,0,smart_cloud,cassandra,156.900,rain+overtake+pit_window
2022_Monaco_Grand_Prix|BOT|22|fast,2022_Monaco_Grand_Prix,BOT,22,1890000.201,1890000.792,1890001.558,0.592,1.357,0.650,1,fast_local,redis_cache,0.765,rain+overtake+pit_window
2022_Monaco_Grand_Prix|GAS|22|fast,2022_Monaco_Grand_Prix,GAS,22,1890000.258,1890001.558,1890002.323,1.299,2.065,0.600,1,fast_local,redis_cache,0.765,rain+overtake+pit_window
2022_Monaco_Grand_Prix|HAM|22|fast,2022_Monaco_Grand_Prix,HAM,22,1890000.286,1890007.680,1890008.445,7.393,8.159,0.300,0,fast_local,redis_cache,0.765,rain+overtake+pit_window
2022_Monaco_Grand_Prix|HAM|22|smart,2022_Monaco_Grand_Prix,HAM,22,1890000.286,1891255.227,1891412.127,1254.941,1411.841,0.300,0,smart_cloud,cassandra,156.900,rain+overtake+pit_window
2022_Monaco_Grand_Prix|LAT|22|fast,2022_Monaco_Grand_Prix,LAT,22,1890000.991,1890002.323,1890003.088,1.332,2.097,0.450,0,fast_local,redis_cache,0.765,rain+overtake+pit_window
2022_Monaco_Grand_Prix|LAT|22|smart,2022_Monaco_Grand_Prix,LAT,22,1890000.991,1890156.927,1890313.827,155.936,312.836,0.450,0,smart_cloud,cassandra,156.900,rain+overtake+pit_window
2022_Monaco_Grand_Prix|LEC|22|fast,2022_Monaco_Grand_Prix,LEC,22,1890001.009,1890008.445,1890009.210,7.436,8.201,0.300,0,fast_local,redis_cache,0.765,rain+overtake+pit_window
2022_Monaco_Grand_Prix|LEC|22|smart,2022_Monaco_Grand_Prix,LEC,22,1890001.009,1891412.127,1891569.027,1411.118,1568.018,0.300,0,smart_cloud,cassandra,156.900,rain+overtake+pit_window
2022_Monaco_Grand_Prix|MSC|22|fast,2022_Monaco_Grand_Prix,MSC,22,1890001.193,1890003.088,1890003.853,1.895,2.661,0.350,0,fast_local,redis_cache,0.765,rain+overtake+pit_window
2022_Monaco_Grand_Prix|MSC|22|smart,2022_Monaco_Grand_Prix,MSC,22,1890001.193,1890784.527,1890941.427,783.334,940.234,0.350,0,smart_cloud,cassandra,156.900,rain+overtake+pit_window
2022_Monaco_Grand_Prix|NOR|22|fast,2022_Monaco_Grand_Prix,NOR,22,1890003.030,1890009.210,1890009.975,6.181,6.946,0.300,0,fast_local,redis_cache,0.765,rain+overtake+pit_window
2022_Monaco_Grand_Prix|NOR|22|smart,2022_Monaco_Grand_Prix,NOR,22,1890003.030,1891569.027,1891725.927,1565.998,1722.898,0.300,0,smart_cloud,cassandra,156.900,rain+overtake+pit_window
2022_Monaco_Grand_Prix|OCO|22|fast,2022_Monaco_Grand_Prix,OCO,22,1890003.281,1890009.975,1890010.741,6.694,7.459,0.300,0,fast_local,redis_cache,0.765,rain+overtake+pit_window
2022_Monaco_Grand_Prix|OCO|22|smart,2022_Monaco_Grand_Prix,OCO,22,1890003.281,1891725.927,1891882.827,1722.646,1879.546,0.300,0,smart_cloud,cassandra,156.900,rain+overtake+pit_window
2022_Monaco_Grand_Prix|PER|22|fast,2022_Monaco_Grand_Prix,PER,22,1890003.491,1890010.741,1890011.506,7.250,8.015,0.300,0,fast_local,redis_cache,0.765,rain+overtake+pit_window
2022_Monaco_Grand_Prix|PER|22|smart,2022_Monaco_Grand_Prix,PER,22,1890003.491,1891882.827,1892039.727,1879.337,2036.237,0.300,0,smart_cloud,cassandra,156.900,rain+overtake+pit_window
2022_Monaco_Grand_Prix|RIC|22|fast,2022_Monaco_Grand_Prix,RIC,22,1890003.861,1890011.506,1890012.271,7.645,8.411,0.300,0,fast_local,redis_cache,0.765,rain+overtake+pit_window
2022_Monaco_Grand_Prix|RIC|22|smart,2022_Monaco_Grand_Prix,RIC,22,1890003.861,1892039.727,1892196.627,2035.867,2192.767,0.300,0,smart_cloud,cassandra,156.900,rain+overtake+pit_window
2022_Monaco_Grand_Prix|RUS|22|fast,2022_Monaco_Grand_Prix,RUS,22,1890003.884,1890012.271,1890013.036,8.387,9.153,0.300,0,fast_local,redis_cache,0.765,rain+overtake+pit_window
2022_Monaco_Grand_Prix|RUS|22|smart,2022_Monaco_Grand_Prix,RUS,22,1890003.884,1892196.627,1892353.527,2192.743,2349.643,0.300,0,smart_cloud,cassandra,156.900,rain+overtake+pit_window
2022_Monaco_Grand_Prix|SAI|22|fast,2022_Monaco_Grand_Prix,SAI,22,1890004.005,1890004.619,1890005.384,0.614,1.379,0.450,0,fast_local,redis_cache,0.765,rain+overtake+pit_window
2022_Monaco_Grand_Prix|SAI|22|smart,2022_Monaco_Grand_Prix,SAI,22,1890004.005,1890313.827,1890470.727,309.822,466.722,0.450,0,smart_cloud,cassandra,156.900,rain+overtake+pit_window
2022_Monaco_Grand_Prix|STR|22|fast,2022_Monaco_Grand_Prix,STR,22,1890004.007,1890005.384,1890006.149,1.376,2.142,0.450,0,fast_local,redis_cache,0.765,rain+overtake+pit_window
2022_Monaco_Grand_Prix|STR|22|smart,2022_Monaco_Grand_Prix,STR,22,1890004.007,1890470.727,1890627.627,466.720,623.620,0.450,0,smart_cloud,cassandra,156.900,rain+overtake+pit_window
2022_Monaco_Grand_Prix|TSU|22|fast,2022_Monaco_Grand_Prix,TSU,22,1890004.190,1890013.036,1890013.802,8.847,9.612,0.300,0,fast_local,redis_cache,0.765,rain+overtake+pit_window
2022_Monaco_Grand_Prix|TSU|22|smart,2022_Monaco_Grand_Prix,TSU,22,1890004.190,1892353.527,1892510.427,2349.337,2506.237,0.300,0,smart_cloud,cassandra,156.900,rain+overtake+pit_window
2022_Monaco_Grand_Prix|VER|22|fast,2022_Monaco_Grand_Prix,VER,22,1890004.247,1890006.914,1890007.680,2.667,3.433,0.350,0,fast_local,redis_cache,0.765,rain+overtake+pit_window
2022_Monaco_Grand_Prix|VER|22|smart,2022_Monaco_Grand_Prix,VER,22,1890004.247,1890941.427,1891098.327,937.180,1094.080,0.350,0,smart_cloud,cassandra,156.900,rain+overtake+pit_window
2022_Monaco_Grand_Prix|VET|22|fast,2022_Monaco_Grand_Prix,VET,22,1890004.553,1890013.802,1890014.567,9.248,10.014,0.300,0,fast_local,redis_cache,0.765,rain+overtake+pit_window
2022_Monaco_Grand_Prix|VET|22|smart,2022_Monaco_Grand_Prix,VET,22,1890004.553,1892510.427,1892667.327,2505.874,2662.774,0.300,0,smart_cloud,cassandra,156.900,rain+overtake+pit_window
2022_Monaco_Grand_Prix|ZHO|22|fast,2022_Monaco_Grand_Prix,ZHO,22,1890004.639,1890006.149,1890006.914,1.510,2.275,0.450,0,fast_local,redis_cache,0.765,rain+overtake+pit_window
2022_Monaco_Grand_Prix|ZHO|22|smart,2022_Monaco_Grand_Prix,ZHO,22,1890004.639,1890627.627,1890784.527,622.988,779.888,0.450,0,smart_cloud,cassandra,156.900,rain+overtake+pit_window
2022_Monaco_Grand_Prix|ALB|23|fast,2022_Monaco_Grand_Prix,ALB,23,1980000.212,1980000.212,1980000.977,0.000,0.765,0.300,0,fast_local,redis_cache,0.765,rain+overtake+pit_window
2022_Monaco_Grand_Prix|ALB|23|smart,2022_Monaco_Grand_Prix,ALB,23,1980000.212,1980000.212,1980157.112,0.000,156.900,0.300,0,smart_cloud,cassandra,156.900,rain+overtake+pit_window
2022_Monaco_Grand_Prix|ALO|23|fast,2022_Monaco_Grand_Prix,ALO,23,1980000.273,1980007.099,1980007.864,6.827,7.592,0.300,0,fast_local,redis_cache,0.765,rain+overtake+pit_window
2022_Monaco_Grand_Prix|ALO|23|smart,2022_Monaco_Grand_Prix,ALO,23,1980000.273,1981098.512,1981255.412,1098.239,1255.139,0.300,0,smart_cloud,cassandra,156.900,rain+overtake+pit_window
2022_Monaco_Grand_Prix|BOT|23|fast,2022_Monaco_Grand_Prix,BOT,23,1980000.459,1980000.977,1980001.742,0.518,1.284,0.450,0,fast_local,redis_cache,0.765,rain+overtake+pit_window
2022_Monaco_Grand_Prix|BOT|23|smart,2022_Monaco_Grand_Prix,BOT,23,1980000.459,1980157.112,1980314.012,156.653,313.553,0.450,0,smart_cloud,cassandra,156.900,rain+overtake+pit_window
2022_Monaco_Grand_Prix|GAS|23|fast,2022_Monaco_Grand_Prix,GAS,23,1980000.625,1980001.742,1980002.508,1.118,1.883,0.450,0,fast_local,redis_cache,0.765,rain+overtake+pit_window
2022_Monaco_Grand_Prix|GAS|23|smart,2022_Monaco_Grand_Prix,GAS,23,1980000.625,1980314.012,1980470.912,313.387,470.287,0.450,0,smart_cloud,cassandra,156.900,rain+overtake+pit_window
2022_Monaco_Grand_Prix|HAM|23|fast,2022_Monaco_Grand_Prix,HAM,23,1980000.776,1980007.864,1980008.630,7.088,7.853,0.300,0,fast_local,redis_cache,0.765,rain+overtake+pit_window
2022_Monaco_Grand_Prix|HAM|23|smart,2022_Monaco_Grand_Prix,HAM,23,1980000.776,1981255.412,1981412.312,1254.636,1411.536,0.300,0,smart_cloud,cassandra,156.900,rain+overtake+pit_window
2022_Monaco_Grand_Prix|LAT|23|fast,2022_Monaco_Grand_Prix,LAT,23,1980000.866,1980008.630,1980009.395,7.764,8.529,0.300,0,fast_local,redis_cache,0.765,rain+overtake+pit_window
2022_Monaco_Grand_Prix|LAT|23|smart,2022_Monaco_Grand_Prix,LAT,23,1980000.866,1981412.312,1981569.212,1411.446,1568.346,0.300,0,smart_cloud,cassandra,156.900,rain+overtake+pit_window
2022_Monaco_Grand_Prix|LEC|23|fast,2022_Monaco_Grand_Prix,LEC,23,1980000.965,1980002.508,1980003.273,1.542,2.308,0.350,0,fast_local,redis_cache,0.765,rain+overtake+pit_window
2022_Monaco_Grand_Prix|LEC|23|smart,2022_Monaco_Grand_Prix,LEC,23,1980000.965,1980941.612,1981098.512,940.647,1097.547,0.350,0,smart_cloud,cassandra,156.900,rain+overtake+pit_window
2022_Monaco_Grand_Prix|MSC|23|fast,2022_Monaco_Grand_Prix,MSC,23,1980001.354,1980009.395,1980010.160,8.041,8.806,0.300,0,fast_local,redis_cache,0.765,rain+overtake+pit_window
2022_Monaco_Grand_Prix|MSC|23|smart,2022_Monaco_Grand_Prix,MSC,23,1980001.354,1981569.212,1981726.112,1567.858,1724.758,0.300,0,smart_cloud,cassandra,156.900,rain+overtake+pit_window
2022_Monaco_Grand_Prix|NOR|23|fast,2022_Monaco_Grand_Prix,NOR,23,1980002.523,1980010.160,1980010.925,7.637,8.403,0.300,0,fast_local,redis_cache,0.765,rain+overtake+pit_window
2022_Monaco_Grand_Prix|NOR|23|smart,2022_Monaco_Grand_Prix,NOR,23,1980002.523,1981726.112,1981883.012,1723.589,1880.489,0.300,0,smart_cloud,cassandra,156.900,rain+overtake+pit_window
2022_Monaco_Grand_Prix|OCO|23|fast,2022_Monaco_Grand_Prix,OCO,23,1980003.058,1980010.925,1980011.691,7.868,8.633,0.300,0,fast_local,redis_cache,0.765,rain+overtake+pit_window
2022_Monaco_Grand_Prix|OCO|23|smart,2022_Monaco_Grand_Prix,OCO,23,1980003.058,1981883.012,1982039.912,1879.954,2036.854,0.300,0,smart_cloud,cassandra,156.900,rain+overtake+pit_window
2022_Monaco_Grand_Prix|PER|23|fast,2022_Monaco_Grand_Prix,PER,23,1980003.082,1980003.273,1980004.038,0.191,0.956,0.650,1,fast_local,redis_cache,0.765,rain+overtake+pit_window
2022_Monaco_Grand_Prix|RIC|23|fast,2022_Monaco_Grand_Prix,RIC,23,1980003.150,1980011.691,1980012.456,8.540,9.306,0.300,0,fast_local,redis_cache,0.765,rain+overtake+pit_window
2022_Monaco_Grand_Prix|RIC|23|smart,2022_Monaco_Grand_Prix,RIC,23,1980003.150,1982039.912,1982196.812,2036.762,2193.662,0.300,0,smart_cloud,cassandra,156.900,rain+overtake+pit_window
2022_Monaco_Grand_Prix|RUS|23|fast,2022_Monaco_Grand_Prix,RUS,23,1980003.548,1980012.456,1980013.221,8.908,9.673,0.300,0,fast_local,redis_cache,0.765,rain+overtake+pit_window
2022_Monaco_Grand_Prix|RUS|23|smart,2022_Monaco_Grand_Prix,RUS,23,1980003.548,1982196.812,1982353.712,2193.264,2350.164,0.300,0,smart_cloud,cassandra,156.900,rain+overtake+pit_window
2022_Monaco_Grand_Prix|SAI|23|fast,2022_Monaco_Grand_Prix,SAI,23,1980003.550,1980004.038,1980004.803,0.488,1.254,0.450,0,fast_local,redis_cache,0.765,rain+overtake+pit_window
2022_Monaco_Grand_Prix|SAI|23|smart,2022_Monaco_Grand_Prix,SAI,23,1980003.550,1980470.912,1980627.812,467.362,624.262,0.450,0,smart_cloud,cassandra,156.900,rain+overtake+pit_window
2022_Monaco_Grand_Prix|STR|23|fast,2022_Monaco_Grand_Prix,STR,23,1980003.673,1980005.569,1980006.334,1.895,2.661,0.450,0,fast_local,redis_cache,0.765,rain+overtake+pit_window
2022_Monaco_Grand_Prix|STR|23|smart,2022_Monaco_Grand_Prix,STR,23,1980003.673,1980627.812,1980784.712,624.139,781.039,0.450,0,smart_cloud,cassandra,156.900,rain+overtake+pit_window
2022_Monaco_Grand_Prix|TSU|23|fast,2022_Monaco_Grand_Prix,TSU,23,1980003.726,1980013.221,1980013.986,9.495,10.260,0.300,0,fast_local,redis_cache,0.765,rain+overtake+pit_window
2022_Monaco_Grand_Prix|TSU|23|smart,2022_Monaco_Grand_Prix,TSU,23,1980003.726,1982353.712,1982510.612,2349.986,2506.886,0.300,0,smart_cloud,cassandra,156.900,rain+overtake+pit_window
2022_Monaco_Grand_Prix|VER|23|fast,2022_Monaco_Grand_Prix,VER,23,1980004.256,1980006.334,1980007.099,2.078,2.843,0.450,0,fast_local,redis_cache,0.765,rain+overtake+pit_window
2022_Monaco_Grand_Prix|VER|23|smart,2022_Monaco_Grand_Prix,VER,23,1980004.256,1980784.712,1980941.612,780.456,937.356,0.450,0,smart_cloud,cassandra,156.900,rain+overtake+pit_window
2022_Monaco_Grand_Prix|VET|23|fast,2022_Monaco_Grand_Prix,VET,23,1980004.421,1980004.803,1980005.569,0.383,1.148,0.700,1,fast_local,redis_cache,0.765,rain+overtake+pit_window
2022_Monaco_Grand_Prix|ZHO|23|fast,2022_Monaco_Grand_Prix,ZHO,23,1980004.901,1980013.986,1980014.752,9.085,9.850,0.300,0,fast_local,redis_cache,0.765,rain+overtake+pit_window
2022_Monaco_Grand_Prix|ZHO|23|smart,2022_Monaco_Grand_Prix,ZHO,23,1980004.901,1982510.612,1982667.512,2505.711,2662.611,0.300,0,smart_cloud,cassandra,156.900,rain+overtake+pit_window
2022_Monaco_Grand_Prix|ALB|24|fast,2022_Monaco_Grand_Prix,ALB,24,2070000.596,2070000.596,2070001.361,0.000,0.765,0.300,0,fast_local,redis_cache,0.765,rain+overtake+pit_window
2022_Monaco_Grand_Prix|ALB|24|smart,2022_Monaco_Grand_Prix,ALB,24,2070000.596,2070000.596,2070157.496,0.000,156.900,0.300,0,smart_cloud,cassandra,156.900,rain+overtake+pit_window
2022_Monaco_Grand_Prix|ALO|24|fast,2022_Monaco_Grand_Prix,ALO,24,2070000.670,2070010.544,2070011.310,9.874,10.639,0.300,0,fast_local,redis_cache,0.765,rain+overtake+pit_window
2022_Monaco_Grand_Prix|ALO|24|smart,2022_Monaco_Grand_Prix,ALO,24,2070000.670,2071412.696,2071569.596,1412.026,1568.926,0.300,0,smart_cloud,cassandra,156.900,rain+overtake+pit_window
2022_Monaco_Grand_Prix|BOT|24|fast,2022_Monaco_Grand_Prix,BOT,24,2070000.726,2070011.310,2070012.075,10.584,11.349,0.300,0,fast_local,redis_cache,0.765,rain+overtake+pit_window
2022_Monaco_Grand_Prix|BOT|24|smart,2022_Monaco_Grand_Prix,BOT,24,2070000.726,2071569.596,2071726.496,1568.870,1725.770,0.300,0,smart_cloud,cassandra,156.900,rain+overtake+pit_window
2022_Monaco_Grand_Prix|GAS|24|fast,2022_Monaco_Grand_Prix,GAS,24,2070000.742,2070001.361,2070002.127,0.619,1.384,0.450,0,fast_local,redis_cache,0.765,rain+overtake+pit_window
2022_Monaco_Grand_Prix|GAS|24|smart,2022_Monaco_Grand_Prix,GAS,24,2070000.742,2070314.396,2070471.296,313.654,470.554,0.450,0,smart_cloud,cassandra,156.900,rain+overtake+pit_window
2022_Monaco_Grand_Prix|HAM|24|fast,2022_Monaco_Grand_Prix,HAM,24,2070000.918,2070012.075,2070012.840,11.157,11.922,0.300,0,fast_local,redis_cache,0.765,rain+overtake+pit_window
2022_Monaco_Grand_Prix|HAM|24|smart,2022_Monaco_Grand_Prix,HAM,24,2070000.918,2071726.496,2071883.396,1725.578,1882.478,0.300,0,smart_cloud,cassandra,156.900,rain+overtake+pit_window
2022_Monaco_Grand_Prix|LAT|24|fast,2022_Monaco_Grand_Prix,LAT,24,2070001.507,2070012.840,2070013.605,11.333,12.099,0.300,0,fast_local,redis_cache,0.765,rain+overtake+pit_window
2022_Monaco_Grand_Prix|LAT|24|smart,2022_Monaco_Grand_Prix,LAT,24,2070001.507,2071883.396,2072040.296,1881.889,2038.789,0.300,0,smart_cloud,cassandra,156.900,rain+overtake+pit_window
2022_Monaco_Grand_Prix|LEC|24|fast,2022_Monaco_Grand_Prix,LEC,24,2070002.020,2070002.127,2070002.892,0.106,0.872,0.450,0,fast_local,redis_cache,0.765,rain+overtake+pit_window
2022_Monaco_Grand_Prix|LEC|24|smart,2022_Monaco_Grand_Prix,LEC,24,2070002.020,2070471.296,2070628.196,469.276,626.176,0.450,0,smart_cloud,cassandra,156.900,rain+overtake+pit_window
2022_Monaco_Grand_Prix|MSC|24|fast,2022_Monaco_Grand_Prix,MSC,24,2070002.293,2070002.892,2070003.657,0.599,1.364,0.450,0,fast_local,redis_cache,0.765,rain+overtake+pit_window
2022_Monaco_Grand_Prix|MSC|24|smart,2022_Monaco_Grand_Prix,MSC,24,2070002.293,2070628.196,2070785.096,625.903,782.803,0.450,0,smart_cloud,cassandra,156.900,rain+overtake+pit_window
2022_Monaco_Grand_Prix|NOR|24|fast,2022_Monaco_Grand_Prix,NOR,24,2070002.371,2070009.779,2070010.544,7.408,8.174,0.350,0,fast_local,redis_cache,0.765,rain+overtake+pit_window
2022_Monaco_Grand_Prix|NOR|24|smart,2022_Monaco_Grand_Prix,NOR,24,2070002.371,2071255.796,2071412.696,1253.425,1410.325,0.350,0,smart_cloud,cassandra,156.900,rain+overtake+pit_window
2022_Monaco_Grand_Prix|OCO|24|fast,2022_Monaco_Grand_Prix,OCO,24,2070002.542,2070013.605,2070014.371,11.064,11.829,0.300,0,fast_local,redis_cache,0.765,rain+overtake+pit_window
2022_Monaco_Grand_Prix|OCO|24|smart,2022_Monaco_Grand_Prix,OCO,24,2070002.542,2072040.296,2072197.196,2037.754,2194.654,0.300,0,smart_cloud,cassandra,156.900,rain+overtake+pit_window
2022_Monaco_Grand_Prix|PER|24|fast,2022_Monaco_Grand_Prix,PER,24,2070002.862,2070007.483,2070008.249,4.621,5.387,0.450,0,fast_local,redis_cache,0.765,rain+overtake+pit_window
2022_Monaco_Grand_Prix|PER|24|smart,2022_Monaco_Grand_Prix,PER,24,2070002.862,2070785.096,2070941.996,782.234,939.134,0.450,0,smart_cloud,cassandra,156.900,rain+overtake+pit_window
2022_Monaco_Grand_Prix|RIC|24|fast,2022_Monaco_Grand_Prix,RIC,24,2070002.890,2070008.249,2070009.014,5.359,6.124,0.450,0,fast_local,redis_cache,0.765,rain+overtake+pit_window
2022_Monaco_Grand_Prix|RIC|24|smart,2022_Monaco_Grand_Prix,RIC,24,2070002.890,2070941.996,2071098.896,939.106,1096.006,0.450,0,smart_cloud,cassandra,156.900,rain+overtake+pit_window
2022_Monaco_Grand_Prix|RUS|24|fast,2022_Monaco_Grand_Prix,RUS,24,2070003.182,2070009.014,2070009.779,5.832,6.597,0.450,0,fast_local,redis_cache,0.765,rain+overtake+pit_window
2022_Monaco_Grand_Prix|RUS|24|smart,2022_Monaco_Grand_Prix,RUS,24,2070003.182,2071098.896,2071255.796,1095.714,1252.614,0.450,0,smart_cloud,cassandra,156.900,rain+overtake+pit_window
2022_Monaco_Grand_Prix|SAI|24|fast,2022_Monaco_Grand_Prix,SAI,24,2070003.246,2070003.657,2070004.422,0.411,1.176,0.700,1,fast_local,redis_cache,0.765,rain+overtake+pit_window
2022_Monaco_Grand_Prix|STR|24|fast,2022_Monaco_Grand_Prix,STR,24,2070003.499,2070004.422,2070005.188,0.923,1.689,0.500,1,fast_local,redis_cache,0.765,rain+overtake+pit_window
2022_Monaco_Grand_Prix|STR|24|smart,2022_Monaco_Grand_Prix,STR,24,2070003.499,2070157.496,2070314.396,153.997,310.897,0.500,1,smart_cloud,cassandra,156.900,rain+overtake+pit_window
2022_Monaco_Grand_Prix|TSU|24|fast,2022_Monaco_Grand_Prix,TSU,24,2070003.920,2070014.371,2070015.136,10.450,11.215,0.300,0,fast_local,redis_cache,0.765,rain+overtake+pit_window
2022_Monaco_Grand_Prix|TSU|24|smart,2022_Monaco_Grand_Prix,TSU,24,2070003.920,2072197.196,2072354.096,2193.276,2350.176,0.300,0,smart_cloud,cassandra,156.900,rain+overtake+pit_window
2022_Monaco_Grand_Prix|VER|24|fast,2022_Monaco_Grand_Prix,VER,24,2070004.703,2070005.188,2070005.953,0.485,1.250,0.800,1,fast_local,redis_cache,0.765,rain+overtake+pit_window
2022_Monaco_Grand_Prix|VET|24|fast,2022_Monaco_Grand_Prix,VET,24,2070004.730,2070005.953,2070006.718,1.223,1.988,0.650,1,fast_local,redis_cache,0.765,rain+overtake+pit_window
2022_Monaco_Grand_Prix|ZHO|24|fast,2022_Monaco_Grand_Prix,ZHO,24,2070004.900,2070006.718,2070007.483,1.818,2.583,0.650,1,fast_local,redis_cache,0.765,rain+overtake+pit_window
2022_Monaco_Grand_Prix|ALB|25|fast,2022_Monaco_Grand_Prix,ALB,25,2160000.180,2160000.180,2160000.946,0.000,0.765,0.600,1,fast_local,redis_cache,0.765,caution+rain+overtake
2022_Monaco_Grand_Prix|ALO|25|fast,2022_Monaco_Grand_Prix,ALO,25,2160001.088,2160001.088,2160001.853,0.000,0.765,0.300,0,fast_local,redis_cache,0.765,caution+rain+overtake
2022_Monaco_Grand_Prix|ALO|25|smart,2022_Monaco_Grand_Prix,ALO,25,2160001.088,2160001.088,2160157.988,0.000,156.900,0.300,0,smart_cloud,cassandra,156.900,caution+rain+overtake
2022_Monaco_Grand_Prix|BOT|25|fast,2022_Monaco_Grand_Prix,BOT,25,2160001.128,2160010.271,2160011.036,9.143,9.908,0.300,0,fast_local,redis_cache,0.765,caution+rain+overtake
2022_Monaco_Grand_Prix|BOT|25|smart,2022_Monaco_Grand_Prix,BOT,25,2160001.128,2160785.588,2160942.488,784.460,941.360,0.300,0,smart_cloud,cassandra,156.900,caution+rain+overtake
2022_Monaco_Grand_Prix|GAS|25|fast,2022_Monaco_Grand_Prix,GAS,25,2160001.390,2160007.975,2160008.741,6.585,7.350,0.450,0,fast_local,redis_cache,0.765,caution+rain+overtake
2022_Monaco_Grand_Prix|GAS|25|smart,2022_Monaco_Grand_Prix,GAS,25,2160001.390,2160314.888,2160471.788,313.498,470.398,0.450,0,smart_cloud,cassandra,156.900,caution+rain+overtake
2022_Monaco_Grand_Prix|HAM|25|fast,2022_Monaco_Grand_Prix,HAM,25,2160001.524,2160011.036,2160011.802,9.513,10.278,0.300,0,fast_local,redis_cache,0.765,caution+rain+overtake
2022_Monaco_Grand_Prix|HAM|25|smart,2022_Monaco_Grand_Prix,HAM,25,2160001.524,2160942.488,2161099.388,940.965,1097.865,0.300,0,smart_cloud,cassandra,156.900,caution+rain+overtake
2022_Monaco_Grand_Prix|LAT|25|fast,2022_Monaco_Grand_Prix,LAT,25,2160001.585,2160001.853,2160002.619,0.268,1.033,0.600,1,fast_local,redis_cache,0.765,caution+rain+overtake
2022_Monaco_Grand_Prix|LEC|25|fast,2022_Monaco_Grand_Prix,LEC,25,2160002.044,2160008.741,2160009.506,6.697,7.462,0.450,0,fast_local,redis_cache,0.765,caution+rain+overtake
2022_Monaco_Grand_Prix|LEC|25|smart,2022_Monaco_Grand_Prix,LEC,25,2160002.044,2160471.788,2160628.688,469.744,626.644,0.450,0,smart_cloud,cassandra,156.900,caution+rain+overtake
2022_Monaco_Grand_Prix|NOR|25|fast,2022_Monaco_Grand_Prix,NOR,25,2160002.059,2160011.802,2160012.567,9.743,10.508,0.300,0,fast_local,redis_cache,0.765,caution+rain+overtake
2022_Monaco_Grand_Prix|NOR|25|smart,2022_Monaco_Grand_Prix,NOR,25,2160002.059,2161099.388,2161256.288,1097.329,1254.229,0.300,0,smart_cloud,cassandra,156.900,caution+rain+overtake
2022_Monaco_Grand_Prix|OCO|25|fast,2022_Monaco_Grand_Prix,OCO,25,2160002.092,2160012.567,2160013.332,10.475,11.240,0.300,0,fast_local,redis_cache,0.765,caution+rain+overtake
2022_Monaco_Grand_Prix|OCO|25|smart,2022_Monaco_Grand_Prix,OCO,25,2160002.092,2161256.288,2161413.188,1254.196,1411.096,0.300,0,smart_cloud,cassandra,156.900,caution+rain+overtake
2022_Monaco_Grand_Prix|PER|25|fast,2022_Monaco_Grand_Prix,PER,25,2160002.140,2160009.506,2160010.271,7.366,8.132,0.450,0,fast_local,redis_cache,0.765,caution+rain+overtake
2022_Monaco_Grand_Prix|PER|25|smart,2022_Monaco_Grand_Prix,PER,25,2160002.140,2160628.688,2160785.588,626.549,783.449,0.450,0,smart_cloud,cassandra,156.900,caution+rain+overtake
2022_Monaco_Grand_Prix|RIC|25|fast,2022_Monaco_Grand_Prix,RIC,25,2160002.371,2160002.619,2160003.384,0.248,1.013,0.600,1,fast_local,redis_cache,0.765,caution+rain+overtake
2022_Monaco_Grand_Prix|RUS|25|fast,2022_Monaco_Grand_Prix,RUS,25,2160002.829,2160013.332,2160014.097,10.503,11.269,0.300,0,fast_local,redis_cache,0.765,caution+rain+overtake
2022_Monaco_Grand_Prix|RUS|25|smart,2022_Monaco_Grand_Prix,RUS,25,2160002.829,2161413.188,2161570.088,1410.359,1567.259,0.300,0,smart_cloud,cassandra,156.900,caution+rain+overtake
2022_Monaco_Grand_Prix|SAI|25|fast,2022_Monaco_Grand_Prix,SAI,25,2160002.862,2160007.210,2160007.975,4.348,5.113,0.500,1,fast_local,redis_cache,0.765,caution+rain+overtake
2022_Monaco_Grand_Prix|SAI|25|smart,2022_Monaco_Grand_Prix,SAI,25,2160002.862,2160157.988,2160314.888,155.126,312.026,0.500,1,smart_cloud,cassandra,156.900,caution+rain+overtake
2022_Monaco_Grand_Prix|STR|25|fast,2022_Monaco_Grand_Prix,STR,25,2160002.942,2160006.445,2160007.210,3.503,4.269,0.600,1,fast_local,redis_cache,0.765,caution+rain+overtake
2022_Monaco_Grand_Prix|TSU|25|fast,2022_Monaco_Grand_Prix,TSU,25,2160003.055,2160003.384,2160004.149,0.329,1.094,0.950,1,fast_local,redis_cache,0.765,caution+rain+overtake
2022_Monaco_Grand_Prix|VER|25|fast,2022_Monaco_Grand_Prix,VER,25,2160003.173,2160004.914,2160005.680,1.741,2.507,0.700,1,fast_local,redis_cache,0.765,caution+rain+overtake
2022_Monaco_Grand_Prix|VET|25|fast,2022_Monaco_Grand_Prix,VET,25,2160003.240,2160005.680,2160006.445,2.440,3.205,0.650,1,fast_local,redis_cache,0.765,caution+rain+overtake
2022_Monaco_Grand_Prix|ZHO|25|fast,2022_Monaco_Grand_Prix,ZHO,25,2160003.510,2160004.149,2160004.914,0.639,1.404,0.750,1,fast_local,redis_cache,0.765,caution+rain+overtake
2022_Monaco_Grand_Prix|ALB|26|fast,2022_Monaco_Grand_Prix,ALB,26,2250000.579,2250000.579,2250001.345,0.000,0.765,0.600,1,fast_local,redis_cache,0.765,caution+rain+overtake
2022_Monaco_Grand_Prix|ALO|26|fast,2022_Monaco_Grand_Prix,ALO,26,2250001.572,2250001.572,2250002.338,0.000,0.765,0.600,1,fast_local,redis_cache,0.765,caution+rain+overtake
2022_Monaco_Grand_Prix|BOT|26|fast,2022_Monaco_Grand_Prix,BOT,26,2250001.581,2250008.460,2250009.225,6.878,7.644,0.600,1,fast_local,redis_cache,0.765,caution+rain+overtake
2022_Monaco_Grand_Prix|GAS|26|fast,2022_Monaco_Grand_Prix,GAS,26,2250001.803,2250002.338,2250003.103,0.534,1.299,0.750,1,fast_local,redis_cache,0.765,caution+rain+overtake
2022_Monaco_Grand_Prix|HAM|26|fast,2022_Monaco_Grand_Prix,HAM,26,2250002.157,2250009.225,2250009.990,7.068,7.833,0.600,1,fast_local,redis_cache,0.765,caution+rain+overtake
2022_Monaco_Grand_Prix|LAT|26|fast,2022_Monaco_Grand_Prix,LAT,26,2250002.471,2250009.990,2250010.755,7.519,8.285,0.600,1,fast_local,redis_cache,0.765,caution+rain+overtake
2022_Monaco_Grand_Prix|LEC|26|fast,2022_Monaco_Grand_Prix,LEC,26,2250002.518,2250003.103,2250003.868,0.585,1.350,0.750,1,fast_local,redis_cache,0.765,caution+rain+overtake
2022_Monaco_Grand_Prix|NOR|26|fast,2022_Monaco_Grand_Prix,NOR,26,2250002.564,2250010.755,2250011.521,8.192,8.957,0.600,1,fast_local,redis_cache,0.765,caution+rain+overtake
2022_Monaco_Grand_Prix|OCO|26|fast,2022_Monaco_Grand_Prix,OCO,26,2250002.601,2250011.521,2250012.286,8.919,9.684,0.600,1,fast_local,redis_cache,0.765,caution+rain+overtake
2022_Monaco_Grand_Prix|PER|26|fast,2022_Monaco_Grand_Prix,PER,26,2250002.746,2250006.164,2250006.929,3.418,4.183,0.750,1,fast_local,redis_cache,0.765,caution+rain+overtake
2022_Monaco_Grand_Prix|RIC|26|fast,2022_Monaco_Grand_Prix,RIC,26,2250003.130,2250012.286,2250013.051,9.156,9.921,0.600,1,fast_local,redis_cache,0.765,caution+rain+overtake
2022_Monaco_Grand_Prix|RUS|26|fast,2022_Monaco_Grand_Prix,RUS,26,2250003.262,2250013.051,2250013.816,9.789,10.554,0.600,1,fast_local,redis_cache,0.765,caution+rain+overtake
2022_Monaco_Grand_Prix|SAI|26|fast,2022_Monaco_Grand_Prix,SAI,26,2250003.684,2250003.868,2250004.633,0.184,0.950,1.000,1,fast_local,redis_cache,0.765,caution+rain+overtake
2022_Monaco_Grand_Prix|STR|26|fast,2022_Monaco_Grand_Prix,STR,26,2250003.937,2250013.816,2250014.582,9.879,10.644,0.600,1,fast_local,redis_cache,0.765,caution+rain+overtake
2022_Monaco_Grand_Prix|TSU|26|fast,2022_Monaco_Grand_Prix,TSU,26,2250003.999,2250006.929,2250007.694,2.930,3.695,0.750,1,fast_local,redis_cache,0.765,caution+rain+overtake
2022_Monaco_Grand_Prix|VER|26|fast,2022_Monaco_Grand_Prix,VER,26,2250004.187,2250004.633,2250005.399,0.446,1.212,1.000,1,fast_local,redis_cache,0.765,caution+rain+overtake
2022_Monaco_Grand_Prix|VET|26|fast,2022_Monaco_Grand_Prix,VET,26,2250004.432,2250005.399,2250006.164,0.966,1.732,0.950,1,fast_local,redis_cache,0.765,caution+rain+overtake
2022_Monaco_Grand_Prix|ZHO|26|fast,2022_Monaco_Grand_Prix,ZHO,26,2250004.605,2250007.694,2250008.460,3.089,3.854,0.650,1,fast_local,redis_cache,0.765,caution+rain+overtake
2022_Monaco_Grand_Prix|ALB|27|fast,2022_Monaco_Grand_Prix,ALB,27,2340000.073,2340000.073,2340000.839,0.000,0.765,0.500,1,fast_local,redis_cache,0.765,caution+rain+overtake
2022_Monaco_Grand_Prix|ALB|27|smart,2022_Monaco_Grand_Prix,ALB,27,2340000.073,2340000.073,2340156.973,0.000,156.900,0.500,1,smart_cloud,cassandra,156.900,caution+rain+overtake
2022_Monaco_Grand_Prix|ALO|27|fast,2022_Monaco_Grand_Prix,ALO,27,2340000.278,2340001.604,2340002.369,1.326,2.091,0.500,1,fast_local,redis_cache,0.765,caution+rain+overtake
2022_Monaco_Grand_Prix|ALO|27|smart,2022_Monaco_Grand_Prix,ALO,27,2340000.278,2340156.973,2340313.873,156.696,313.596,0.500,1,smart_cloud,cassandra,156.900,caution+rain+overtake
2022_Monaco_Grand_Prix|BOT|27|fast,2022_Monaco_Grand_Prix,BOT,27,2340000.360,2340002.369,2340003.134,2.009,2.774,0.500,1,fast_local,redis_cache,0.765,caution+rain+overtake
2022_Monaco_Grand_Prix|BOT|27|smart,2022_Monaco_Grand_Prix,BOT,27,2340000.360,2340313.873,2340470.773,313.513,470.413,0.500,1,smart_cloud,cassandra,156.900,caution+rain+overtake
2022_Monaco_Grand_Prix|GAS|27|fast,2022_Monaco_Grand_Prix,GAS,27,2340000.598,2340000.839,2340001.604,0.240,1.006,0.650,1,fast_local,redis_cache,0.765,caution+rain+overtake
2022_Monaco_Grand_Prix|HAM|27|fast,2022_Monaco_Grand_Prix,HAM,27,2340000.768,2340003.134,2340003.900,2.366,3.132,0.500,1,fast_local,redis_cache,0.765,caution+rain+overtake
2022_Monaco_Grand_Prix|HAM|27|smart,2022_Monaco_Grand_Prix,HAM,27,2340000.768,2340470.773,2340627.673,470.005,626.905,0.500,1,smart_cloud,cassandra,156.900,caution+rain+overtake
2022_Monaco_Grand_Prix|LAT|27|fast,2022_Monaco_Grand_Prix,LAT,27,2340000.865,2340003.900,2340004.665,3.035,3.800,0.500,1,fast_local,redis_cache,0.765,caution+rain+overtake
2022_Monaco_Grand_Prix|LAT|27|smart,2022_Monaco_Grand_Prix,LAT,27,2340000.865,2340627.673,2340784.573,626.808,783.708,0.500,1,smart_cloud,cassandra,156.900,caution+rain+overtake
2022_Monaco_Grand_Prix|LEC|27|fast,2022_Monaco_Grand_Prix,LEC,27,2340001.403,2340006.961,2340007.726,5.558,6.323,0.500,1,fast_local,redis_cache,0.765,caution+rain+overtake
2022_Monaco_Grand_Prix|LEC|27|smart,2022_Monaco_Grand_Prix,LEC,27,2340001.403,2340784.573,2340941.473,783.170,940.070,0.500,1,smart_cloud,cassandra,156.900,caution+rain+overtake
2022_Monaco_Grand_Prix|NOR|27|fast,2022_Monaco_Grand_Prix,NOR,27,2340001.569,2340007.726,2340008.491,6.156,6.922,0.500,1,fast_local,redis_cache,0.765,caution+rain+overtake
2022_Monaco_Grand_Prix|NOR|27|smart,2022_Monaco_Grand_Prix,NOR,27,2340001.569,2340941.473,2341098.373,939.904,1096.804,0.500,1,smart_cloud,cassandra,156.900,caution+rain+overtake
2022_Monaco_Grand_Prix|OCO|27|fast,2022_Monaco_Grand_Prix,OCO,27,2340001.671,2340008.491,2340009.256,6.821,7.586,0.500,1,fast_local,redis_cache,0.765,caution+rain+overtake
2022_Monaco_Grand_Prix|OCO|27|smart,2022_Monaco_Grand_Prix,OCO,27,2340001.671,2341098.373,2341255.273,1096.703,1253.603,0.500,1,smart_cloud,cassandra,156.900,caution+rain+overtake
2022_Monaco_Grand_Prix|PER|27|fast,2022_Monaco_Grand_Prix,PER,27,2340001.825,2340009.256,2340010.022,7.432,8.197,0.500,1,fast_local,redis_cache,0.765,caution+rain+overtake
2022_Monaco_Grand_Prix|PER|27|smart,2022_Monaco_Grand_Prix,PER,27,2340001.825,2341255.273,2341412.173,1253.449,1410.349,0.500,1,smart_cloud,cassandra,156.900,caution+rain+overtake
2022_Monaco_Grand_Prix|RIC|27|fast,2022_Monaco_Grand_Prix,RIC,27,2340001.861,2340010.022,2340010.787,8.160,8.926,0.500,1,fast_local,redis_cache,0.765,caution+rain+overtake
2022_Monaco_Grand_Prix|RIC|27|smart,2022_Monaco_Grand_Prix,RIC,27,2340001.861,2341412.173,2341569.073,1410.312,1567.212,0.500,1,smart_cloud,cassandra,156.900,caution+rain+overtake
2022_Monaco_Grand_Prix|RUS|27|fast,2022_Monaco_Grand_Prix,RUS,27,2340003.004,2340010.787,2340011.552,7.783,8.548,0.500,1,fast_local,redis_cache,0.765,caution+rain+overtake
2022_Monaco_Grand_Prix|RUS|27|smart,2022_Monaco_Grand_Prix,RUS,27,2340003.004,2341569.073,2341725.973,1566.069,1722.969,0.500,1,smart_cloud,cassandra,156.900,caution+rain+overtake
2022_Monaco_Grand_Prix|SAI|27|fast,2022_Monaco_Grand_Prix,SAI,27,2340003.713,2340011.552,2340012.317,7.839,8.604,0.500,1,fast_local,redis_cache,0.765,caution+rain+overtake
2022_Monaco_Grand_Prix|SAI|27|smart,2022_Monaco_Grand_Prix,SAI,27,2340003.713,2341725.973,2341882.873,1722.260,1879.160,0.500,1,smart_cloud,cassandra,156.900,caution+rain+overtake
2022_Monaco_Grand_Prix|STR|27|fast,2022_Monaco_Grand_Prix,STR,27,2340004.136,2340012.317,2340013.083,8.182,8.947,0.500,1,fast_local,redis_cache,0.765,caution+rain+overtake
2022_Monaco_Grand_Prix|STR|27|smart,2022_Monaco_Grand_Prix,STR,27,2340004.136,2341882.873,2342039.773,1878.738,2035.638,0.500,1,smart_cloud,cassandra,156.900,caution+rain+overtake
2022_Monaco_Grand_Prix|TSU|27|fast,2022_Monaco_Grand_Prix,TSU,27,2340004.210,2340004.665,2340005.430,0.455,1.220,0.650,1,fast_local,redis_cache,0.765,caution+rain+overtake
2022_Monaco_Grand_Prix|VER|27|fast,2022_Monaco_Grand_Prix,VER,27,2340004.283,2340013.083,2340013.848,8.800,9.565,0.500,1,fast_local,redis_cache,0.765,caution+rain+overtake
2022_Monaco_Grand_Prix|VER|27|smart,2022_Monaco_Grand_Prix,VER,27,2340004.283,2342039.773,2342196.673,2035.491,2192.391,0.500,1,smart_cloud,cassandra,156.900,caution+rain+overtake
2022_Monaco_Grand_Prix|VET|27|fast,2022_Monaco_Grand_Prix,VET,27,2340004.792,2340005.430,2340006.195,0.638,1.403,0.850,1,fast_local,redis_cache,0.765,caution+rain+overtake
2022_Monaco_Grand_Prix|ZHO|27|fast,2022_Monaco_Grand_Prix,ZHO,27,2340004.977,2340006.195,2340006.961,1.218,1.983,0.550,1,fast_local,redis_cache,0.765,caution+rain+overtake
2022_Monaco_Grand_Prix|ALB|28|fast,2022_Monaco_Grand_Prix,ALB,28,2430000.054,2430000.054,2430000.819,0.000,0.765,0.500,1,fast_local,redis_cache,0.765,caution+rain+overtake
2022_Monaco_Grand_Prix|ALB|28|smart,2022_Monaco_Grand_Prix,ALB,28,2430000.054,2430000.054,2430156.954,0.000,156.900,0.500,1,smart_cloud,cassandra,156.900,caution+rain+overtake
2022_Monaco_Grand_Prix|ALO|28|fast,2022_Monaco_Grand_Prix,ALO,28,2430000.708,2430000.819,2430001.584,0.111,0.876,0.500,1,fast_local,redis_cache,0.765,caution+rain+overtake
2022_Monaco_Grand_Prix|ALO|28|smart,2022_Monaco_Grand_Prix,ALO,28,2430000.708,2430156.954,2430313.854,156.246,313.146,0.500,1,smart_cloud,cassandra,156.900,caution+rain+overtake
2022_Monaco_Grand_Prix|BOT|28|fast,2022_Monaco_Grand_Prix,BOT,28,2430000.819,2430002.349,2430003.115,1.531,2.296,0.500,1,fast_local,redis_cache,0.765,caution+rain+overtake
2022_Monaco_Grand_Prix|BOT|28|smart,2022_Monaco_Grand_Prix,BOT,28,2430000.819,2430313.854,2430470.754,313.035,469.935,0.500,1,smart_cloud,cassandra,156.900,caution+rain+overtake
2022_Monaco_Grand_Prix|GAS|28|fast,2022_Monaco_Grand_Prix,GAS,28,2430000.830,2430001.584,2430002.349,0.755,1.520,0.650,1,fast_local,redis_cache,0.765,caution+rain+overtake
2022_Monaco_Grand_Prix|HAM|28|fast,2022_Monaco_Grand_Prix,HAM,28,2430001.045,2430007.706,2430008.471,6.661,7.426,0.500,1,fast_local,redis_cache,0.765,caution+rain+overtake
2022_Monaco_Grand_Prix|HAM|28|smart,2022_Monaco_Grand_Prix,HAM,28,2430001.045,2430470.754,2430627.654,469.708,626.608,0.500,1,smart_cloud,cassandra,156.900,caution+rain+overtake
2022_Monaco_Grand_Prix|LAT|28|fast,2022_Monaco_Grand_Prix,LAT,28,2430001.555,2430008.471,2430009.237,6.917,7.682,0.500,1,fast_local,redis_cache,0.765,caution+rain+overtake
2022_Monaco_Grand_Prix|LAT|28|smart,2022_Monaco_Grand_Prix,LAT,28,2430001.555,2430627.654,2430784.554,626.099,782.999,0.500,1,smart_cloud,cassandra,156.900,caution+rain+overtake
2022_Monaco_Grand_Prix|LEC|28|fast,2022_Monaco_Grand_Prix,LEC,28,2430001.939,2430009.237,2430010.002,7.297,8.063,0.500,1,fast_local,redis_cache,0.765,caution+rain+overtake
2022_Monaco_Grand_Prix|LEC|28|smart,2022_Monaco_Grand_Prix,LEC,28,2430001.939,2430784.554,2430941.454,782.614,939.514,0.500,1,smart_cloud,cassandra,156.900,caution+rain+overtake
2022_Monaco_Grand_Prix|NOR|28|fast,2022_Monaco_Grand_Prix,NOR,28,2430002.241,2430010.002,2430010.767,7.761,8.526,0.500,1,fast_local,redis_cache,0.765,caution+rain+overtake
2022_Monaco_Grand_Prix|NOR|28|smart,2022_Monaco_Grand_Prix,NOR,28,2430002.241,2430941.454,2431098.354,939.212,1096.112,0.500,1,smart_cloud,cassandra,156.900,caution+rain+overtake
2022_Monaco_Grand_Prix|OCO|28|fast,2022_Monaco_Grand_Prix,OCO,28,2430002.625,2430010.767,2430011.532,8.142,8.907,0.500,1,fast_local,redis_cache,0.765,caution+rain+overtake
2022_Monaco_Grand_Prix|OCO|28|smart,2022_Monaco_Grand_Prix,OCO,28,2430002.625,2431098.354,2431255.254,1095.728,1252.628,0.500,1,smart_cloud,cassandra,156.900,caution+rain+overtake
2022_Monaco_Grand_Prix|PER|28|fast,2022_Monaco_Grand_Prix,PER,28,2430002.780,2430003.115,2430003.880,0.335,1.100,0.650,1,fast_local,redis_cache,0.765,caution+rain+overtake
2022_Monaco_Grand_Prix|RIC|28|fast,2022_Monaco_Grand_Prix,RIC,28,2430003.204,2430011.532,2430012.298,8.328,9.093,0.500,1,fast_local,redis_cache,0.765,caution+rain+overtake
2022_Monaco_Grand_Prix|RIC|28|smart,2022_Monaco_Grand_Prix,RIC,28,2430003.204,2431255.254,2431412.154,1252.049,1408.949,0.500,1,smart_cloud,cassandra,156.900,caution+rain+overtake
2022_Monaco_Grand_Prix|RUS|28|fast,2022_Monaco_Grand_Prix,RUS,28,2430003.438,2430012.298,2430013.063,8.859,9.625,0.500,1,fast_local,redis_cache,0.765,caution+rain+overtake
2022_Monaco_Grand_Prix|RUS|28|smart,2022_Monaco_Grand_Prix,RUS,28,2430003.438,2431412.154,2431569.054,1408.715,1565.615,0.500,1,smart_cloud,cassandra,156.900,caution+rain+overtake
2022_Monaco_Grand_Prix|SAI|28|fast,2022_Monaco_Grand_Prix,SAI,28,2430003.527,2430003.880,2430004.645,0.353,1.118,0.700,1,fast_local,redis_cache,0.765,caution+rain+overtake
2022_Monaco_Grand_Prix|STR|28|fast,2022_Monaco_Grand_Prix,STR,28,2430003.861,2430013.063,2430013.828,9.202,9.968,0.500,1,fast_local,redis_cache,0.765,caution+rain+overtake
2022_Monaco_Grand_Prix|STR|28|smart,2022_Monaco_Grand_Prix,STR,28,2430003.861,2431569.054,2431725.954,1565.193,1722.093,0.500,1,smart_cloud,cassandra,156.900,caution+rain+overtake
2022_Monaco_Grand_Prix|TSU|28|fast,2022_Monaco_Grand_Prix,TSU,28,2430004.182,2430004.645,2430005.410,0.464,1.229,0.650,1,fast_local,redis_cache,0.765,caution+rain+overtake
2022_Monaco_Grand_Prix|VER|28|fast,2022_Monaco_Grand_Prix,VER,28,2430004.195,2430006.176,2430006.941,1.980,2.746,0.550,1,fast_local,redis_cache,0.765,caution+rain+overtake
2022_Monaco_Grand_Prix|VET|28|fast,2022_Monaco_Grand_Prix,VET,28,2430004.946,2430005.410,2430006.176,0.465,1.230,0.850,1,fast_local,redis_cache,0.765,caution+rain+overtake
2022_Monaco_Grand_Prix|ZHO|28|fast,2022_Monaco_Grand_Prix,ZHO,28,2430004.952,2430006.941,2430007.706,1.989,2.755,0.550,1,fast_local,redis_cache,0.765,caution+rain+overtake
2022_Monaco_Grand_Prix|ALO|29|fast,2022_Monaco_Grand_Prix,ALO,29,2520000.223,2520000.223,2520000.988,0.000,0.765,0.500,1,fast_local,redis_cache,0.765,caution+rain+overtake
2022_Monaco_Grand_Prix|ALO|29|smart,2022_Monaco_Grand_Prix,ALO,29,2520000.223,2520000.223,2520157.123,0.000,156.900,0.500,1,smart_cloud,cassandra,156.900,caution+rain+overtake
2022_Monaco_Grand_Prix|BOT|29|fast,2022_Monaco_Grand_Prix,BOT,29,2520000.400,2520008.641,2520009.406,8.241,9.006,0.300,0,fast_local,redis_cache,0.765,caution+rain+overtake
2022_Monaco_Grand_Prix|BOT|29|smart,2022_Monaco_Grand_Prix,BOT,29,2520000.400,2521098.523,2521255.423,1098.123,1255.023,0.300,0,smart_cloud,cassandra,156.900,caution+rain+overtake
2022_Monaco_Grand_Prix|GAS|29|fast,2022_Monaco_Grand_Prix,GAS,29,2520000.753,2520007.876,2520008.641,7.122,7.888,0.450,0,fast_local,redis_cache,0.765,caution+rain+overtake
2022_Monaco_Grand_Prix|GAS|29|smart,2022_Monaco_Grand_Prix,GAS,29,2520000.753,2520941.623,2521098.523,940.870,1097.770,0.450,0,smart_cloud,cassandra,156.900,caution+rain+overtake
2022_Monaco_Grand_Prix|HAM|29|fast,2022_Monaco_Grand_Prix,HAM,29,2520000.905,2520000.988,2520001.754,0.084,0.849,0.500,1,fast_local,redis_cache,0.765,caution+rain+overtake
2022_Monaco_Grand_Prix|HAM|29|smart,2022_Monaco_Grand_Prix,HAM,29,2520000.905,2520157.123,2520314.023,156.219,313.119,0.500,1,smart_cloud,cassandra,156.900,caution+rain+overtake
2022_Monaco_Grand_Prix|LEC|29|fast,2022_Monaco_Grand_Prix,LEC,29,2520001.164,2520001.754,2520002.519,0.589,1.355,0.500,1,fast_local,redis_cache,0.765,caution+rain+overtake
2022_Monaco_Grand_Prix|LEC|29|smart,2022_Monaco_Grand_Prix,LEC,29,2520001.164,2520314.023,2520470.923,312.859,469.759,0.500,1,smart_cloud,cassandra,156.900,caution+rain+overtake
2022_Monaco_Grand_Prix|NOR|29|fast,2022_Monaco_Grand_Prix,NOR,29,2520001.460,2520005.580,2520006.345,4.120,4.885,0.500,1,fast_local,redis_cache,0.765,caution+rain+overtake
2022_Monaco_Grand_Prix|NOR|29|smart,2022_Monaco_Grand_Prix,NOR,29,2520001.460,2520470.923,2520627.823,469.463,626.363,0.500,1,smart_cloud,cassandra,156.900,caution+rain+overtake
2022_Monaco_Grand_Prix|OCO|29|fast,2022_Monaco_Grand_Prix,OCO,29,2520001.963,2520006.345,2520007.111,4.382,5.148,0.500,1,fast_local,redis_cache,0.765,caution+rain+overtake
2022_Monaco_Grand_Prix|OCO|29|smart,2022_Monaco_Grand_Prix,OCO,29,2520001.963,2520627.823,2520784.723,625.860,782.760,0.500,1,smart_cloud,cassandra,156.900,caution+rain+overtake
2022_Monaco_Grand_Prix|PER|29|fast,2022_Monaco_Grand_Prix,PER,29,2520002.169,2520002.519,2520003.284,0.350,1.115,0.650,1,fast_local,redis_cache,0.765,caution+rain+overtake
2022_Monaco_Grand_Prix|RIC|29|fast,2022_Monaco_Grand_Prix,RIC,29,2520002.347,2520009.406,2520010.172,7.060,7.825,0.300,0,fast_local,redis_cache,0.765,caution+rain+overtake
2022_Monaco_Grand_Prix|RIC|29|smart,2022_Monaco_Grand_Prix,RIC,29,2520002.347,2521255.423,2521412.323,1253.077,1409.977,0.300,0,smart_cloud,cassandra,156.900,caution+rain+overtake
2022_Monaco_Grand_Prix|RUS|29|fast,2022_Monaco_Grand_Prix,RUS,29,2520002.451,2520007.111,2520007.876,4.660,5.425,0.500,1,fast_local,redis_cache,0.765,caution+rain+overtake
2022_Monaco_Grand_Prix|RUS|29|smart,2022_Monaco_Grand_Prix,RUS,29,2520002.451,2520784.723,2520941.623,782.272,939.172,0.500,1,smart_cloud,cassandra,156.900,caution+rain+overtake
2022_Monaco_Grand_Prix|SAI|29|fast,2022_Monaco_Grand_Prix,SAI,29,2520002.932,2520003.284,2520004.050,0.352,1.117,0.900,1,fast_local,redis_cache,0.765,caution+rain+overtake
2022_Monaco_Grand_Prix|VER|29|fast,2022_Monaco_Grand_Prix,VER,29,2520003.777,2520004.050,2520004.815,0.273,1.038,0.650,1,fast_local,redis_cache,0.765,caution+rain+overtake
2022_Monaco_Grand_Prix|VET|29|fast,2022_Monaco_Grand_Prix,VET,29,2520004.536,2520004.815,2520005.580,0.279,1.044,0.650,1,fast_local,redis_cache,0.765,caution+rain+overtake
2022_Monaco_Grand_Prix|ALB|30|fast,2022_Monaco_Grand_Prix,ALB,30,2610000.421,2610000.421,2610001.186,0.000,0.765,0.000,0,fast_local,redis_cache,0.765,overtake
2022_Monaco_Grand_Prix|ALB|30|smart,2022_Monaco_Grand_Prix,ALB,30,2610000.421,2610000.421,2610157.321,0.000,156.900,0.000,0,smart_cloud,cassandra,156.900,overtake
2022_Monaco_Grand_Prix|LAT|30|fast,2022_Monaco_Grand_Prix,LAT,30,2610001.218,2610001.218,2610001.984,0.000,0.765,0.000,0,fast_local,redis_cache,0.765,overtake
2022_Monaco_Grand_Prix|LAT|30|smart,2022_Monaco_Grand_Prix,LAT,30,2610001.218,2610471.121,2610628.021,469.902,626.802,0.000,0,smart_cloud,cassandra,156.900,overtake
2022_Monaco_Grand_Prix|STR|30|fast,2022_Monaco_Grand_Prix,STR,30,2610002.466,2610002.466,2610003.232,0.000,0.765,0.350,0,fast_local,redis_cache,0.765,overtake
2022_Monaco_Grand_Prix|STR|30|smart,2022_Monaco_Grand_Prix,STR,30,2610002.466,2610157.321,2610314.221,154.854,311.754,0.350,0,smart_cloud,cassandra,156.900,overtake
2022_Monaco_Grand_Prix|TSU|30|fast,2022_Monaco_Grand_Prix,TSU,30,2610003.188,2610003.232,2610003.997,0.044,0.809,0.150,0,fast_local,redis_cache,0.765,overtake
2022_Monaco_Grand_Prix|TSU|30|smart,2022_Monaco_Grand_Prix,TSU,30,2610003.188,2610314.221,2610471.121,311.033,467.933,0.150,0,smart_cloud,cassandra,156.900,overtake
2022_Monaco_Grand_Prix|ZHO|30|fast,2022_Monaco_Grand_Prix,ZHO,30,2610004.218,2610004.218,2610004.983,0.000,0.765,0.000,0,fast_local,redis_cache,0.765,overtake
2022_Monaco_Grand_Prix|ZHO|30|smart,2022_Monaco_Grand_Prix,ZHO,30,2610004.218,2610628.021,2610784.921,623.803,780.703,0.000,0,smart_cloud,cassandra,156.900,overtake
2022_Monaco_Grand_Prix|ALB|31|fast,2022_Monaco_Grand_Prix,ALB,31,2700000.291,2700000.291,2700001.056,0.000,0.765,0.000,0,fast_local,redis_cache,0.765,overtake
2022_Monaco_Grand_Prix|ALB|31|smart,2022_Monaco_Grand_Prix,ALB,31,2700000.291,2700000.291,2700157.191,0.000,156.900,0.000,0,smart_cloud,cassandra,156.900,overtake
2022_Monaco_Grand_Prix|ALO|31|fast,2022_Monaco_Grand_Prix,ALO,31,2700001.692,2700001.692,2700002.458,0.000,0.765,0.350,0,fast_local,redis_cache,0.765,overtake
2022_Monaco_Grand_Prix|ALO|31|smart,2022_Monaco_Grand_Prix,ALO,31,2700001.692,2700314.091,2700470.991,312.398,469.298,0.350,0,smart_cloud,cassandra,156.900,overtake
2022_Monaco_Grand_Prix|BOT|31|fast,2022_Monaco_Grand_Prix,BOT,31,2700001.833,2700008.580,2700009.345,6.746,7.512,0.000,0,fast_local,redis_cache,0.765,overtake
2022_Monaco_Grand_Prix|BOT|31|smart,2022_Monaco_Grand_Prix,BOT,31,2700001.833,2701569.291,2701726.191,1567.458,1724.358,0.000,0,smart_cloud,cassandra,156.900,overtake
2022_Monaco_Grand_Prix|GAS|31|fast,2022_Monaco_Grand_Prix,GAS,31,2700002.413,2700002.458,2700003.223,0.045,0.810,0.150,0,fast_local,redis_cache,0.765,overtake
2022_Monaco_Grand_Prix|GAS|31|smart,2022_Monaco_Grand_Prix,GAS,31,2700002.413,2700941.691,2701098.591,939.278,1096.178,0.150,0,smart_cloud,cassandra,156.900,overtake
2022_Monaco_Grand_Prix|HAM|31|fast,2022_Monaco_Grand_Prix,HAM,31,2700002.524,2700003.223,2700003.988,0.699,1.464,0.150,0,fast_local,redis_cache,0.765,overtake
2022_Monaco_Grand_Prix|HAM|31|smart,2022_Monaco_Grand_Prix,HAM,31,2700002.524,2701098.591,2701255.491,1096.067,1252.967,0.150,0,smart_cloud,cassandra,156.900,overtake
2022_Monaco_Grand_Prix|LAT|31|fast,2022_Monaco_Grand_Prix,LAT,31,2700002.698,2700009.345,2700010.110,6.647,7.412,0.000,0,fast_local,redis_cache,0.765,overtake
2022_Monaco_Grand_Prix|LAT|31|smart,2022_Monaco_Grand_Prix,LAT,31,2700002.698,2701726.191,2701883.091,1723.493,1880.393,0.000,0,smart_cloud,cassandra,156.900,overtake
2022_Monaco_Grand_Prix|NOR|31|fast,2022_Monaco_Grand_Prix,NOR,31,2700002.936,2700007.049,2700007.814,4.113,4.879,0.150,0,fast_local,redis_cache,0.765,overtake
2022_Monaco_Grand_Prix|NOR|31|smart,2022_Monaco_Grand_Prix,NOR,31,2700002.936,2701255.491,2701412.391,1252.555,1409.455,0.150,0,smart_cloud,cassandra,156.900,overtake
2022_Monaco_Grand_Prix|OCO|31|fast,2022_Monaco_Grand_Prix,OCO,31,2700003.246,2700010.110,2700010.875,6.864,7.630,0.000,0,fast_local,redis_cache,0.765,overtake
2022_Monaco_Grand_Prix|OCO|31|smart,2022_Monaco_Grand_Prix,OCO,31,2700003.246,2701883.091,2702039.991,1879.845,2036.745,0.000,0,smart_cloud,cassandra,156.900,overtake
2022_Monaco_Grand_Prix|RIC|31|fast,2022_Monaco_Grand_Prix,RIC,31,2700003.351,2700004.753,2700005.519,1.402,2.168,0.350,0,fast_local,redis_cache,0.765,overtake
2022_Monaco_Grand_Prix|RIC|31|smart,2022_Monaco_Grand_Prix,RIC,31,2700003.351,2700470.991,2700627.891,467.640,624.540,0.350,0,smart_cloud,cassandra,156.900,overtake
2022_Monaco_Grand_Prix|RUS|31|fast,2022_Monaco_Grand_Prix,RUS,31,2700003.815,2700005.519,2700006.284,1.704,2.469,0.350,0,fast_local,redis_cache,0.765,overtake
2022_Monaco_Grand_Prix|RUS|31|smart,2022_Monaco_Grand_Prix,RUS,31,2700003.815,2700627.891,2700784.791,624.076,780.976,0.350,0,smart_cloud,cassandra,156.900,overtake
2022_Monaco_Grand_Prix|STR|31|fast,2022_Monaco_Grand_Prix,STR,31,2700003.843,2700003.988,2700004.753,0.145,0.910,0.500,1,fast_local,redis_cache,0.765,overtake
2022_Monaco_Grand_Prix|STR|31|smart,2022_Monaco_Grand_Prix,STR,31,2700003.843,2700157.191,2700314.091,153.347,310.247,0.500,1,smart_cloud,cassandra,156.900,overtake
2022_Monaco_Grand_Prix|TSU|31|fast,2022_Monaco_Grand_Prix,TSU,31,2700004.222,2700007.814,2700008.580,3.592,4.357,0.150,0,fast_local,redis_cache,0.765,overtake
2022_Monaco_Grand_Prix|TSU|31|smart,2022_Monaco_Grand_Prix,TSU,31,2700004.222,2701412.391,2701569.291,1408.168,1565.068,0.150,0,smart_cloud,cassandra,156.900,overtake
2022_Monaco_Grand_Prix|VET|31|fast,2022_Monaco_Grand_Prix,VET,31,2700004.260,2700006.284,2700007.049,2.024,2.789,0.350,0,fast_local,redis_cache,0.765,overtake
2022_Monaco_Grand_Prix|VET|31|smart,2022_Monaco_Grand_Prix,VET,31,2700004.260,2700784.791,2700941.691,780.530,937.430,0.350,0,smart_cloud,cassandra,156.900,overtake
2022_Monaco_Grand_Prix|ZHO|31|fast,2022_Monaco_Grand_Prix,ZHO,31,2700004.548,2700010.875,2700011.641,6.328,7.093,0.000,0,fast_local,redis_cache,0.765,overtake
2022_Monaco_Grand_Prix|ZHO|31|smart,2022_Monaco_Grand_Prix,ZHO,31,2700004.548,2702039.991,2702196.891,2035.443,2192.343,0.000,0,smart_cloud,cassandra,156.900,overtake
2022_Monaco_Grand_Prix|ALB|32|fast,2022_Monaco_Grand_Prix,ALB,32,2790000.037,2790000.037,2790000.802,0.000,0.765,0.000,0,fast_local,redis_cache,0.765,overtake
2022_Monaco_Grand_Prix|ALB|32|smart,2022_Monaco_Grand_Prix,ALB,32,2790000.037,2790000.037,2790156.937,0.000,156.900,0.000,0,smart_cloud,cassandra,156.900,overtake
2022_Monaco_Grand_Prix|ALO|32|fast,2022_Monaco_Grand_Prix,ALO,32,2790000.124,2790000.802,2790001.567,0.678,1.443,0.500,1,fast_local,redis_cache,0.765,overtake
2022_Monaco_Grand_Prix|ALO|32|smart,2022_Monaco_Grand_Prix,ALO,32,2790000.124,2790156.937,2790313.837,156.812,313.712,0.500,1,smart_cloud,cassandra,156.900,overtake
2022_Monaco_Grand_Prix|BOT|32|fast,2022_Monaco_Grand_Prix,BOT,32,2790000.525,2790010.750,2790011.515,10.225,10.990,0.000,0,fast_local,redis_cache,0.765,overtake
2022_Monaco_Grand_Prix|BOT|32|smart,2022_Monaco_Grand_Prix,BOT,32,2790000.525,2792196.637,2792353.537,2196.112,2353.012,0.000,0,smart_cloud,cassandra,156.900,overtake
2022_Monaco_Grand_Prix|GAS|32|fast,2022_Monaco_Grand_Prix,GAS,32,2790000.888,2790001.567,2790002.332,0.680,1.445,0.150,0,fast_local,redis_cache,0.765,overtake
2022_Monaco_Grand_Prix|GAS|32|smart,2022_Monaco_Grand_Prix,GAS,32,2790000.888,2791569.037,2791725.937,1568.149,1725.049,0.150,0,smart_cloud,cassandra,156.900,overtake
2022_Monaco_Grand_Prix|HAM|32|fast,2022_Monaco_Grand_Prix,HAM,32,2790000.958,2790008.454,2790009.220,7.496,8.262,0.150,0,fast_local,redis_cache,0.765,overtake
2022_Monaco_Grand_Prix|HAM|32|smart,2022_Monaco_Grand_Prix,HAM,32,2790000.958,2791725.937,2791882.837,1724.979,1881.879,0.150,0,smart_cloud,cassandra,156.900,overtake
2022_Monaco_Grand_Prix|LAT|32|fast,2022_Monaco_Grand_Prix,LAT,32,2790001.390,2790011.515,2790012.281,10.125,10.890,0.000,0,fast_local,redis_cache,0.765,overtake
2022_Monaco_Grand_Prix|LAT|32|smart,2022_Monaco_Grand_Prix,LAT,32,2790001.390,2792353.537,2792510.437,2352.146,2509.046,0.000,0,smart_cloud,cassandra,156.900,overtake
2022_Monaco_Grand_Prix|LEC|32|fast,2022_Monaco_Grand_Prix,LEC,32,2790001.538,2790009.985,2790010.750,8.447,9.212,0.050,0,fast_local,redis_cache,0.765,overtake
2022_Monaco_Grand_Prix|LEC|32|smart,2022_Monaco_Grand_Prix,LEC,32,2790001.538,2792039.737,2792196.637,2038.199,2195.099,0.050,0,smart_cloud,cassandra,156.900,overtake
2022_Monaco_Grand_Prix|NOR|32|fast,2022_Monaco_Grand_Prix,NOR,32,2790001.694,2790002.332,2790003.098,0.638,1.403,0.500,1,fast_local,redis_cache,0.765,overtake
2022_Monaco_Grand_Prix|NOR|32|smart,2022_Monaco_Grand_Prix,NOR,32,2790001.694,2790313.837,2790470.737,312.142,469.042,0.500,1,smart_cloud,cassandra,156.900,overtake
2022_Monaco_Grand_Prix|OCO|32|fast,2022_Monaco_Grand_Prix,OCO,32,2790001.703,2790012.281,2790013.046,10.578,11.343,0.000,0,fast_local,redis_cache,0.765,overtake
2022_Monaco_Grand_Prix|OCO|32|smart,2022_Monaco_Grand_Prix,OCO,32,2790001.703,2792510.437,2792667.337,2508.734,2665.634,0.000,0,smart_cloud,cassandra,156.900,overtake
2022_Monaco_Grand_Prix|PER|32|fast,2022_Monaco_Grand_Prix,PER,32,2790001.993,2790004.628,2790005.393,2.635,3.401,0.350,0,fast_local,redis_cache,0.765,overtake
2022_Monaco_Grand_Prix|PER|32|smart,2022_Monaco_Grand_Prix,PER,32,2790001.993,2790784.537,2790941.437,782.544,939.444,0.350,0,smart_cloud,cassandra,156.900,overtake
2022_Monaco_Grand_Prix|RIC|32|fast,2022_Monaco_Grand_Prix,RIC,32,2790002.241,2790005.393,2790006.159,3.152,3.918,0.350,0,fast_local,redis_cache,0.765,overtake
2022_Monaco_Grand_Prix|RIC|32|smart,2022_Monaco_Grand_Prix,RIC,32,2790002.241,2790941.437,2791098.337,939.196,1096.096,0.350,0,smart_cloud,cassandra,156.900,overtake
2022_Monaco_Grand_Prix|RUS|32|fast,2022_Monaco_Grand_Prix,RUS,32,2790002.494,2790006.159,2790006.924,3.664,4.430,0.350,0,fast_local,redis_cache,0.765,overtake
2022_Monaco_Grand_Prix|RUS|32|smart,2022_Monaco_Grand_Prix,RUS,32,2790002.494,2791098.337,2791255.237,1095.842,1252.742,0.350,0,smart_cloud,cassandra,156.900,overtake
2022_Monaco_Grand_Prix|SAI|32|fast,2022_Monaco_Grand_Prix,SAI,32,2790002.657,2790003.098,2790003.863,0.441,1.206,0.500,1,fast_local,redis_cache,0.765,overtake
2022_Monaco_Grand_Prix|SAI|32|smart,2022_Monaco_Grand_Prix,SAI,32,2790002.657,2790470.737,2790627.637,468.080,624.980,0.500,1,smart_cloud,cassandra,156.900,overtake
2022_Monaco_Grand_Prix|STR|32|fast,2022_Monaco_Grand_Prix,STR,32,2790002.992,2790003.863,2790004.628,0.870,1.636,0.500,1,fast_local,redis_cache,0.765,overtake
2022_Monaco_Grand_Prix|STR|32|smart,2022_Monaco_Grand_Prix,STR,32,2790002.992,2790627.637,2790784.537,624.644,781.544,0.500,1,smart_cloud,cassandra,156.900,overtake
2022_Monaco_Grand_Prix|TSU|32|fast,2022_Monaco_Grand_Prix,TSU,32,2790003.154,2790009.220,2790009.985,6.065,6.831,0.150,0,fast_local,redis_cache,0.765,overtake
2022_Monaco_Grand_Prix|TSU|32|smart,2022_Monaco_Grand_Prix,TSU,32,2790003.154,2791882.837,2792039.737,1879.682,2036.582,0.150,0,smart_cloud,cassandra,156.900,overtake
2022_Monaco_Grand_Prix|VER|32|fast,2022_Monaco_Grand_Prix,VER,32,2790004.251,2790007.689,2790008.454,3.438,4.203,0.300,0,fast_local,redis_cache,0.765,overtake
2022_Monaco_Grand_Prix|VER|32|smart,2022_Monaco_Grand_Prix,VER,32,2790004.251,2791412.137,2791569.037,1407.885,1564.785,0.300,0,smart_cloud,cassandra,156.900,overtake
2022_Monaco_Grand_Prix|VET|32|fast,2022_Monaco_Grand_Prix,VET,32,2790004.587,2790006.924,2790007.689,2.337,3.102,0.350,0,fast_local,redis_cache,0.765,overtake
2022_Monaco_Grand_Prix|VET|32|smart,2022_Monaco_Grand_Prix,VET,32,2790004.587,2791255.237,2791412.137,1250.650,1407.550,0.350,0,smart_cloud,cassandra,156.900,overtake
2022_Monaco_Grand_Prix|ZHO|32|fast,2022_Monaco_Grand_Prix,ZHO,32,2790004.637,2790013.046,2790013.811,8.409,9.174,0.000,0,fast_local,redis_cache,0.765,overtake
2022_Monaco_Grand_Prix|ZHO|32|smart,2022_Monaco_Grand_Prix,ZHO,32,2790004.637,2792667.337,2792824.237,2662.699,2819.599,0.000,0,smart_cloud,cassandra,156.900,overtake
2022_Monaco_Grand_Prix|ALB|33|fast,2022_Monaco_Grand_Prix,ALB,33,2880000.571,2880000.571,2880001.336,0.000,0.765,0.000,0,fast_local,redis_cache,0.765,overtake
2022_Monaco_Grand_Prix|ALB|33|smart,2022_Monaco_Grand_Prix,ALB,33,2880000.571,2880000.571,2880157.471,0.000,156.900,0.000,0,smart_cloud,cassandra,156.900,overtake
2022_Monaco_Grand_Prix|ALO|33|fast,2022_Monaco_Grand_Prix,ALO,33,2880002.200,2880002.200,2880002.966,0.000,0.765,0.400,0,fast_local,redis_cache,0.765,overtake
2022_Monaco_Grand_Prix|ALO|33|smart,2022_Monaco_Grand_Prix,ALO,33,2880002.200,2880471.271,2880628.171,469.070,625.970,0.400,0,smart_cloud,cassandra,156.900,overtake
2022_Monaco_Grand_Prix|BOT|33|fast,2022_Monaco_Grand_Prix,BOT,33,2880002.388,2880012.914,2880013.679,10.526,11.292,0.000,0,fast_local,redis_cache,0.765,overtake
2022_Monaco_Grand_Prix|BOT|33|smart,2022_Monaco_Grand_Prix,BOT,33,2880002.388,2882354.071,2882510.971,2351.683,2508.583,0.000,0,smart_cloud,cassandra,156.900,overtake
2022_Monaco_Grand_Prix|GAS|33|fast,2022_Monaco_Grand_Prix,GAS,33,2880002.766,2880002.966,2880003.731,0.200,0.965,0.150,0,fast_local,redis_cache,0.765,overtake
2022_Monaco_Grand_Prix|GAS|33|smart,2022_Monaco_Grand_Prix,GAS,33,2880002.766,2881569.571,2881726.471,1566.805,1723.705,0.150,0,smart_cloud,cassandra,156.900,overtake
2022_Monaco_Grand_Prix|HAM|33|fast,2022_Monaco_Grand_Prix,HAM,33,2880003.102,2880009.853,2880010.618,6.751,7.516,0.150,0,fast_local,redis_cache,0.765,overtake
2022_Monaco_Grand_Prix|HAM|33|smart,2022_Monaco_Grand_Prix,HAM,33,2880003.102,2881726.471,2881883.371,1723.369,1880.269,0.150,0,smart_cloud,cassandra,156.900,overtake
2022_Monaco_Grand_Prix|LAT|33|fast,2022_Monaco_Grand_Prix,LAT,33,2880003.169,2880013.679,2880014.444,10.510,11.276,0.000,0,fast_local,redis_cache,0.765,overtake
2022_Monaco_Grand_Prix|LAT|33|smart,2022_Monaco_Grand_Prix,LAT,33,2880003.169,2882510.971,2882667.871,2507.802,2664.702,0.000,0,smart_cloud,cassandra,156.900,overtake
2022_Monaco_Grand_Prix|LEC|33|fast,2022_Monaco_Grand_Prix,LEC,33,2880003.271,2880010.618,2880011.383,7.348,8.113,0.150,0,fast_local,redis_cache,0.765,overtake
2022_Monaco_Grand_Prix|LEC|33|smart,2022_Monaco_Grand_Prix,LEC,33,2880003.271,2881883.371,2882040.271,1880.100,2037.000,0.150,0,smart_cloud,cassandra,156.900,overtake
2022_Monaco_Grand_Prix|NOR|33|fast,2022_Monaco_Grand_Prix,NOR,33,2880003.515,2880003.731,2880004.496,0.216,0.981,0.300,0,fast_local,redis_cache,0.765,overtake
2022_Monaco_Grand_Prix|NOR|33|smart,2022_Monaco_Grand_Prix,NOR,33,2880003.515,2881255.771,2881412.671,1252.255,1409.155,0.300,0,smart_cloud,cassandra,156.900,overtake
2022_Monaco_Grand_Prix|OCO|33|fast,2022_Monaco_Grand_Prix,OCO,33,2880003.603,2880014.444,2880015.210,10.841,11.606,0.000,0,fast_local,redis_cache,0.765,overtake
2022_Monaco_Grand_Prix|OCO|33|smart,2022_Monaco_Grand_Prix,OCO,33,2880003.603,2882667.871,2882824.771,2664.267,2821.167,0.000,0,smart_cloud,cassandra,156.900,overtake
2022_Monaco_Grand_Prix|PER|33|fast,2022_Monaco_Grand_Prix,PER,33,2880003.662,2880011.383,2880012.149,7.721,8.487,0.150,0,fast_local,redis_cache,0.765,overtake
2022_Monaco_Grand_Prix|PER|33|smart,2022_Monaco_Grand_Prix,PER,33,2880003.662,2882040.271,2882197.171,2036.608,2193.508,0.150,0,smart_cloud,cassandra,156.900,overtake
2022_Monaco_Grand_Prix|RIC|33|fast,2022_Monaco_Grand_Prix,RIC,33,2880003.807,2880006.792,2880007.557,2.985,3.750,0.350,0,fast_local,redis_cache,0.765,overtake
2022_Monaco_Grand_Prix|RIC|33|smart,2022_Monaco_Grand_Prix,RIC,33,2880003.807,2880785.071,2880941.971,781.263,938.163,0.350,0,smart_cloud,cassandra,156.900,overtake
2022_Monaco_Grand_Prix|RUS|33|fast,2022_Monaco_Grand_Prix,RUS,33,2880003.910,2880007.557,2880008.322,3.647,4.412,0.350,0,fast_local,redis_cache,0.765,overtake
2022_Monaco_Grand_Prix|RUS|33|smart,2022_Monaco_Grand_Prix,RUS,33,2880003.910,2880941.971,2881098.871,938.060,1094.960,0.350,0,smart_cloud,cassandra,156.900,overtake
2022_Monaco_Grand_Prix|SAI|33|fast,2022_Monaco_Grand_Prix,SAI,33,2880004.334,2880004.496,2880005.261,0.162,0.927,0.400,0,fast_local,redis_cache,0.765,overtake
2022_Monaco_Grand_Prix|SAI|33|smart,2022_Monaco_Grand_Prix,SAI,33,2880004.334,2880628.171,2880785.071,623.837,780.737,0.400,0,smart_cloud,cassandra,156.900,overtake
2022_Monaco_Grand_Prix|STR|33|fast,2022_Monaco_Grand_Prix,STR,33,2880004.517,2880005.261,2880006.027,0.745,1.510,0.500,1,fast_local,redis_cache,0.765,overtake
2022_Monaco_Grand_Prix|STR|33|smart,2022_Monaco_Grand_Prix,STR,33,2880004.517,2880157.471,2880314.371,152.954,309.854,0.500,1,smart_cloud,cassandra,156.900,overtake
2022_Monaco_Grand_Prix|TSU|33|fast,2022_Monaco_Grand_Prix,TSU,33,2880004.816,2880009.088,2880009.853,4.272,5.037,0.300,0,fast_local,redis_cache,0.765,overtake
2022_Monaco_Grand_Prix|TSU|33|smart,2022_Monaco_Grand_Prix,TSU,33,2880004.816,2881412.671,2881569.571,1407.854,1564.754,0.300,0,smart_cloud,cassandra,156.900,overtake
2022_Monaco_Grand_Prix|VER|33|fast,2022_Monaco_Grand_Prix,VER,33,2880004.849,2880006.027,2880006.792,1.178,1.943,0.500,1,fast_local,redis_cache,0.765,overtake
2022_Monaco_Grand_Prix|VER|33|smart,2022_Monaco_Grand_Prix,VER,33,2880004.849,2880314.371,2880471.271,309.521,466.421,0.500,1,smart_cloud,cassandra,156.900,overtake
2022_Monaco_Grand_Prix|VET|33|fast,2022_Monaco_Grand_Prix,VET,33,2880004.909,2880008.322,2880009.088,3.413,4.179,0.350,0,fast_local,redis_cache,0.765,overtake
2022_Monaco_Grand_Prix|VET|33|smart,2022_Monaco_Grand_Prix,VET,33,2880004.909,2881098.871,2881255.771,1093.961,1250.861,0.350,0,smart_cloud,cassandra,156.900,overtake
2022_Monaco_Grand_Prix|ZHO|33|fast,2022_Monaco_Grand_Prix,ZHO,33,2880004.923,2880012.149,2880012.914,7.226,7.991,0.050,0,fast_local,redis_cache,0.765,overtake
2022_Monaco_Grand_Prix|ZHO|33|smart,2022_Monaco_Grand_Prix,ZHO,33,2880004.923,2882197.171,2882354.071,2192.248,2349.148,0.050,0,smart_cloud,cassandra,156.900,overtake
2022_Monaco_Grand_Prix|ALB|34|fast,2022_Monaco_Grand_Prix,ALB,34,2970000.205,2970000.205,2970000.970,0.000,0.765,0.000,0,fast_local,redis_cache,0.765,overtake
2022_Monaco_Grand_Prix|ALB|34|smart,2022_Monaco_Grand_Prix,ALB,34,2970000.205,2970000.205,2970157.105,0.000,156.900,0.000,0,smart_cloud,cassandra,156.900,overtake
2022_Monaco_Grand_Prix|ALO|34|fast,2022_Monaco_Grand_Prix,ALO,34,2970000.424,2970000.970,2970001.735,0.546,1.311,0.350,0,fast_local,redis_cache,0.765,overtake
2022_Monaco_Grand_Prix|ALO|34|smart,2022_Monaco_Grand_Prix,ALO,34,2970000.424,2970627.805,2970784.705,627.381,784.281,0.350,0,smart_cloud,cassandra,156.900,overtake
2022_Monaco_Grand_Prix|BOT|34|fast,2022_Monaco_Grand_Prix,BOT,34,2970000.619,2970011.683,2970012.449,11.064,11.829,0.000,0,fast_local,redis_cache,0.765,overtake
2022_Monaco_Grand_Prix|BOT|34|smart,2022_Monaco_Grand_Prix,BOT,34,2970000.619,2972353.705,2972510.605,2353.085,2509.985,0.000,0,smart_cloud,cassandra,156.900,overtake
2022_Monaco_Grand_Prix|GAS|34|fast,2022_Monaco_Grand_Prix,GAS,34,2970001.441,2970001.735,2970002.500,0.294,1.059,0.150,0,fast_local,redis_cache,0.765,overtake
2022_Monaco_Grand_Prix|GAS|34|smart,2022_Monaco_Grand_Prix,GAS,34,2970001.441,2971412.305,2971569.205,1410.864,1567.764,0.150,0,smart_cloud,cassandra,156.900,overtake
2022_Monaco_Grand_Prix|HAM|34|fast,2022_Monaco_Grand_Prix,HAM,34,2970001.732,2970002.500,2970003.266,0.768,1.533,0.150,0,fast_local,redis_cache,0.765,overtake
2022_Monaco_Grand_Prix|HAM|34|smart,2022_Monaco_Grand_Prix,HAM,34,2970001.732,2971569.205,2971726.105,1567.472,1724.372,0.150,0,smart_cloud,cassandra,156.900,overtake
2022_Monaco_Grand_Prix|LAT|34|fast,2022_Monaco_Grand_Prix,LAT,34,2970002.058,2970012.449,2970013.214,10.391,11.156,0.000,0,fast_local,redis_cache,0.765,overtake
2022_Monaco_Grand_Prix|LAT|34|smart,2022_Monaco_Grand_Prix,LAT,34,2970002.058,2972510.605,2972667.505,2508.547,2665.447,0.000,0,smart_cloud,cassandra,156.900,overtake
2022_Monaco_Grand_Prix|LEC|34|fast,2022_Monaco_Grand_Prix,LEC,34,2970002.325,2970010.918,2970011.683,8.593,9.359,0.050,0,fast_local,redis_cache,0.765,overtake
2022_Monaco_Grand_Prix|LEC|34|smart,2022_Monaco_Grand_Prix,LEC,34,2970002.325,2972196.805,2972353.705,2194.480,2351.380,0.050,0,smart_cloud,cassandra,156.900,overtake
2022_Monaco_Grand_Prix|NOR|34|fast,2022_Monaco_Grand_Prix,NOR,34,2970002.448,2970003.266,2970004.031,0.817,1.582,0.150,0,fast_local,redis_cache,0.765,overtake
2022_Monaco_Grand_Prix|NOR|34|smart,2022_Monaco_Grand_Prix,NOR,34,2970002.448,2971726.105,2971883.005,1723.656,1880.556,0.150,0,smart_cloud,cassandra,156.900,overtake
2022_Monaco_Grand_Prix|OCO|34|fast,2022_Monaco_Grand_Prix,OCO,34,2970002.777,2970013.214,2970013.979,10.437,11.202,0.000,0,fast_local,redis_cache,0.765,overtake
2022_Monaco_Grand_Prix|OCO|34|smart,2022_Monaco_Grand_Prix,OCO,34,2970002.777,2972667.505,2972824.405,2664.727,2821.627,0.000,0,smart_cloud,cassandra,156.900,overtake
2022_Monaco_Grand_Prix|PER|34|fast,2022_Monaco_Grand_Prix,PER,34,2970003.669,2970009.388,2970010.153,5.719,6.484,0.150,0,fast_local,redis_cache,0.765,overtake
2022_Monaco_Grand_Prix|PER|34|smart,2022_Monaco_Grand_Prix,PER,34,2970003.669,2971883.005,2972039.905,1879.336,2036.236,0.150,0,smart_cloud,cassandra,156.900,overtake
2022_Monaco_Grand_Prix|RIC|34|fast,2022_Monaco_Grand_Prix,RIC,34,2970003.750,2970006.327,2970007.092,2.577,3.342,0.350,0,fast_local,redis_cache,0.765,overtake
2022_Monaco_Grand_Prix|RIC|34|smart,2022_Monaco_Grand_Prix,RIC,34,2970003.750,2970784.705,2970941.605,780.955,937.855,0.350,0,smart_cloud,cassandra,156.900,overtake
2022_Monaco_Grand_Prix|RUS|34|fast,2022_Monaco_Grand_Prix,RUS,34,2970003.887,2970007.092,2970007.857,3.205,3.971,0.350,0,fast_local,redis_cache,0.765,overtake
2022_Monaco_Grand_Prix|RUS|34|smart,2022_Monaco_Grand_Prix,RUS,34,2970003.887,2970941.605,2971098.505,937.718,1094.618,0.350,0,smart_cloud,cassandra,156.900,overtake
2022_Monaco_Grand_Prix|SAI|34|fast,2022_Monaco_Grand_Prix,SAI,34,2970003.968,2970005.561,2970006.327,1.593,2.358,0.400,0,fast_local,redis_cache,0.765,overtake
2022_Monaco_Grand_Prix|SAI|34|smart,2022_Monaco_Grand_Prix,SAI,34,2970003.968,2970470.905,2970627.805,466.936,623.836,0.400,0,smart_cloud,cassandra,156.900,overtake
2022_Monaco_Grand_Prix|STR|34|fast,2022_Monaco_Grand_Prix,STR,34,2970004.010,2970004.031,2970004.796,0.021,0.786,0.500,1,fast_local,redis_cache,0.765,overtake
2022_Monaco_Grand_Prix|STR|34|smart,2022_Monaco_Grand_Prix,STR,34,2970004.010,2970157.105,2970314.005,153.094,309.994,0.500,1,smart_cloud,cassandra,156.900,overtake
2022_Monaco_Grand_Prix|TSU|34|fast,2022_Monaco_Grand_Prix,TSU,34,2970004.113,2970004.796,2970005.561,0.683,1.449,0.500,1,fast_local,redis_cache,0.765,overtake
2022_Monaco_Grand_Prix|TSU|34|smart,2022_Monaco_Grand_Prix,TSU,34,2970004.113,2970314.005,2970470.905,309.892,466.792,0.500,1,smart_cloud,cassandra,156.900,overtake
2022_Monaco_Grand_Prix|VER|34|fast,2022_Monaco_Grand_Prix,VER,34,2970004.624,2970008.622,2970009.388,3.999,4.764,0.300,0,fast_local,redis_cache,0.765,overtake
2022_Monaco_Grand_Prix|VER|34|smart,2022_Monaco_Grand_Prix,VER,34,2970004.624,2971255.405,2971412.305,1250.781,1407.681,0.300,0,smart_cloud,cassandra,156.900,overtake
2022_Monaco_Grand_Prix|VET|34|fast,2022_Monaco_Grand_Prix,VET,34,2970004.890,2970007.857,2970008.622,2.968,3.733,0.350,0,fast_local,redis_cache,0.765,overtake
2022_Monaco_Grand_Prix|VET|34|smart,2022_Monaco_Grand_Prix,VET,34,2970004.890,2971098.505,2971255.405,1093.615,1250.515,0.350,0,smart_cloud,cassandra,156.900,overtake
2022_Monaco_Grand_Prix|ZHO|34|fast,2022_Monaco_Grand_Prix,ZHO,34,2970004.928,2970010.153,2970010.918,5.225,5.991,0.150,0,fast_local,redis_cache,0.765,overtake
2022_Monaco_Grand_Prix|ZHO|34|smart,2022_Monaco_Grand_Prix,ZHO,34,2970004.928,2972039.905,2972196.805,2034.977,2191.877,0.150,0,smart_cloud,cassandra,156.900,overtake
2022_Monaco_Grand_Prix|ALB|35|fast,2022_Monaco_Grand_Prix,ALB,35,3060000.023,3060000.023,3060000.788,0.000,0.765,0.000,0,fast_local,redis_cache,0.765,overtake
2022_Monaco_Grand_Prix|ALB|35|smart,2022_Monaco_Grand_Prix,ALB,35,3060000.023,3060000.023,3060156.923,0.000,156.900,0.000,0,smart_cloud,cassandra,156.900,overtake
2022_Monaco_Grand_Prix|ALO|35|fast,2022_Monaco_Grand_Prix,ALO,35,3060000.148,3060000.788,3060001.553,0.640,1.405,0.350,0,fast_local,redis_cache,0.765,overtake
2022_Monaco_Grand_Prix|ALO|35|smart,2022_Monaco_Grand_Prix,ALO,35,3060000.148,3060784.523,3060941.423,784.374,941.274,0.350,0,smart_cloud,cassandra,156.900,overtake
2022_Monaco_Grand_Prix|BOT|35|fast,2022_Monaco_Grand_Prix,BOT,35,3060000.185,3060011.501,3060012.267,11.316,12.082,0.000,0,fast_local,redis_cache,0.765,overtake
2022_Monaco_Grand_Prix|BOT|35|smart,2022_Monaco_Grand_Prix,BOT,35,3060000.185,3062353.523,3062510.423,2353.338,2510.238,0.000,0,smart_cloud,cassandra,156.900,overtake
2022_Monaco_Grand_Prix|GAS|35|fast,2022_Monaco_Grand_Prix,GAS,35,3060000.243,3060001.553,3060002.318,1.310,2.075,0.150,0,fast_local,redis_cache,0.765,overtake
2022_Monaco_Grand_Prix|GAS|35|smart,2022_Monaco_Grand_Prix,GAS,35,3060000.243,3061412.123,3061569.023,1411.879,1568.779,0.150,0,smart_cloud,cassandra,156.900,overtake
2022_Monaco_Grand_Prix|HAM|35|fast,2022_Monaco_Grand_Prix,HAM,35,3060000.245,3060002.318,3060003.084,2.073,2.839,0.150,0,fast_local,redis_cache,0.765,overtake
2022_Monaco_Grand_Prix|HAM|35|smart,2022_Monaco_Grand_Prix,HAM,35,3060000.245,3061569.023,3061725.923,1568.778,1725.678,0.150,0,smart_cloud,cassandra,156.900,overtake
2022_Monaco_Grand_Prix|LAT|35|fast,2022_Monaco_Grand_Prix,LAT,35,3060000.546,3060012.267,3060013.032,11.720,12.485,0.000,0,fast_local,redis_cache,0.765,overtake
2022_Monaco_Grand_Prix|LAT|35|smart,2022_Monaco_Grand_Prix,LAT,35,3060000.546,3062510.423,3062667.323,2509.876,2666.776,0.000,0,smart_cloud,cassandra,156.900,overtake
2022_Monaco_Grand_Prix|LEC|35|fast,2022_Monaco_Grand_Prix,LEC,35,3060001.173,3060003.084,3060003.849,1.911,2.676,0.150,0,fast_local,redis_cache,0.765,overtake
2022_Monaco_Grand_Prix|LEC|35|smart,2022_Monaco_Grand_Prix,LEC,35,3060001.173,3061725.923,3061882.823,1724.750,1881.650,0.150,0,smart_cloud,cassandra,156.900,overtake
2022_Monaco_Grand_Prix|NOR|35|fast,2022_Monaco_Grand_Prix,NOR,35,3060001.864,3060009.206,3060009.971,7.342,8.107,0.150,0,fast_local,redis_cache,0.765,overtake
2022_Monaco_Grand_Prix|NOR|35|smart,2022_Monaco_Grand_Prix,NOR,35,3060001.864,3061882.823,3062039.723,1880.959,2037.859,0.150,0,smart_cloud,cassandra,156.900,overtake
2022_Monaco_Grand_Prix|OCO|35|fast,2022_Monaco_Grand_Prix,OCO,35,3060002.573,3060013.032,3060013.797,10.459,11.224,0.000,0,fast_local,redis_cache,0.765,overtake
2022_Monaco_Grand_Prix|OCO|35|smart,2022_Monaco_Grand_Prix,OCO,35,3060002.573,3062667.323,3062824.223,2664.749,2821.649,0.000,0,smart_cloud,cassandra,156.900,overtake
2022_Monaco_Grand_Prix|PER|35|fast,2022_Monaco_Grand_Prix,PER,35,3060003.109,3060009.971,3060010.736,6.861,7.627,0.150,0,fast_local,redis_cache,0.765,overtake
2022_Monaco_Grand_Prix|PER|35|smart,2022_Monaco_Grand_Prix,PER,35,3060003.109,3062039.723,3062196.623,2036.613,2193.513,0.150,0,smart_cloud,cassandra,156.900,overtake
2022_Monaco_Grand_Prix|RIC|35|fast,2022_Monaco_Grand_Prix,RIC,35,3060003.377,3060006.910,3060007.675,3.533,4.298,0.350,0,fast_local,redis_cache,0.765,overtake
2022_Monaco_Grand_Prix|RIC|35|smart,2022_Monaco_Grand_Prix,RIC,35,3060003.377,3060941.423,3061098.323,938.046,1094.946,0.350,0,smart_cloud,cassandra,156.900,overtake
2022_Monaco_Grand_Prix|RUS|35|fast,2022_Monaco_Grand_Prix,RUS,35,3060003.386,3060007.675,3060008.440,4.289,5.054,0.350,0,fast_local,redis_cache,0.765,overtake
2022_Monaco_Grand_Prix|RUS|35|smart,2022_Monaco_Grand_Prix,RUS,35,3060003.386,3061098.323,3061255.223,1094.936,1251.836,0.350,0,smart_cloud,cassandra,156.900,overtake
2022_Monaco_Grand_Prix|SAI|35|fast,2022_Monaco_Grand_Prix,SAI,35,3060003.566,3060006.145,3060006.910,2.578,3.343,0.400,0,fast_local,redis_cache,0.765,overtake
2022_Monaco_Grand_Prix|SAI|35|smart,2022_Monaco_Grand_Prix,SAI,35,3060003.566,3060627.623,3060784.523,624.056,780.956,0.400,0,smart_cloud,cassandra,156.900,overtake
2022_Monaco_Grand_Prix|STR|35|fast,2022_Monaco_Grand_Prix,STR,35,3060003.697,3060003.849,3060004.614,0.152,0.917,0.500,1,fast_local,redis_cache,0.765,overtake
2022_Monaco_Grand_Prix|STR|35|smart,2022_Monaco_Grand_Prix,STR,35,3060003.697,3060156.923,3060313.823,153.225,310.125,0.500,1,smart_cloud,cassandra,156.900,overtake
2022_Monaco_Grand_Prix|TSU|35|fast,2022_Monaco_Grand_Prix,TSU,35,3060003.869,3060004.614,3060005.379,0.745,1.511,0.500,1,fast_local,redis_cache,0.765,overtake
2022_Monaco_Grand_Prix|TSU|35|smart,2022_Monaco_Grand_Prix,TSU,35,3060003.869,3060313.823,3060470.723,309.954,466.854,0.500,1,smart_cloud,cassandra,156.900,overtake
2022_Monaco_Grand_Prix|VER|35|fast,2022_Monaco_Grand_Prix,VER,35,3060004.004,3060005.379,3060006.145,1.375,2.140,0.500,1,fast_local,redis_cache,0.765,overtake
2022_Monaco_Grand_Prix|VER|35|smart,2022_Monaco_Grand_Prix,VER,35,3060004.004,3060470.723,3060627.623,466.718,623.618,0.500,1,smart_cloud,cassandra,156.900,overtake
2022_Monaco_Grand_Prix|VET|35|fast,2022_Monaco_Grand_Prix,VET,35,3060004.291,3060008.440,3060009.206,4.150,4.915,0.350,0,fast_local,redis_cache,0.765,overtake
2022_Monaco_Grand_Prix|VET|35|smart,2022_Monaco_Grand_Prix,VET,35,3060004.291,3061255.223,3061412.123,1250.932,1407.832,0.350,0,smart_cloud,cassandra,156.900,overtake
2022_Monaco_Grand_Prix|ZHO|35|fast,2022_Monaco_Grand_Prix,ZHO,35,3060004.327,3060010.736,3060011.501,6.409,7.174,0.150,0,fast_local,redis_cache,0.765,overtake
2022_Monaco_Grand_Prix|ZHO|35|smart,2022_Monaco_Grand_Prix,ZHO,35,3060004.327,3062196.623,3062353.523,2192.295,2349.195,0.150,0,smart_cloud,cassandra,156.900,overtake
2022_Monaco_Grand_Prix|ALB|36|fast,2022_Monaco_Grand_Prix,ALB,36,3150000.424,3150000.424,3150001.189,0.000,0.765,0.000,0,fast_local,redis_cache,0.765,overtake
2022_Monaco_Grand_Prix|ALB|36|smart,2022_Monaco_Grand_Prix,ALB,36,3150000.424,3150000.424,3150157.324,0.000,156.900,0.000,0,smart_cloud,cassandra,156.900,overtake
2022_Monaco_Grand_Prix|ALO|36|fast,2022_Monaco_Grand_Prix,ALO,36,3150000.938,3150001.189,3150001.955,0.251,1.017,0.350,0,fast_local,redis_cache,0.765,overtake
2022_Monaco_Grand_Prix|ALO|36|smart,2022_Monaco_Grand_Prix,ALO,36,3150000.938,3150784.924,3150941.824,783.986,940.886,0.350,0,smart_cloud,cassandra,156.900,overtake
2022_Monaco_Grand_Prix|BOT|36|fast,2022_Monaco_Grand_Prix,BOT,36,3150001.188,3150012.668,3150013.433,11.480,12.245,0.000,0,fast_local,redis_cache,0.765,overtake
2022_Monaco_Grand_Prix|BOT|36|smart,2022_Monaco_Grand_Prix,BOT,36,3150001.188,3152510.824,3152667.724,2509.636,2666.536,0.000,0,smart_cloud,cassandra,156.900,overtake
2022_Monaco_Grand_Prix|GAS|36|fast,2022_Monaco_Grand_Prix,GAS,36,3150001.374,3150001.955,3150002.720,0.580,1.346,0.150,0,fast_local,redis_cache,0.765,overtake
2022_Monaco_Grand_Prix|GAS|36|smart,2022_Monaco_Grand_Prix,GAS,36,3150001.374,3151569.424,3151726.324,1568.050,1724.950,0.150,0,smart_cloud,cassandra,156.900,overtake
2022_Monaco_Grand_Prix|HAM|36|fast,2022_Monaco_Grand_Prix,HAM,36,3150001.495,3150002.720,3150003.485,1.225,1.990,0.150,0,fast_local,redis_cache,0.765,overtake
2022_Monaco_Grand_Prix|HAM|36|smart,2022_Monaco_Grand_Prix,HAM,36,3150001.495,3151726.324,3151883.224,1724.829,1881.729,0.150,0,smart_cloud,cassandra,156.900,overtake
2022_Monaco_Grand_Prix|LAT|36|fast,2022_Monaco_Grand_Prix,LAT,36,3150001.710,3150011.903,3150012.668,10.193,10.958,0.050,0,fast_local,redis_cache,0.765,overtake
2022_Monaco_Grand_Prix|LAT|36|smart,2022_Monaco_Grand_Prix,LAT,36,3150001.710,3152353.924,3152510.824,2352.214,2509.114,0.050,0,smart_cloud,cassandra,156.900,overtake
2022_Monaco_Grand_Prix|LEC|36|fast,2022_Monaco_Grand_Prix,LEC,36,3150001.740,3150009.607,3150010.372,7.867,8.632,0.150,0,fast_local,redis_cache,0.765,overtake
2022_Monaco_Grand_Prix|LEC|36|smart,2022_Monaco_Grand_Prix,LEC,36,3150001.740,3151883.224,3152040.124,1881.484,2038.384,0.150,0,smart_cloud,cassandra,156.900,overtake
2022_Monaco_Grand_Prix|NOR|36|fast,2022_Monaco_Grand_Prix,NOR,36,3150001.985,3150010.372,3150011.138,8.388,9.153,0.150,0,fast_local,redis_cache,0.765,overtake
2022_Monaco_Grand_Prix|NOR|36|smart,2022_Monaco_Grand_Prix,NOR,36,3150001.985,3152040.124,3152197.024,2038.139,2195.039,0.150,0,smart_cloud,cassandra,156.900,overtake
2022_Monaco_Grand_Prix|OCO|36|fast,2022_Monaco_Grand_Prix,OCO,36,3150002.007,3150013.433,3150014.199,11.427,12.192,0.000,0,fast_local,redis_cache,0.765,overtake
2022_Monaco_Grand_Prix|OCO|36|smart,2022_Monaco_Grand_Prix,OCO,36,3150002.007,3152667.724,3152824.624,2665.717,2822.617,0.000,0,smart_cloud,cassandra,156.900,overtake
2022_Monaco_Grand_Prix|PER|36|fast,2022_Monaco_Grand_Prix,PER,36,3150002.952,3150011.138,3150011.903,8.186,8.951,0.150,0,fast_local,redis_cache,0.765,overtake
2022_Monaco_Grand_Prix|PER|36|smart,2022_Monaco_Grand_Prix,PER,36,3150002.952,3152197.024,3152353.924,2194.072,2350.972,0.150,0,smart_cloud,cassandra,156.900,overtake
2022_Monaco_Grand_Prix|RIC|36|fast,2022_Monaco_Grand_Prix,RIC,36,3150003.358,3150003.485,3150004.250,0.127,0.892,0.350,0,fast_local,redis_cache,0.765,overtake
2022_Monaco_Grand_Prix|RIC|36|smart,2022_Monaco_Grand_Prix,RIC,36,3150003.358,3150941.824,3151098.724,938.466,1095.366,0.350,0,smart_cloud,cassandra,156.900,overtake
2022_Monaco_Grand_Prix|RUS|36|fast,2022_Monaco_Grand_Prix,RUS,36,3150003.588,3150007.311,3150008.077,3.723,4.488,0.350,0,fast_local,redis_cache,0.765,overtake
2022_Monaco_Grand_Prix|RUS|36|smart,2022_Monaco_Grand_Prix,RUS,36,3150003.588,3151098.724,3151255.624,1095.136,1252.036,0.350,0,smart_cloud,cassandra,156.900,overtake
2022_Monaco_Grand_Prix|SAI|36|fast,2022_Monaco_Grand_Prix,SAI,36,3150004.037,3150004.250,3150005.016,0.213,0.978,0.400,0,fast_local,redis_cache,0.765,overtake
2022_Monaco_Grand_Prix|SAI|36|smart,2022_Monaco_Grand_Prix,SAI,36,3150004.037,3150628.024,3150784.924,623.987,780.887,0.400,0,smart_cloud,cassandra,156.900,overtake
2022_Monaco_Grand_Prix|STR|36|fast,2022_Monaco_Grand_Prix,STR,36,3150004.264,3150005.016,3150005.781,0.752,1.517,0.500,1,fast_local,redis_cache,0.765,overtake
2022_Monaco_Grand_Prix|STR|36|smart,2022_Monaco_Grand_Prix,STR,36,3150004.264,3150157.324,3150314.224,153.060,309.960,0.500,1,smart_cloud,cassandra,156.900,overtake
2022_Monaco_Grand_Prix|TSU|36|fast,2022_Monaco_Grand_Prix,TSU,36,3150004.267,3150005.781,3150006.546,1.514,2.279,0.500,1,fast_local,redis_cache,0.765,overtake
2022_Monaco_Grand_Prix|TSU|36|smart,2022_Monaco_Grand_Prix,TSU,36,3150004.267,3150314.224,3150471.124,309.957,466.857,0.500,1,smart_cloud,cassandra,156.900,overtake
2022_Monaco_Grand_Prix|VER|36|fast,2022_Monaco_Grand_Prix,VER,36,3150004.433,3150006.546,3150007.311,2.113,2.879,0.500,1,fast_local,redis_cache,0.765,overtake
2022_Monaco_Grand_Prix|VER|36|smart,2022_Monaco_Grand_Prix,VER,36,3150004.433,3150471.124,3150628.024,466.691,623.591,0.500,1,smart_cloud,cassandra,156.900,overtake
2022_Monaco_Grand_Prix|VET|36|fast,2022_Monaco_Grand_Prix,VET,36,3150004.478,3150008.077,3150008.842,3.598,4.364,0.350,0,fast_local,redis_cache,0.765,overtake
2022_Monaco_Grand_Prix|VET|36|smart,2022_Monaco_Grand_Prix,VET,36,3150004.478,3151255.624,3151412.524,1251.146,1408.046,0.350,0,smart_cloud,cassandra,156.900,overtake
2022_Monaco_Grand_Prix|ZHO|36|fast,2022_Monaco_Grand_Prix,ZHO,36,3150004.994,3150008.842,3150009.607,3.848,4.613,0.300,0,fast_local,redis_cache,0.765,overtake
2022_Monaco_Grand_Prix|ZHO|36|smart,2022_Monaco_Grand_Prix,ZHO,36,3150004.994,3151412.524,3151569.424,1407.530,1564.430,0.300,0,smart_cloud,cassandra,156.900,overtake
2022_Monaco_Grand_Prix|ALB|37|fast,2022_Monaco_Grand_Prix,ALB,37,3240000.088,3240000.088,3240000.854,0.000,0.765,0.200,0,fast_local,redis_cache,0.765,rain+overtake+pit_window
2022_Monaco_Grand_Prix|ALB|37|smart,2022_Monaco_Grand_Prix,ALB,37,3240000.088,3240000.088,3240156.988,0.000,156.900,0.200,0,smart_cloud,cassandra,156.900,rain+overtake+pit_window
2022_Monaco_Grand_Prix|ALO|37|fast,2022_Monaco_Grand_Prix,ALO,37,3240000.336,3240000.854,3240001.619,0.518,1.283,0.550,1,fast_local,redis_cache,0.765,rain+overtake+pit_window
2022_Monaco_Grand_Prix|BOT|37|fast,2022_Monaco_Grand_Prix,BOT,37,3240000.672,3240012.332,3240013.098,11.661,12.426,0.200,0,fast_local,redis_cache,0.765,rain+overtake+pit_window
2022_Monaco_Grand_Prix|BOT|37|smart,2022_Monaco_Grand_Prix,BOT,37,3240000.672,3241412.188,3241569.088,1411.517,1568.417,0.200,0,smart_cloud,cassandra,156.900,rain+overtake+pit_window
2022_Monaco_Grand_Prix|GAS|37|fast,2022_Monaco_Grand_Prix,GAS,37,3240000.684,3240001.619,3240002.384,0.935,1.700,0.350,0,fast_local,redis_cache,0.765,rain+overtake+pit_window
2022_Monaco_Grand_Prix|GAS|37|smart,2022_Monaco_Grand_Prix,GAS,37,3240000.684,3240470.788,3240627.688,470.104,627.004,0.350,0,smart_cloud,cassandra,156.900,rain+overtake+pit_window
2022_Monaco_Grand_Prix|HAM|37|fast,2022_Monaco_Grand_Prix,HAM,37,3240001.010,3240008.506,3240009.271,7.496,8.261,0.350,0,fast_local,redis_cache,0.765,rain+overtake+pit_window
2022_Monaco_Grand_Prix|HAM|37|smart,2022_Monaco_Grand_Prix,HAM,37,3240001.010,3240627.688,3240784.588,626.678,783.578,0.350,0,smart_cloud,cassandra,156.900,rain+overtake+pit_window
2022_Monaco_Grand_Prix|LAT|37|fast,2022_Monaco_Grand_Prix,LAT,37,3240001.482,3240009.271,3240010.037,7.790,8.555,0.350,0,fast_local,redis_cache,0.765,rain+overtake+pit_window
2022_Monaco_Grand_Prix|LAT|37|smart,2022_Monaco_Grand_Prix,LAT,37,3240001.482,3240784.588,3240941.488,783.107,940.007,0.350,0,smart_cloud,cassandra,156.900,rain+overtake+pit_window
2022_Monaco_Grand_Prix|LEC|37|fast,2022_Monaco_Grand_Prix,LEC,37,3240001.716,3240011.567,3240012.332,9.851,10.616,0.250,0,fast_local,redis_cache,0.765,rain+overtake+pit_window
2022_Monaco_Grand_Prix|LEC|37|smart,2022_Monaco_Grand_Prix,LEC,37,3240001.716,3241255.288,3241412.188,1253.572,1410.472,0.250,0,smart_cloud,cassandra,156.900,rain+overtake+pit_window
2022_Monaco_Grand_Prix|NOR|37|fast,2022_Monaco_Grand_Prix,NOR,37,3240001.827,3240010.037,3240010.802,8.210,8.975,0.350,0,fast_local,redis_cache,0.765,rain+overtake+pit_window
2022_Monaco_Grand_Prix|NOR|37|smart,2022_Monaco_Grand_Prix,NOR,37,3240001.827,3240941.488,3241098.388,939.661,1096.561,0.350,0,smart_cloud,cassandra,156.900,rain+overtake+pit_window
2022_Monaco_Grand_Prix|OCO|37|fast,2022_Monaco_Grand_Prix,OCO,37,3240001.962,3240013.098,3240013.863,11.136,11.901,0.200,0,fast_local,redis_cache,0.765,rain+overtake+pit_window
2022_Monaco_Grand_Prix|OCO|37|smart,2022_Monaco_Grand_Prix,OCO,37,3240001.962,3241569.088,3241725.988,1567.126,1724.026,0.200,0,smart_cloud,cassandra,156.900,rain+overtake+pit_window
2022_Monaco_Grand_Prix|PER|37|fast,2022_Monaco_Grand_Prix,PER,37,3240002.040,3240010.802,3240011.567,8.762,9.527,0.350,0,fast_local,redis_cache,0.765,rain+overtake+pit_window
2022_Monaco_Grand_Prix|PER|37|smart,2022_Monaco_Grand_Prix,PER,37,3240002.040,3241098.388,3241255.288,1096.349,1253.249,0.350,0,smart_cloud,cassandra,156.900,rain+overtake+pit_window
2022_Monaco_Grand_Prix|RIC|37|fast,2022_Monaco_Grand_Prix,RIC,37,3240002.266,3240002.384,3240003.149,0.118,0.883,0.550,1,fast_local,redis_cache,0.765,rain+overtake+pit_window
2022_Monaco_Grand_Prix|RUS|37|fast,2022_Monaco_Grand_Prix,RUS,37,3240002.485,3240004.680,3240005.445,2.195,2.961,0.550,1,fast_local,redis_cache,0.765,rain+overtake+pit_window
2022_Monaco_Grand_Prix|SAI|37|fast,2022_Monaco_Grand_Prix,SAI,37,3240002.874,3240006.976,3240007.741,4.101,4.866,0.400,0,fast_local,redis_cache,0.765,rain+overtake+pit_window
2022_Monaco_Grand_Prix|SAI|37|smart,2022_Monaco_Grand_Prix,SAI,37,3240002.874,3240156.988,3240313.888,154.114,311.014,0.400,0,smart_cloud,cassandra,156.900,rain+overtake+pit_window
2022_Monaco_Grand_Prix|STR|37|fast,2022_Monaco_Grand_Prix,STR,37,3240002.976,3240003.149,3240003.915,0.173,0.939,0.700,1,fast_local,redis_cache,0.765,rain+overtake+pit_window
2022_Monaco_Grand_Prix|TSU|37|fast,2022_Monaco_Grand_Prix,TSU,37,3240003.173,3240003.915,3240004.680,0.742,1.507,0.700,1,fast_local,redis_cache,0.765,rain+overtake+pit_window
2022_Monaco_Grand_Prix|VER|37|fast,2022_Monaco_Grand_Prix,VER,37,3240003.504,3240007.741,3240008.506,4.236,5.002,0.400,0,fast_local,redis_cache,0.765,rain+overtake+pit_window
2022_Monaco_Grand_Prix|VER|37|smart,2022_Monaco_Grand_Prix,VER,37,3240003.504,3240313.888,3240470.788,310.384,467.284,0.400,0,smart_cloud,cassandra,156.900,rain+overtake+pit_window
2022_Monaco_Grand_Prix|VET|37|fast,2022_Monaco_Grand_Prix,VET,37,3240004.576,3240006.210,3240006.976,1.634,2.399,0.550,1,fast_local,redis_cache,0.765,rain+overtake+pit_window
2022_Monaco_Grand_Prix|ZHO|37|fast,2022_Monaco_Grand_Prix,ZHO,37,3240004.988,3240005.445,3240006.210,0.457,1.222,0.700,1,fast_local,redis_cache,0.765,rain+overtake+pit_window
2022_Monaco_Grand_Prix|ALB|38|fast,2022_Monaco_Grand_Prix,ALB,38,3330000.777,3330000.777,3330001.542,0.000,0.765,0.000,0,fast_local,redis_cache,0.765,overtake+pit_window
2022_Monaco_Grand_Prix|ALB|38|smart,2022_Monaco_Grand_Prix,ALB,38,3330000.777,3330000.777,3330157.677,0.000,156.900,0.000,0,smart_cloud,cassandra,156.900,overtake+pit_window
2022_Monaco_Grand_Prix|ALO|38|fast,2022_Monaco_Grand_Prix,ALO,38,3330001.175,3330001.542,3330002.308,0.367,1.132,0.350,0,fast_local,redis_cache,0.765,overtake+pit_window
2022_Monaco_Grand_Prix|ALO|38|smart,2022_Monaco_Grand_Prix,ALO,38,3330001.175,3330628.377,3330785.277,627.202,784.102,0.350,0,smart_cloud,cassandra,156.900,overtake+pit_window
2022_Monaco_Grand_Prix|BOT|38|fast,2022_Monaco_Grand_Prix,BOT,38,3330001.207,3330013.021,3330013.786,11.814,12.580,0.000,0,fast_local,redis_cache,0.765,overtake+pit_window
2022_Monaco_Grand_Prix|BOT|38|smart,2022_Monaco_Grand_Prix,BOT,38,3330001.207,3332511.177,3332668.077,2509.970,2666.870,0.000,0,smart_cloud,cassandra,156.900,overtake+pit_window
2022_Monaco_Grand_Prix|GAS|38|fast,2022_Monaco_Grand_Prix,GAS,38,3330001.423,3330002.308,3330003.073,0.885,1.650,0.150,0,fast_local,redis_cache,0.765,overtake+pit_window
2022_Monaco_Grand_Prix|GAS|38|smart,2022_Monaco_Grand_Prix,GAS,38,3330001.423,3331569.777,3331726.677,1568.355,1725.255,0.150,0,smart_cloud,cassandra,156.900,overtake+pit_window
2022_Monaco_Grand_Prix|HAM|38|fast,2022_Monaco_Grand_Prix,HAM,38,3330001.497,3330009.195,3330009.960,7.698,8.463,0.150,0,fast_local,redis_cache,0.765,overtake+pit_window
2022_Monaco_Grand_Prix|HAM|38|smart,2022_Monaco_Grand_Prix,HAM,38,3330001.497,3331726.677,3331883.577,1725.180,1882.080,0.150,0,smart_cloud,cassandra,156.900,overtake+pit_window
2022_Monaco_Grand_Prix|LAT|38|fast,2022_Monaco_Grand_Prix,LAT,38,3330001.612,3330009.960,3330010.725,8.348,9.113,0.150,0,fast_local,redis_cache,0.765,overtake+pit_window
2022_Monaco_Grand_Prix|LAT|38|smart,2022_Monaco_Grand_Prix,LAT,38,3330001.612,3331883.577,3332040.477,1881.965,2038.865,0.150,0,smart_cloud,cassandra,156.900,overtake+pit_window
2022_Monaco_Grand_Prix|LEC|38|fast,2022_Monaco_Grand_Prix,LEC,38,3330001.627,3330012.256,3330013.021,10.629,11.395,0.050,0,fast_local,redis_cache,0.765,overtake+pit_window
2022_Monaco_Grand_Prix|LEC|38|smart,2022_Monaco_Grand_Prix,LEC,38,3330001.627,3332354.277,3332511.177,2352.650,2509.550,0.050,0,smart_cloud,cassandra,156.900,overtake+pit_window
2022_Monaco_Grand_Prix|NOR|38|fast,2022_Monaco_Grand_Prix,NOR,38,3330002.102,3330010.725,3330011.491,8.624,9.389,0.150,0,fast_local,redis_cache,0.765,overtake+pit_window
2022_Monaco_Grand_Prix|NOR|38|smart,2022_Monaco_Grand_Prix,NOR,38,3330002.102,3332040.477,3332197.377,2038.375,2195.275,0.150,0,smart_cloud,cassandra,156.900,overtake+pit_window
2022_Monaco_Grand_Prix|OCO|38|fast,2022_Monaco_Grand_Prix,OCO,38,3330002.648,3330013.786,3330014.552,11.139,11.904,0.000,0,fast_local,redis_cache,0.765,overtake+pit_window
2022_Monaco_Grand_Prix|OCO|38|smart,2022_Monaco_Grand_Prix,OCO,38,3330002.648,3332668.077,3332824.977,2665.429,2822.329,0.000,0,smart_cloud,cassandra,156.900,overtake+pit_window
2022_Monaco_Grand_Prix|PER|38|fast,2022_Monaco_Grand_Prix,PER,38,3330002.704,3330011.491,3330012.256,8.786,9.552,0.150,0,fast_local,redis_cache,0.765,overtake+pit_window
2022_Monaco_Grand_Prix|PER|38|smart,2022_Monaco_Grand_Prix,PER,38,3330002.704,3332197.377,3332354.277,2194.673,2351.573,0.150,0,smart_cloud,cassandra,156.900,overtake+pit_window
2022_Monaco_Grand_Prix|RIC|38|fast,2022_Monaco_Grand_Prix,RIC,38,3330002.954,3330003.073,3330003.838,0.119,0.884,0.350,0,fast_local,redis_cache,0.765,overtake+pit_window
2022_Monaco_Grand_Prix|RIC|38|smart,2022_Monaco_Grand_Prix,RIC,38,3330002.954,3330785.277,3330942.177,782.323,939.223,0.350,0,smart_cloud,cassandra,156.900,overtake+pit_window
2022_Monaco_Grand_Prix|RUS|38|fast,2022_Monaco_Grand_Prix,RUS,38,3330003.267,3330006.134,3330006.899,2.867,3.632,0.350,0,fast_local,redis_cache,0.765,overtake+pit_window
2022_Monaco_Grand_Prix|RUS|38|smart,2022_Monaco_Grand_Prix,RUS,38,3330003.267,3330942.177,3331099.077,938.910,1095.810,0.350,0,smart_cloud,cassandra,156.900,overtake+pit_window
2022_Monaco_Grand_Prix|SAI|38|fast,2022_Monaco_Grand_Prix,SAI,38,3330003.712,3330007.664,3330008.430,3.953,4.718,0.200,0,fast_local,redis_cache,0.765,overtake+pit_window
2022_Monaco_Grand_Prix|SAI|38|smart,2022_Monaco_Grand_Prix,SAI,38,3330003.712,3331255.977,3331412.877,1252.266,1409.166,0.200,0,smart_cloud,cassandra,156.900,overtake+pit_window
2022_Monaco_Grand_Prix|STR|38|fast,2022_Monaco_Grand_Prix,STR,38,3330003.760,3330003.838,3330004.603,0.078,0.844,0.500,1,fast_local,redis_cache,0.765,overtake+pit_window
2022_Monaco_Grand_Prix|STR|38|smart,2022_Monaco_Grand_Prix,STR,38,3330003.760,3330157.677,3330314.577,153.917,310.817,0.500,1,smart_cloud,cassandra,156.900,overtake+pit_window
2022_Monaco_Grand_Prix|TSU|38|fast,2022_Monaco_Grand_Prix,TSU,38,3330004.372,3330004.603,3330005.369,0.232,0.997,0.500,1,fast_local,redis_cache,0.765,overtake+pit_window
2022_Monaco_Grand_Prix|TSU|38|smart,2022_Monaco_Grand_Prix,TSU,38,3330004.372,3330314.577,3330471.477,310.206,467.106,0.500,1,smart_cloud,cassandra,156.900,overtake+pit_window
2022_Monaco_Grand_Prix|VER|38|fast,2022_Monaco_Grand_Prix,VER,38,3330004.485,3330008.430,3330009.195,3.945,4.710,0.200,0,fast_local,redis_cache,0.765,overtake+pit_window
2022_Monaco_Grand_Prix|VER|38|smart,2022_Monaco_Grand_Prix,VER,38,3330004.485,3331412.877,3331569.777,1408.392,1565.292,0.200,0,smart_cloud,cassandra,156.900,overtake+pit_window
2022_Monaco_Grand_Prix|VET|38|fast,2022_Monaco_Grand_Prix,VET,38,3330004.545,3330006.899,3330007.664,2.354,3.119,0.350,0,fast_local,redis_cache,0.765,overtake+pit_window
2022_Monaco_Grand_Prix|VET|38|smart,2022_Monaco_Grand_Prix,VET,38,3330004.545,3331099.077,3331255.977,1094.532,1251.432,0.350,0,smart_cloud,cassandra,156.900,overtake+pit_window
2022_Monaco_Grand_Prix|ZHO|38|fast,2022_Monaco_Grand_Prix,ZHO,38,3330004.796,3330005.369,3330006.134,0.573,1.338,0.500,1,fast_local,redis_cache,0.765,overtake+pit_window
2022_Monaco_Grand_Prix|ZHO|38|smart,2022_Monaco_Grand_Prix,ZHO,38,3330004.796,3330471.477,3330628.377,466.681,623.581,0.500,1,smart_cloud,cassandra,156.900,overtake+pit_window
2022_Monaco_Grand_Prix|ALB|39|fast,2022_Monaco_Grand_Prix,ALB,39,3420000.509,3420000.509,3420001.275,0.000,0.765,0.000,0,fast_local,redis_cache,0.765,overtake+pit_window
2022_Monaco_Grand_Prix|ALB|39|smart,2022_Monaco_Grand_Prix,ALB,39,3420000.509,3420000.509,3420157.409,0.000,156.900,0.000,0,smart_cloud,cassandra,156.900,overtake+pit_window
2022_Monaco_Grand_Prix|ALO|39|fast,2022_Monaco_Grand_Prix,ALO,39,3420000.926,3420001.275,3420002.040,0.349,1.114,0.350,0,fast_local,redis_cache,0.765,overtake+pit_window
2022_Monaco_Grand_Prix|ALO|39|smart,2022_Monaco_Grand_Prix,ALO,39,3420000.926,3420785.009,3420941.909,784.084,940.984,0.350,0,smart_cloud,cassandra,156.900,overtake+pit_window
2022_Monaco_Grand_Prix|BOT|39|fast,2022_Monaco_Grand_Prix,BOT,39,3420001.416,3420002.040,3420002.805,0.624,1.389,0.000,0,fast_local,redis_cache,0.765,overtake+pit_window
2022_Monaco_Grand_Prix|BOT|39|smart,2022_Monaco_Grand_Prix,BOT,39,3420001.416,3422510.909,3422667.809,2509.493,2666.393,0.000,0,smart_cloud,cassandra,156.900,overtake+pit_window
2022_Monaco_Grand_Prix|GAS|39|fast,2022_Monaco_Grand_Prix,GAS,39,3420002.165,3420002.805,3420003.570,0.640,1.406,0.150,0,fast_local,redis_cache,0.765,overtake+pit_window
2022_Monaco_Grand_Prix|GAS|39|smart,2022_Monaco_Grand_Prix,GAS,39,3420002.165,3421569.509,3421726.409,1567.345,1724.245,0.150,0,smart_cloud,cassandra,156.900,overtake+pit_window
2022_Monaco_Grand_Prix|HAM|39|fast,2022_Monaco_Grand_Prix,HAM,39,3420002.192,3420009.692,3420010.458,7.501,8.266,0.150,0,fast_local,redis_cache,0.765,overtake+pit_window
2022_Monaco_Grand_Prix|HAM|39|smart,2022_Monaco_Grand_Prix,HAM,39,3420002.192,3421726.409,3421883.309,1724.218,1881.118,0.150,0,smart_cloud,cassandra,156.900,overtake+pit_window
2022_Monaco_Grand_Prix|LAT|39|fast,2022_Monaco_Grand_Prix,LAT,39,3420002.381,3420010.458,3420011.223,8.076,8.842,0.150,0,fast_local,redis_cache,0.765,overtake+pit_window
2022_Monaco_Grand_Prix|LAT|39|smart,2022_Monaco_Grand_Prix,LAT,39,3420002.381,3421883.309,3422040.209,1880.928,2037.828,0.150,0,smart_cloud,cassandra,156.900,overtake+pit_window
2022_Monaco_Grand_Prix|LEC|39|fast,2022_Monaco_Grand_Prix,LEC,39,3420002.564,3420012.753,3420013.519,10.190,10.955,0.050,0,fast_local,redis_cache,0.765,overtake+pit_window
2022_Monaco_Grand_Prix|LEC|39|smart,2022_Monaco_Grand_Prix,LEC,39,3420002.564,3422354.009,3422510.909,2351.446,2508.346,0.050,0,smart_cloud,cassandra,156.900,overtake+pit_window
2022_Monaco_Grand_Prix|NOR|39|fast,2022_Monaco_Grand_Prix,NOR,39,3420002.807,3420011.223,3420011.988,8.416,9.181,0.150,0,fast_local,redis_cache,0.765,overtake+pit_window
2022_Monaco_Grand_Prix|NOR|39|smart,2022_Monaco_Grand_Prix,NOR,39,3420002.807,3422040.209,3422197.109,2037.402,2194.302,0.150,0,smart_cloud,cassandra,156.900,overtake+pit_window
2022_Monaco_Grand_Prix|OCO|39|fast,2022_Monaco_Grand_Prix,OCO,39,3420002.811,3420013.519,3420014.284,10.708,11.473,0.000,0,fast_local,redis_cache,0.765,overtake+pit_window
2022_Monaco_Grand_Prix|OCO|39|smart,2022_Monaco_Grand_Prix,OCO,39,3420002.811,3422667.809,3422824.709,2664.999,2821.899,0.000,0,smart_cloud,cassandra,156.900,overtake+pit_window
2022_Monaco_Grand_Prix|PER|39|fast,2022_Monaco_Grand_Prix,PER,39,3420003.265,3420011.988,3420012.753,8.724,9.489,0.150,0,fast_local,redis_cache,0.765,overtake+pit_window
2022_Monaco_Grand_Prix|PER|39|smart,2022_Monaco_Grand_Prix,PER,39,3420003.265,3422197.109,3422354.009,2193.845,2350.745,0.150,0,smart_cloud,cassandra,156.900,overtake+pit_window
2022_Monaco_Grand_Prix|RIC|39|fast,2022_Monaco_Grand_Prix,RIC,39,3420003.373,3420003.570,3420004.336,0.197,0.963,0.500,1,fast_local,redis_cache,0.765,overtake+pit_window
2022_Monaco_Grand_Prix|RIC|39|smart,2022_Monaco_Grand_Prix,RIC,39,3420003.373,3420157.409,3420314.309,154.036,310.936,0.500,1,smart_cloud,cassandra,156.900,overtake+pit_window
2022_Monaco_Grand_Prix|RUS|39|fast,2022_Monaco_Grand_Prix,RUS,39,3420003.919,3420006.631,3420007.397,2.712,3.478,0.350,0,fast_local,redis_cache,0.765,overtake+pit_window
2022_Monaco_Grand_Prix|RUS|39|smart,2022_Monaco_Grand_Prix,RUS,39,3420003.919,3420941.909,3421098.809,937.990,1094.890,0.350,0,smart_cloud,cassandra,156.900,overtake+pit_window
2022_Monaco_Grand_Prix|SAI|39|fast,2022_Monaco_Grand_Prix,SAI,39,3420003.938,3420008.162,3420008.927,4.224,4.989,0.200,0,fast_local,redis_cache,0.765,overtake+pit_window
2022_Monaco_Grand_Prix|SAI|39|smart,2022_Monaco_Grand_Prix,SAI,39,3420003.938,3421255.709,3421412.609,1251.772,1408.672,0.200,0,smart_cloud,cassandra,156.900,overtake+pit_window
2022_Monaco_Grand_Prix|STR|39|fast,2022_Monaco_Grand_Prix,STR,39,3420003.960,3420004.336,3420005.101,0.376,1.141,0.500,1,fast_local,redis_cache,0.765,overtake+pit_window
2022_Monaco_Grand_Prix|STR|39|smart,2022_Monaco_Grand_Prix,STR,39,3420003.960,3420314.309,3420471.209,310.350,467.250,0.500,1,smart_cloud,cassandra,156.900,overtake+pit_window
2022_Monaco_Grand_Prix|TSU|39|fast,2022_Monaco_Grand_Prix,TSU,39,3420004.073,3420005.101,3420005.866,1.028,1.793,0.500,1,fast_local,redis_cache,0.765,overtake+pit_window
2022_Monaco_Grand_Prix|TSU|39|smart,2022_Monaco_Grand_Prix,TSU,39,3420004.073,3420471.209,3420628.109,467.136,624.036,0.500,1,smart_cloud,cassandra,156.900,overtake+pit_window
2022_Monaco_Grand_Prix|VER|39|fast,2022_Monaco_Grand_Prix,VER,39,3420004.513,3420008.927,3420009.692,4.414,5.180,0.200,0,fast_local,redis_cache,0.765,overtake+pit_window
2022_Monaco_Grand_Prix|VER|39|smart,2022_Monaco_Grand_Prix,VER,39,3420004.513,3421412.609,3421569.509,1408.097,1564.997,0.200,0,smart_cloud,cassandra,156.900,overtake+pit_window
2022_Monaco_Grand_Prix|VET|39|fast,2022_Monaco_Grand_Prix,VET,39,3420004.777,3420007.397,3420008.162,2.620,3.385,0.350,0,fast_local,redis_cache,0.765,overtake+pit_window
2022_Monaco_Grand_Prix|VET|39|smart,2022_Monaco_Grand_Prix,VET,39,3420004.777,3421098.809,3421255.709,1094.033,1250.933,0.350,0,smart_cloud,cassandra,156.900,overtake+pit_window
2022_Monaco_Grand_Prix|ZHO|39|fast,2022_Monaco_Grand_Prix,ZHO,39,3420004.974,3420005.866,3420006.631,0.893,1.658,0.500,1,fast_local,redis_cache,0.765,overtake+pit_window
2022_Monaco_Grand_Prix|ZHO|39|smart,2022_Monaco_Grand_Prix,ZHO,39,3420004.974,3420628.109,3420785.009,623.136,780.036,0.500,1,smart_cloud,cassandra,156.900,overtake+pit_window
2022_Monaco_Grand_Prix|ALB|40|fast,2022_Monaco_Grand_Prix,ALB,40,3510000.179,3510000.179,3510000.944,0.000,0.765,0.150,0,fast_local,redis_cache,0.765,overtake+pit_window
2022_Monaco_Grand_Prix|ALB|40|smart,2022_Monaco_Grand_Prix,ALB,40,3510000.179,3510000.179,3510157.079,0.000,156.900,0.150,0,smart_cloud,cassandra,156.900,overtake+pit_window
2022_Monaco_Grand_Prix|ALO|40|fast,2022_Monaco_Grand_Prix,ALO,40,3510000.205,3510004.005,3510004.771,3.800,4.565,0.350,0,fast_local,redis_cache,0.765,overtake+pit_window
2022_Monaco_Grand_Prix|ALO|40|smart,2022_Monaco_Grand_Prix,ALO,40,3510000.205,3510941.579,3511098.479,941.374,1098.274,0.350,0,smart_cloud,cassandra,156.900,overtake+pit_window
2022_Monaco_Grand_Prix|BOT|40|fast,2022_Monaco_Grand_Prix,BOT,40,3510000.255,3510007.832,3510008.597,7.577,8.342,0.150,0,fast_local,redis_cache,0.765,overtake+pit_window
2022_Monaco_Grand_Prix|BOT|40|smart,2022_Monaco_Grand_Prix,BOT,40,3510000.255,3511569.179,3511726.079,1568.924,1725.824,0.150,0,smart_cloud,cassandra,156.900,overtake+pit_window
2022_Monaco_Grand_Prix|GAS|40|fast,2022_Monaco_Grand_Prix,GAS,40,3510000.303,3510008.597,3510009.362,8.294,9.060,0.150,0,fast_local,redis_cache,0.765,overtake+pit_window
2022_Monaco_Grand_Prix|GAS|40|smart,2022_Monaco_Grand_Prix,GAS,40,3510000.303,3511726.079,3511882.979,1725.777,1882.677,0.150,0,smart_cloud,cassandra,156.900,overtake+pit_window
2022_Monaco_Grand_Prix|HAM|40|fast,2022_Monaco_Grand_Prix,HAM,40,3510000.328,3510009.362,3510010.127,9.035,9.800,0.150,0,fast_local,redis_cache,0.765,overtake+pit_window
2022_Monaco_Grand_Prix|HAM|40|smart,2022_Monaco_Grand_Prix,HAM,40,3510000.328,3511882.979,3512039.879,1882.652,2039.552,0.150,0,smart_cloud,cassandra,156.900,overtake+pit_window
2022_Monaco_Grand_Prix|LAT|40|fast,2022_Monaco_Grand_Prix,LAT,40,3510000.515,3510000.944,3510001.710,0.429,1.195,0.500,1,fast_local,redis_cache,0.765,overtake+pit_window
2022_Monaco_Grand_Prix|LAT|40|smart,2022_Monaco_Grand_Prix,LAT,40,3510000.515,3510157.079,3510313.979,156.564,313.464,0.500,1,smart_cloud,cassandra,156.900,overtake+pit_window
2022_Monaco_Grand_Prix|LEC|40|fast,2022_Monaco_Grand_Prix,LEC,40,3510000.558,3510012.423,3510013.188,11.865,12.630,0.000,0,fast_local,redis_cache,0.765,overtake+pit_window
2022_Monaco_Grand_Prix|LEC|40|smart,2022_Monaco_Grand_Prix,LEC,40,3510000.558,3512510.579,3512667.479,2510.021,2666.921,0.000,0,smart_cloud,cassandra,156.900,overtake+pit_window
2022_Monaco_Grand_Prix|NOR|40|fast,2022_Monaco_Grand_Prix,NOR,40,3510001.035,3510010.127,3510010.893,9.092,9.858,0.150,0,fast_local,redis_cache,0.765,overtake+pit_window
2022_Monaco_Grand_Prix|NOR|40|smart,2022_Monaco_Grand_Prix,NOR,40,3510001.035,3512039.879,3512196.779,2038.844,2195.744,0.150,0,smart_cloud,cassandra,156.900,overtake+pit_window
2022_Monaco_Grand_Prix|OCO|40|fast,2022_Monaco_Grand_Prix,OCO,40,3510001.230,3510013.188,3510013.954,11.958,12.723,0.000,0,fast_local,redis_cache,0.765,overtake+pit_window
2022_Monaco_Grand_Prix|OCO|40|smart,2022_Monaco_Grand_Prix,OCO,40,3510001.230,3512667.479,3512824.379,2666.249,2823.149,0.000,0,smart_cloud,cassandra,156.900,overtake+pit_window
2022_Monaco_Grand_Prix|PER|40|fast,2022_Monaco_Grand_Prix,PER,40,3510001.510,3510010.893,3510011.658,9.382,10.148,0.150,0,fast_local,redis_cache,0.765,overtake+pit_window
2022_Monaco_Grand_Prix|PER|40|smart,2022_Monaco_Grand_Prix,PER,40,3510001.510,3512196.779,3512353.679,2195.269,2352.169,0.150,0,smart_cloud,cassandra,156.900,overtake+pit_window
2022_Monaco_Grand_Prix|RIC|40|fast,2022_Monaco_Grand_Prix,RIC,40,3510001.563,3510001.710,3510002.475,0.147,0.912,0.500,1,fast_local,redis_cache,0.765,overtake+pit_window
2022_Monaco_Grand_Prix|RIC|40|smart,2022_Monaco_Grand_Prix,RIC,40,3510001.563,3510313.979,3510470.879,312.416,469.316,0.500,1,smart_cloud,cassandra,156.900,overtake+pit_window
2022_Monaco_Grand_Prix|RUS|40|fast,2022_Monaco_Grand_Prix,RUS,40,3510001.923,3510004.771,3510005.536,2.848,3.613,0.350,0,fast_local,redis_cache,0.765,overtake+pit_window
2022_Monaco_Grand_Prix|RUS|40|smart,2022_Monaco_Grand_Prix,RUS,40,3510001.923,3511098.479,3511255.379,1096.557,1253.457,0.350,0,smart_cloud,cassandra,156.900,overtake+pit_window
2022_Monaco_Grand_Prix|SAI|40|fast,2022_Monaco_Grand_Prix,SAI,40,3510001.971,3510007.066,3510007.832,5.096,5.861,0.200,0,fast_local,redis_cache,0.765,overtake+pit_window
2022_Monaco_Grand_Prix|SAI|40|smart,2022_Monaco_Grand_Prix,SAI,40,3510001.971,3511412.279,3511569.179,1410.309,1567.209,0.200,0,smart_cloud,cassandra,156.900,overtake+pit_window
2022_Monaco_Grand_Prix|STR|40|fast,2022_Monaco_Grand_Prix,STR,40,3510002.083,3510002.475,3510003.240,0.392,1.157,0.500,1,fast_local,redis_cache,0.765,overtake+pit_window
2022_Monaco_Grand_Prix|STR|40|smart,2022_Monaco_Grand_Prix,STR,40,3510002.083,3510470.879,3510627.779,468.796,625.696,0.500,1,smart_cloud,cassandra,156.900,overtake+pit_window
2022_Monaco_Grand_Prix|TSU|40|fast,2022_Monaco_Grand_Prix,TSU,40,3510002.276,3510003.240,3510004.005,0.965,1.730,0.500,1,fast_local,redis_cache,0.765,overtake+pit_window
2022_Monaco_Grand_Prix|TSU|40|smart,2022_Monaco_Grand_Prix,TSU,40,3510002.276,3510627.779,3510784.679,625.504,782.404,0.500,1,smart_cloud,cassandra,156.900,overtake+pit_window
2022_Monaco_Grand_Prix|VER|40|fast,2022_Monaco_Grand_Prix,VER,40,3510002.580,3510011.658,3510012.423,9.078,9.843,0.050,0,fast_local,redis_cache,0.765,overtake+pit_window
2022_Monaco_Grand_Prix|VER|40|smart,2022_Monaco_Grand_Prix,VER,40,3510002.580,3512353.679,3512510.579,2351.099,2507.999,0.050,0,smart_cloud,cassandra,156.900,overtake+pit_window
2022_Monaco_Grand_Prix|VET|40|fast,2022_Monaco_Grand_Prix,VET,40,3510003.491,3510006.301,3510007.066,2.810,3.576,0.350,0,fast_local,redis_cache,0.765,overtake+pit_window
2022_Monaco_Grand_Prix|VET|40|smart,2022_Monaco_Grand_Prix,VET,40,3510003.491,3511255.379,3511412.279,1251.888,1408.788,0.350,0,smart_cloud,cassandra,156.900,overtake+pit_window
2022_Monaco_Grand_Prix|ZHO|40|fast,2022_Monaco_Grand_Prix,ZHO,40,3510004.799,3510005.536,3510006.301,0.737,1.502,0.500,1,fast_local,redis_cache,0.765,overtake+pit_window
2022_Monaco_Grand_Prix|ZHO|40|smart,2022_Monaco_Grand_Prix,ZHO,40,3510004.799,3510784.679,3510941.579,779.880,936.780,0.500,1,smart_cloud,cassandra,156.900,overtake+pit_window
2022_Monaco_Grand_Prix|ALB|41|fast,2022_Monaco_Grand_Prix,ALB,41,3600000.006,3600000.006,3600000.771,0.000,0.765,0.150,0,fast_local,redis_cache,0.765,overtake+pit_window
2022_Monaco_Grand_Prix|ALB|41|smart,2022_Monaco_Grand_Prix,ALB,41,3600000.006,3600000.006,3600156.906,0.000,156.900,0.150,0,smart_cloud,cassandra,156.900,overtake+pit_window
2022_Monaco_Grand_Prix|ALO|41|fast,2022_Monaco_Grand_Prix,ALO,41,3600000.008,3600000.771,3600001.537,0.763,1.528,0.350,0,fast_local,redis_cache,0.765,overtake+pit_window
2022_Monaco_Grand_Prix|ALO|41|smart,2022_Monaco_Grand_Prix,ALO,41,3600000.008,3600941.406,3601098.306,941.398,1098.298,0.350,0,smart_cloud,cassandra,156.900,overtake+pit_window
2022_Monaco_Grand_Prix|BOT|41|fast,2022_Monaco_Grand_Prix,BOT,41,3600000.560,3600002.302,3600003.067,1.742,2.507,0.150,0,fast_local,redis_cache,0.765,overtake+pit_window
2022_Monaco_Grand_Prix|BOT|41|smart,2022_Monaco_Grand_Prix,BOT,41,3600000.560,3601412.106,3601569.006,1411.546,1568.446,0.150,0,smart_cloud,cassandra,156.900,overtake+pit_window
2022_Monaco_Grand_Prix|GAS|41|fast,2022_Monaco_Grand_Prix,GAS,41,3600001.141,3600008.424,3600009.189,7.283,8.048,0.150,0,fast_local,redis_cache,0.765,overtake+pit_window
2022_Monaco_Grand_Prix|GAS|41|smart,2022_Monaco_Grand_Prix,GAS,41,3600001.141,3601569.006,3601725.906,1567.865,1724.765,0.150,0,smart_cloud,cassandra,156.900,overtake+pit_window
2022_Monaco_Grand_Prix|HAM|41|fast,2022_Monaco_Grand_Prix,HAM,41,3600001.212,3600009.189,3600009.954,7.977,8.742,0.150,0,fast_local,redis_cache,0.765,overtake+pit_window
2022_Monaco_Grand_Prix|HAM|41|smart,2022_Monaco_Grand_Prix,HAM,41,3600001.212,3601725.906,3601882.806,1724.694,1881.594,0.150,0,smart_cloud,cassandra,156.900,overtake+pit_window
2022_Monaco_Grand_Prix|LAT|41|fast,2022_Monaco_Grand_Prix,LAT,41,3600001.302,3600001.537,3600002.302,0.235,1.000,0.500,1,fast_local,redis_cache,0.765,overtake+pit_window
2022_Monaco_Grand_Prix|LAT|41|smart,2022_Monaco_Grand_Prix,LAT,41,3600001.302,3600156.906,3600313.806,155.604,312.504,0.500,1,smart_cloud,cassandra,156.900,overtake+pit_window
2022_Monaco_Grand_Prix|LEC|41|fast,2022_Monaco_Grand_Prix,LEC,41,3600001.612,3600009.954,3600010.720,8.342,9.107,0.150,0,fast_local,redis_cache,0.765,overtake+pit_window
2022_Monaco_Grand_Prix|LEC|41|smart,2022_Monaco_Grand_Prix,LEC,41,3600001.612,3601882.806,3602039.706,1881.194,2038.094,0.150,0,smart_cloud,cassandra,156.900,overtake+pit_window
2022_Monaco_Grand_Prix|NOR|41|fast,2022_Monaco_Grand_Prix,NOR,41,3600001.654,3600010.720,3600011.485,9.066,9.831,0.150,0,fast_local,redis_cache,0.765,overtake+pit_window
2022_Monaco_Grand_Prix|NOR|41|smart,2022_Monaco_Grand_Prix,NOR,41,3600001.654,3602039.706,3602196.606,2038.052,2194.952,0.150,0,smart_cloud,cassandra,156.900,overtake+pit_window
2022_Monaco_Grand_Prix|OCO|41|fast,2022_Monaco_Grand_Prix,OCO,41,3600001.665,3600013.015,3600013.781,11.350,12.115,0.000,0,fast_local,redis_cache,0.765,overtake+pit_window
2022_Monaco_Grand_Prix|OCO|41|smart,2022_Monaco_Grand_Prix,OCO,41,3600001.665,3602510.406,3602667.306,2508.741,2665.641,0.000,0,smart_cloud,cassandra,156.900,overtake+pit_window
2022_Monaco_Grand_Prix|PER|41|fast,2022_Monaco_Grand_Prix,PER,41,3600002.157,3600011.485,3600012.250,9.328,10.094,0.150,0,fast_local,redis_cache,0.765,overtake+pit_window
2022_Monaco_Grand_Prix|PER|41|smart,2022_Monaco_Grand_Prix,PER,41,3600002.157,3602196.606,3602353.506,2194.450,2351.350,0.150,0,smart_cloud,cassandra,156.900,overtake+pit_window
2022_Monaco_Grand_Prix|RIC|41|fast,2022_Monaco_Grand_Prix,RIC,41,3600002.399,3600003.832,3600004.598,1.433,2.198,0.500,1,fast_local,redis_cache,0.765,overtake+pit_window
2022_Monaco_Grand_Prix|RIC|41|smart,2022_Monaco_Grand_Prix,RIC,41,3600002.399,3600313.806,3600470.706,311.407,468.307,0.500,1,smart_cloud,cassandra,156.900,overtake+pit_window
2022_Monaco_Grand_Prix|RUS|41|fast,2022_Monaco_Grand_Prix,RUS,41,3600002.448,3600006.893,3600007.659,4.446,5.211,0.350,0,fast_local,redis_cache,0.765,overtake+pit_window
2022_Monaco_Grand_Prix|RUS|41|smart,2022_Monaco_Grand_Prix,RUS,41,3600002.448,3601098.306,3601255.206,1095.859,1252.759,0.350,0,smart_cloud,cassandra,156.900,overtake+pit_window
2022_Monaco_Grand_Prix|SAI|41|fast,2022_Monaco_Grand_Prix,SAI,41,3600002.541,3600003.067,3600003.832,0.526,1.292,0.550,1,fast_local,redis_cache,0.765,overtake+pit_window
2022_Monaco_Grand_Prix|STR|41|fast,2022_Monaco_Grand_Prix,STR,41,3600003.416,3600004.598,3600005.363,1.181,1.947,0.500,1,fast_local,redis_cache,0.765,overtake+pit_window
2022_Monaco_Grand_Prix|STR|41|smart,2022_Monaco_Grand_Prix,STR,41,3600003.416,3600470.706,3600627.606,467.290,624.190,0.500,1,smart_cloud,cassandra,156.900,overtake+pit_window
2022_Monaco_Grand_Prix|TSU|41|fast,2022_Monaco_Grand_Prix,TSU,41,3600003.903,3600005.363,3600006.128,1.460,2.225,0.500,1,fast_local,redis_cache,0.765,overtake+pit_window
2022_Monaco_Grand_Prix|TSU|41|smart,2022_Monaco_Grand_Prix,TSU,41,3600003.903,3600627.606,3600784.506,623.703,780.603,0.500,1,smart_cloud,cassandra,156.900,overtake+pit_window
2022_Monaco_Grand_Prix|VER|41|fast,2022_Monaco_Grand_Prix,VER,41,3600004.206,3600012.250,3600013.015,8.044,8.809,0.150,0,fast_local,redis_cache,0.765,overtake+pit_window
2022_Monaco_Grand_Prix|VER|41|smart,2022_Monaco_Grand_Prix,VER,41,3600004.206,3602353.506,3602510.406,2349.300,2506.200,0.150,0,smart_cloud,cassandra,156.900,overtake+pit_window
2022_Monaco_Grand_Prix|VET|41|fast,2022_Monaco_Grand_Prix,VET,41,3600004.314,3600007.659,3600008.424,3.345,4.110,0.350,0,fast_local,redis_cache,0.765,overtake+pit_window
2022_Monaco_Grand_Prix|VET|41|smart,2022_Monaco_Grand_Prix,VET,41,3600004.314,3601255.206,3601412.106,1250.892,1407.792,0.350,0,smart_cloud,cassandra,156.900,overtake+pit_window
2022_Monaco_Grand_Prix|ZHO|41|fast,2022_Monaco_Grand_Prix,ZHO,41,3600004.652,3600006.128,3600006.893,1.476,2.242,0.500,1,fast_local,redis_cache,0.765,overtake+pit_window
2022_Monaco_Grand_Prix|ZHO|41|smart,2022_Monaco_Grand_Prix,ZHO,41,3600004.652,3600784.506,3600941.406,779.854,936.754,0.500,1,smart_cloud,cassandra,156.900,overtake+pit_window
2022_Monaco_Grand_Prix|ALB|42|fast,2022_Monaco_Grand_Prix,ALB,42,3690000.024,3690000.024,3690000.789,0.000,0.765,0.300,0,fast_local,redis_cache,0.765,overtake+pit_window
2022_Monaco_Grand_Prix|ALB|42|smart,2022_Monaco_Grand_Prix,ALB,42,3690000.024,3690000.024,3690156.924,0.000,156.900,0.300,0,smart_cloud,cassandra,156.900,overtake+pit_window
2022_Monaco_Grand_Prix|ALO|42|fast,2022_Monaco_Grand_Prix,ALO,42,3690000.046,3690001.554,3690002.319,1.508,2.273,0.350,0,fast_local,redis_cache,0.765,overtake+pit_window
2022_Monaco_Grand_Prix|ALO|42|smart,2022_Monaco_Grand_Prix,ALO,42,3690000.046,3690941.424,3691098.324,941.377,1098.277,0.350,0,smart_cloud,cassandra,156.900,overtake+pit_window
2022_Monaco_Grand_Prix|BOT|42|fast,2022_Monaco_Grand_Prix,BOT,42,3690000.156,3690009.207,3690009.972,9.050,9.816,0.150,0,fast_local,redis_cache,0.765,overtake+pit_window
2022_Monaco_Grand_Prix|BOT|42|smart,2022_Monaco_Grand_Prix,BOT,42,3690000.156,3691882.824,3692039.724,1882.667,2039.567,0.150,0,smart_cloud,cassandra,156.900,overtake+pit_window
2022_Monaco_Grand_Prix|GAS|42|fast,2022_Monaco_Grand_Prix,GAS,42,3690000.237,3690006.146,3690006.911,5.909,6.674,0.300,0,fast_local,redis_cache,0.765,overtake+pit_window
2022_Monaco_Grand_Prix|GAS|42|smart,2022_Monaco_Grand_Prix,GAS,42,3690000.237,3691255.224,3691412.124,1254.987,1411.887,0.300,0,smart_cloud,cassandra,156.900,overtake+pit_window
2022_Monaco_Grand_Prix|HAM|42|fast,2022_Monaco_Grand_Prix,HAM,42,3690000.243,3690009.972,3690010.737,9.729,10.494,0.150,0,fast_local,redis_cache,0.765,overtake+pit_window
2022_Monaco_Grand_Prix|HAM|42|smart,2022_Monaco_Grand_Prix,HAM,42,3690000.243,3692039.724,3692196.624,2039.481,2196.381,0.150,0,smart_cloud,cassandra,156.900,overtake+pit_window
2022_Monaco_Grand_Prix|LAT|42|fast,2022_Monaco_Grand_Prix,LAT,42,3690000.553,3690000.789,3690001.554,0.236,1.001,0.500,1,fast_local,redis_cache,0.765,overtake+pit_window
2022_Monaco_Grand_Prix|LAT|42|smart,2022_Monaco_Grand_Prix,LAT,42,3690000.553,3690156.924,3690313.824,156.371,313.271,0.500,1,smart_cloud,cassandra,156.900,overtake+pit_window
2022_Monaco_Grand_Prix|LEC|42|fast,2022_Monaco_Grand_Prix,LEC,42,3690000.691,3690010.737,3690011.502,10.046,10.811,0.150,0,fast_local,redis_cache,0.765,overtake+pit_window
2022_Monaco_Grand_Prix|LEC|42|smart,2022_Monaco_Grand_Prix,LEC,42,3690000.691,3692196.624,3692353.524,2195.933,2352.833,0.150,0,smart_cloud,cassandra,156.900,overtake+pit_window
2022_Monaco_Grand_Prix|NOR|42|fast,2022_Monaco_Grand_Prix,NOR,42,3690000.752,3690006.911,3690007.676,6.159,6.924,0.300,0,fast_local,redis_cache,0.765,overtake+pit_window
2022_Monaco_Grand_Prix|NOR|42|smart,2022_Monaco_Grand_Prix,NOR,42,3690000.752,3691412.124,3691569.024,1411.371,1568.271,0.300,0,smart_cloud,cassandra,156.900,overtake+pit_window
2022_Monaco_Grand_Prix|OCO|42|fast,2022_Monaco_Grand_Prix,OCO,42,3690000.942,3690012.268,3690013.033,11.326,12.091,0.000,0,fast_local,redis_cache,0.765,overtake+pit_window
2022_Monaco_Grand_Prix|OCO|42|smart,2022_Monaco_Grand_Prix,OCO,42,3690000.942,3692510.424,3692667.324,2509.482,2666.382,0.000,0,smart_cloud,cassandra,156.900,overtake+pit_window
2022_Monaco_Grand_Prix|PER|42|fast,2022_Monaco_Grand_Prix,PER,42,3690001.208,3690013.033,3690013.798,11.825,12.590,0.000,0,fast_local,redis_cache,0.765,overtake+pit_window
2022_Monaco_Grand_Prix|PER|42|smart,2022_Monaco_Grand_Prix,PER,42,3690001.208,3692667.324,3692824.224,2666.116,2823.016,0.000,0,smart_cloud,cassandra,156.900,overtake+pit_window
2022_Monaco_Grand_Prix|RIC|42|fast,2022_Monaco_Grand_Prix,RIC,42,3690002.304,3690002.319,3690003.085,0.016,0.781,0.500,1,fast_local,redis_cache,0.765,overtake+pit_window
2022_Monaco_Grand_Prix|RIC|42|smart,2022_Monaco_Grand_Prix,RIC,42,3690002.304,3690313.824,3690470.724,311.520,468.420,0.500,1,smart_cloud,cassandra,156.900,overtake+pit_window
2022_Monaco_Grand_Prix|RUS|42|fast,2022_Monaco_Grand_Prix,RUS,42,3690002.846,3690003.085,3690003.850,0.239,1.004,0.350,0,fast_local,redis_cache,0.765,overtake+pit_window
2022_Monaco_Grand_Prix|RUS|42|smart,2022_Monaco_Grand_Prix,RUS,42,3690002.846,3691098.324,3691255.224,1095.478,1252.378,0.350,0,smart_cloud,cassandra,156.900,overtake+pit_window
2022_Monaco_Grand_Prix|SAI|42|fast,2022_Monaco_Grand_Prix,SAI,42,3690002.951,3690007.676,3690008.441,4.725,5.490,0.300,0,fast_local,redis_cache,0.765,overtake+pit_window
2022_Monaco_Grand_Prix|SAI|42|smart,2022_Monaco_Grand_Prix,SAI,42,3690002.951,3691569.024,3691725.924,1566.073,1722.973,0.300,0,smart_cloud,cassandra,156.900,overtake+pit_window
2022_Monaco_Grand_Prix|STR|42|fast,2022_Monaco_Grand_Prix,STR,42,3690003.101,3690003.850,3690004.615,0.749,1.514,0.500,1,fast_local,redis_cache,0.765,overtake+pit_window
2022_Monaco_Grand_Prix|STR|42|smart,2022_Monaco_Grand_Prix,STR,42,3690003.101,3690470.724,3690627.624,467.623,624.523,0.500,1,smart_cloud,cassandra,156.900,overtake+pit_window
2022_Monaco_Grand_Prix|TSU|42|fast,2022_Monaco_Grand_Prix,TSU,42,3690003.558,3690008.441,3690009.207,4.884,5.649,0.300,0,fast_local,redis_cache,0.765,overtake+pit_window
2022_Monaco_Grand_Prix|TSU|42|smart,2022_Monaco_Grand_Prix,TSU,42,3690003.558,3691725.924,3691882.824,1722.366,1879.266,0.300,0,smart_cloud,cassandra,156.900,overtake+pit_window
2022_Monaco_Grand_Prix|VER|42|fast,2022_Monaco_Grand_Prix,VER,42,3690004.247,3690011.502,3690012.268,7.255,8.021,0.050,0,fast_local,redis_cache,0.765,overtake+pit_window
2022_Monaco_Grand_Prix|VER|42|smart,2022_Monaco_Grand_Prix,VER,42,3690004.247,3692353.524,3692510.424,2349.277,2506.177,0.050,0,smart_cloud,cassandra,156.900,overtake+pit_window
2022_Monaco_Grand_Prix|VET|42|fast,2022_Monaco_Grand_Prix,VET,42,3690004.267,3690004.615,3690005.380,0.348,1.114,0.500,1,fast_local,redis_cache,0.765,overtake+pit_window
2022_Monaco_Grand_Prix|VET|42|smart,2022_Monaco_Grand_Prix,VET,42,3690004.267,3690627.624,3690784.524,623.357,780.257,0.500,1,smart_cloud,cassandra,156.900,overtake+pit_window
2022_Monaco_Grand_Prix|ZHO|42|fast,2022_Monaco_Grand_Prix,ZHO,42,3690004.594,3690005.380,3690006.146,0.786,1.552,0.400,0,fast_local,redis_cache,0.765,overtake+pit_window
2022_Monaco_Grand_Prix|ZHO|42|smart,2022_Monaco_Grand_Prix,ZHO,42,3690004.594,3690784.524,3690941.424,779.930,936.830,0.400,0,smart_cloud,cassandra,156.900,overtake+pit_window
2022_Monaco_Grand_Prix|ALB|43|fast,2022_Monaco_Grand_Prix,ALB,43,3780000.391,3780000.391,3780001.156,0.000,0.765,0.300,0,fast_local,redis_cache,0.765,overtake+pit_window
2022_Monaco_Grand_Prix|ALB|43|smart,2022_Monaco_Grand_Prix,ALB,43,3780000.391,3780000.391,3780157.291,0.000,156.900,0.300,0,smart_cloud,cassandra,156.900,overtake+pit_window
2022_Monaco_Grand_Prix|ALO|43|fast,2022_Monaco_Grand_Prix,ALO,43,3780000.814,3780001.156,3780001.921,0.342,1.107,0.350,0,fast_local,redis_cache,0.765,overtake+pit_window
2022_Monaco_Grand_Prix|ALO|43|smart,2022_Monaco_Grand_Prix,ALO,43,3780000.814,3780941.791,3781098.691,940.977,1097.877,0.350,0,smart_cloud,cassandra,156.900,overtake+pit_window
2022_Monaco_Grand_Prix|BOT|43|fast,2022_Monaco_Grand_Prix,BOT,43,3780001.082,3780009.574,3780010.339,8.492,9.257,0.150,0,fast_local,redis_cache,0.765,overtake+pit_window
2022_Monaco_Grand_Prix|BOT|43|smart,2022_Monaco_Grand_Prix,BOT,43,3780001.082,3781726.291,3781883.191,1725.209,1882.109,0.150,0,smart_cloud,cassandra,156.900,overtake+pit_window
2022_Monaco_Grand_Prix|GAS|43|fast,2022_Monaco_Grand_Prix,GAS,43,3780001.271,3780002.686,3780003.452,1.415,2.180,0.300,0,fast_local,redis_cache,0.765,overtake+pit_window
2022_Monaco_Grand_Prix|GAS|43|smart,2022_Monaco_Grand_Prix,GAS,43,3780001.271,3781255.591,3781412.491,1254.319,1411.219,0.300,0,smart_cloud,cassandra,156.900,overtake+pit_window
2022_Monaco_Grand_Prix|HAM|43|fast,2022_Monaco_Grand_Prix,HAM,43,3780001.588,3780010.339,3780011.104,8.751,9.516,0.150,0,fast_local,redis_cache,0.765,overtake+pit_window
2022_Monaco_Grand_Prix|HAM|43|smart,2022_Monaco_Grand_Prix,HAM,43,3780001.588,3781883.191,3782040.091,1881.602,2038.502,0.150,0,smart_cloud,cassandra,156.900,overtake+pit_window
2022_Monaco_Grand_Prix|LAT|43|fast,2022_Monaco_Grand_Prix,LAT,43,3780001.592,3780001.921,3780002.686,0.329,1.094,0.500,1,fast_local,redis_cache,0.765,overtake+pit_window
2022_Monaco_Grand_Prix|LAT|43|smart,2022_Monaco_Grand_Prix,LAT,43,3780001.592,3780157.291,3780314.191,155.699,312.599,0.500,1,smart_cloud,cassandra,156.900,overtake+pit_window
2022_Monaco_Grand_Prix|LEC|43|fast,2022_Monaco_Grand_Prix,LEC,43,3780001.808,3780011.104,3780011.869,9.296,10.062,0.150,0,fast_local,redis_cache,0.765,overtake+pit_window
2022_Monaco_Grand_Prix|LEC|43|smart,2022_Monaco_Grand_Prix,LEC,43,3780001.808,3782040.091,3782196.991,2038.283,2195.183,0.150,0,smart_cloud,cassandra,156.900,overtake+pit_window
2022_Monaco_Grand_Prix|NOR|43|fast,2022_Monaco_Grand_Prix,NOR,43,3780002.070,3780008.043,3780008.808,5.973,6.738,0.300,0,fast_local,redis_cache,0.765,overtake+pit_window
2022_Monaco_Grand_Prix|NOR|43|smart,2022_Monaco_Grand_Prix,NOR,43,3780002.070,3781412.491,3781569.391,1410.420,1567.320,0.300,0,smart_cloud,cassandra,156.900,overtake+pit_window
2022_Monaco_Grand_Prix|OCO|43|fast,2022_Monaco_Grand_Prix,OCO,43,3780002.272,3780012.635,3780013.400,10.362,11.128,0.000,0,fast_local,redis_cache,0.765,overtake+pit_window
2022_Monaco_Grand_Prix|OCO|43|smart,2022_Monaco_Grand_Prix,OCO,43,3780002.272,3782353.891,3782510.791,2351.618,2508.518,0.000,0,smart_cloud,cassandra,156.900,overtake+pit_window
2022_Monaco_Grand_Prix|PER|43|fast,2022_Monaco_Grand_Prix,PER,43,3780003.004,3780013.400,3780014.165,10.396,11.161,0.000,0,fast_local,redis_cache,0.765,overtake+pit_window
2022_Monaco_Grand_Prix|PER|43|smart,2022_Monaco_Grand_Prix,PER,43,3780003.004,3782510.791,3782667.691,2507.787,2664.687,0.000,0,smart_cloud,cassandra,156.900,overtake+pit_window
2022_Monaco_Grand_Prix|RIC|43|fast,2022_Monaco_Grand_Prix,RIC,43,3780003.017,3780003.452,3780004.217,0.434,1.200,0.500,1,fast_local,redis_cache,0.765,overtake+pit_window
2022_Monaco_Grand_Prix|RIC|43|smart,2022_Monaco_Grand_Prix,RIC,43,3780003.017,3780314.191,3780471.091,311.173,468.073,0.500,1,smart_cloud,cassandra,156.900,overtake+pit_window
2022_Monaco_Grand_Prix|RUS|43|fast,2022_Monaco_Grand_Prix,RUS,43,3780003.096,3780007.278,3780008.043,4.182,4.947,0.350,0,fast_local,redis_cache,0.765,overtake+pit_window
2022_Monaco_Grand_Prix|RUS|43|smart,2022_Monaco_Grand_Prix,RUS,43,3780003.096,3781098.691,3781255.591,1095.595,1252.495,0.350,0,smart_cloud,cassandra,156.900,overtake+pit_window
2022_Monaco_Grand_Prix|SAI|43|fast,2022_Monaco_Grand_Prix,SAI,43,3780003.865,3780008.808,3780009.574,4.944,5.709,0.300,0,fast_local,redis_cache,0.765,overtake+pit_window
2022_Monaco_Grand_Prix|SAI|43|smart,2022_Monaco_Grand_Prix,SAI,43,3780003.865,3781569.391,3781726.291,1565.526,1722.426,0.300,0,smart_cloud,cassandra,156.900,overtake+pit_window
2022_Monaco_Grand_Prix|STR|43|fast,2022_Monaco_Grand_Prix,STR,43,3780003.996,3780004.217,3780004.982,0.221,0.986,0.650,1,fast_local,redis_cache,0.765,overtake+pit_window
2022_Monaco_Grand_Prix|TSU|43|fast,2022_Monaco_Grand_Prix,TSU,43,3780004.066,3780004.982,3780005.747,0.916,1.682,0.500,1,fast_local,redis_cache,0.765,overtake+pit_window
2022_Monaco_Grand_Prix|TSU|43|smart,2022_Monaco_Grand_Prix,TSU,43,3780004.066,3780471.091,3780627.991,467.025,623.925,0.500,1,smart_cloud,cassandra,156.900,overtake+pit_window
2022_Monaco_Grand_Prix|VER|43|fast,2022_Monaco_Grand_Prix,VER,43,3780004.277,3780011.869,3780012.635,7.592,8.357,0.050,0,fast_local,redis_cache,0.765,overtake+pit_window
2022_Monaco_Grand_Prix|VER|43|smart,2022_Monaco_Grand_Prix,VER,43,3780004.277,3782196.991,3782353.891,2192.713,2349.613,0.050,0,smart_cloud,cassandra,156.900,overtake+pit_window
2022_Monaco_Grand_Prix|VET|43|fast,2022_Monaco_Grand_Prix,VET,43,3780004.594,3780005.747,3780006.513,1.153,1.919,0.500,1,fast_local,redis_cache,0.765,overtake+pit_window
2022_Monaco_Grand_Prix|VET|43|smart,2022_Monaco_Grand_Prix,VET,43,3780004.594,3780627.991,3780784.891,623.397,780.297,0.500,1,smart_cloud,cassandra,156.900,overtake+pit_window
2022_Monaco_Grand_Prix|ZHO|43|fast,2022_Monaco_Grand_Prix,ZHO,43,3780004.923,3780006.513,3780007.278,1.589,2.355,0.500,1,fast_local,redis_cache,0.765,overtake+pit_window
2022_Monaco_Grand_Prix|ZHO|43|smart,2022_Monaco_Grand_Prix,ZHO,43,3780004.923,3780784.891,3780941.791,779.967,936.867,0.500,1,smart_cloud,cassandra,156.900,overtake+pit_window
2022_Monaco_Grand_Prix|ALB|44|fast,2022_Monaco_Grand_Prix,ALB,44,3870000.020,3870000.020,3870000.785,0.000,0.765,0.300,0,fast_local,redis_cache,0.765,overtake+pit_window
2022_Monaco_Grand_Prix|ALB|44|smart,2022_Monaco_Grand_Prix,ALB,44,3870000.020,3870000.020,3870156.920,0.000,156.900,0.300,0,smart_cloud,cassandra,156.900,overtake+pit_window
2022_Monaco_Grand_Prix|ALO|44|fast,2022_Monaco_Grand_Prix,ALO,44,3870000.083,3870001.551,3870002.316,1.468,2.233,0.350,0,fast_local,redis_cache,0.765,overtake+pit_window
2022_Monaco_Grand_Prix|ALO|44|smart,2022_Monaco_Grand_Prix,ALO,44,3870000.083,3870941.420,3871098.320,941.337,1098.237,0.350,0,smart_cloud,cassandra,156.900,overtake+pit_window
2022_Monaco_Grand_Prix|BOT|44|fast,2022_Monaco_Grand_Prix,BOT,44,3870000.095,3870008.438,3870009.203,8.343,9.108,0.150,0,fast_local,redis_cache,0.765,overtake+pit_window
2022_Monaco_Grand_Prix|BOT|44|smart,2022_Monaco_Grand_Prix,BOT,44,3870000.095,3871569.020,3871725.920,1568.925,1725.825,0.150,0,smart_cloud,cassandra,156.900,overtake+pit_window
2022_Monaco_Grand_Prix|GAS|44|fast,2022_Monaco_Grand_Prix,GAS,44,3870000.149,3870002.316,3870003.081,2.167,2.932,0.300,0,fast_local,redis_cache,0.765,overtake+pit_window
2022_Monaco_Grand_Prix|GAS|44|smart,2022_Monaco_Grand_Prix,GAS,44,3870000.149,3871255.220,3871412.120,1255.071,1411.971,0.300,0,smart_cloud,cassandra,156.900,overtake+pit_window
2022_Monaco_Grand_Prix|HAM|44|fast,2022_Monaco_Grand_Prix,HAM,44,3870000.630,3870009.203,3870009.968,8.573,9.338,0.150,0,fast_local,redis_cache,0.765,overtake+pit_window
2022_Monaco_Grand_Prix|HAM|44|smart,2022_Monaco_Grand_Prix,HAM,44,3870000.630,3871725.920,3871882.820,1725.290,1882.190,0.150,0,smart_cloud,cassandra,156.900,overtake+pit_window
2022_Monaco_Grand_Prix|LAT|44|fast,2022_Monaco_Grand_Prix,LAT,44,3870000.719,3870000.785,3870001.551,0.067,0.832,0.500,1,fast_local,redis_cache,0.765,overtake+pit_window
2022_Monaco_Grand_Prix|LAT|44|smart,2022_Monaco_Grand_Prix,LAT,44,3870000.719,3870156.920,3870313.820,156.201,313.101,0.500,1,smart_cloud,cassandra,156.900,overtake+pit_window
2022_Monaco_Grand_Prix|LEC|44|fast,2022_Monaco_Grand_Prix,LEC,44,3870000.827,3870009.968,3870010.734,9.141,9.906,0.150,0,fast_local,redis_cache,0.765,overtake+pit_window
2022_Monaco_Grand_Prix|LEC|44|smart,2022_Monaco_Grand_Prix,LEC,44,3870000.827,3871882.820,3872039.720,1881.993,2038.893,0.150,0,smart_cloud,cassandra,156.900,overtake+pit_window
2022_Monaco_Grand_Prix|NOR|44|fast,2022_Monaco_Grand_Prix,NOR,44,3870000.865,3870007.673,3870008.438,6.808,7.573,0.300,0,fast_local,redis_cache,0.765,overtake+pit_window
2022_Monaco_Grand_Prix|NOR|44|smart,2022_Monaco_Grand_Prix,NOR,44,3870000.865,3871412.120,3871569.020,1411.255,1568.155,0.300,0,smart_cloud,cassandra,156.900,overtake+pit_window
2022_Monaco_Grand_Prix|OCO|44|fast,2022_Monaco_Grand_Prix,OCO,44,3870001.586,3870011.499,3870012.264,9.913,10.678,0.000,0,fast_local,redis_cache,0.765,overtake+pit_window
2022_Monaco_Grand_Prix|OCO|44|smart,2022_Monaco_Grand_Prix,OCO,44,3870001.586,3872196.620,3872353.520,2195.034,2351.934,0.000,0,smart_cloud,cassandra,156.900,overtake+pit_window
2022_Monaco_Grand_Prix|PER|44|fast,2022_Monaco_Grand_Prix,PER,44,3870001.732,3870012.264,3870013.029,10.532,11.297,0.000,0,fast_local,redis_cache,0.765,overtake+pit_window
2022_Monaco_Grand_Prix|PER|44|smart,2022_Monaco_Grand_Prix,PER,44,3870001.732,3872353.520,3872510.420,2351.788,2508.688,0.000,0,smart_cloud,cassandra,156.900,overtake+pit_window
2022_Monaco_Grand_Prix|RIC|44|fast,2022_Monaco_Grand_Prix,RIC,44,3870002.536,3870003.081,3870003.846,0.545,1.310,0.500,1,fast_local,redis_cache,0.765,overtake+pit_window
2022_Monaco_Grand_Prix|RIC|44|smart,2022_Monaco_Grand_Prix,RIC,44,3870002.536,3870313.820,3870470.720,311.284,468.184,0.500,1,smart_cloud,cassandra,156.900,overtake+pit_window
2022_Monaco_Grand_Prix|RUS|44|fast,2022_Monaco_Grand_Prix,RUS,44,3870002.969,3870006.907,3870007.673,3.938,4.703,0.350,0,fast_local,redis_cache,0.765,overtake+pit_window
2022_Monaco_Grand_Prix|RUS|44|smart,2022_Monaco_Grand_Prix,RUS,44,3870002.969,3871098.320,3871255.220,1095.351,1252.251,0.350,0,smart_cloud,cassandra,156.900,overtake+pit_window
2022_Monaco_Grand_Prix|SAI|44|fast,2022_Monaco_Grand_Prix,SAI,44,3870003.465,3870010.734,3870011.499,7.268,8.033,0.150,0,fast_local,redis_cache,0.765,overtake+pit_window
2022_Monaco_Grand_Prix|SAI|44|smart,2022_Monaco_Grand_Prix,SAI,44,3870003.465,3872039.720,3872196.620,2036.255,2193.155,0.150,0,smart_cloud,cassandra,156.900,overtake+pit_window
2022_Monaco_Grand_Prix|STR|44|fast,2022_Monaco_Grand_Prix,STR,44,3870003.540,3870003.846,3870004.612,0.306,1.071,0.650,1,fast_local,redis_cache,0.765,overtake+pit_window
2022_Monaco_Grand_Prix|TSU|44|fast,2022_Monaco_Grand_Prix,TSU,44,3870003.626,3870004.612,3870005.377,0.986,1.751,0.500,1,fast_local,redis_cache,0.765,overtake+pit_window
2022_Monaco_Grand_Prix|TSU|44|smart,2022_Monaco_Grand_Prix,TSU,44,3870003.626,3870470.720,3870627.620,467.094,623.994,0.500,1,smart_cloud,cassandra,156.900,overtake+pit_window
2022_Monaco_Grand_Prix|VER|44|fast,2022_Monaco_Grand_Prix,VER,44,3870003.693,3870013.029,3870013.795,9.336,10.102,0.000,0,fast_local,redis_cache,0.765,overtake+pit_window
2022_Monaco_Grand_Prix|VER|44|smart,2022_Monaco_Grand_Prix,VER,44,3870003.693,3872510.420,3872667.320,2506.727,2663.627,0.000,0,smart_cloud,cassandra,156.900,overtake+pit_window
2022_Monaco_Grand_Prix|VET|44|fast,2022_Monaco_Grand_Prix,VET,44,3870004.450,3870005.377,3870006.142,0.927,1.692,0.500,1,fast_local,redis_cache,0.765,overtake+pit_window
2022_Monaco_Grand_Prix|VET|44|smart,2022_Monaco_Grand_Prix,VET,44,3870004.450,3870627.620,3870784.520,623.170,780.070,0.500,1,smart_cloud,cassandra,156.900,overtake+pit_window
2022_Monaco_Grand_Prix|ZHO|44|fast,2022_Monaco_Grand_Prix,ZHO,44,3870004.959,3870006.142,3870006.907,1.183,1.948,0.500,1,fast_local,redis_cache,0.765,overtake+pit_window
2022_Monaco_Grand_Prix|ZHO|44|smart,2022_Monaco_Grand_Prix,ZHO,44,3870004.959,3870784.520,3870941.420,779.561,936.461,0.500,1,smart_cloud,cassandra,156.900,overtake+pit_window
2022_Monaco_Grand_Prix|ALB|45|fast,2022_Monaco_Grand_Prix,ALB,45,3960000.091,3960000.091,3960000.856,0.000,0.765,0.300,0,fast_local,redis_cache,0.765,overtake+pit_window
2022_Monaco_Grand_Prix|ALB|45|smart,2022_Monaco_Grand_Prix,ALB,45,3960000.091,3960000.091,3960156.991,0.000,156.900,0.300,0,smart_cloud,cassandra,156.900,overtake+pit_window
2022_Monaco_Grand_Prix|ALO|45|fast,2022_Monaco_Grand_Prix,ALO,45,3960000.253,3960000.856,3960001.621,0.603,1.369,0.350,0,fast_local,redis_cache,0.765,overtake+pit_window
2022_Monaco_Grand_Prix|ALO|45|smart,2022_Monaco_Grand_Prix,ALO,45,3960000.253,3960941.491,3961098.391,941.238,1098.138,0.350,0,smart_cloud,cassandra,156.900,overtake+pit_window
2022_Monaco_Grand_Prix|BOT|45|fast,2022_Monaco_Grand_Prix,BOT,45,3960000.635,3960009.274,3960010.039,8.639,9.405,0.150,0,fast_local,redis_cache,0.765,overtake+pit_window
2022_Monaco_Grand_Prix|BOT|45|smart,2022_Monaco_Grand_Prix,BOT,45,3960000.635,3961725.991,3961882.891,1725.356,1882.256,0.150,0,smart_cloud,cassandra,156.900,overtake+pit_window
2022_Monaco_Grand_Prix|GAS|45|fast,2022_Monaco_Grand_Prix,GAS,45,3960001.156,3960002.387,3960003.152,1.230,1.995,0.300,0,fast_local,redis_cache,0.765,overtake+pit_window
2022_Monaco_Grand_Prix|GAS|45|smart,2022_Monaco_Grand_Prix,GAS,45,3960001.156,3961255.291,3961412.191,1254.134,1411.034,0.300,0,smart_cloud,cassandra,156.900,overtake+pit_window
2022_Monaco_Grand_Prix|HAM|45|fast,2022_Monaco_Grand_Prix,HAM,45,3960001.268,3960010.039,3960010.804,8.771,9.536,0.150,0,fast_local,redis_cache,0.765,overtake+pit_window
2022_Monaco_Grand_Prix|HAM|45|smart,2022_Monaco_Grand_Prix,HAM,45,3960001.268,3961882.891,3962039.791,1881.622,2038.522,0.150,0,smart_cloud,cassandra,156.900,overtake+pit_window
2022_Monaco_Grand_Prix|LAT|45|fast,2022_Monaco_Grand_Prix,LAT,45,3960001.366,3960001.621,3960002.387,0.255,1.021,0.500,1,fast_local,redis_cache,0.765,overtake+pit_window
2022_Monaco_Grand_Prix|LAT|45|smart,2022_Monaco_Grand_Prix,LAT,45,3960001.366,3960156.991,3960313.891,155.625,312.525,0.500,1,smart_cloud,cassandra,156.900,overtake+pit_window
2022_Monaco_Grand_Prix|LEC|45|fast,2022_Monaco_Grand_Prix,LEC,45,3960001.474,3960008.509,3960009.274,7.035,7.800,0.200,0,fast_local,redis_cache,0.765,overtake+pit_window
2022_Monaco_Grand_Prix|LEC|45|smart,2022_Monaco_Grand_Prix,LEC,45,3960001.474,3961569.091,3961725.991,1567.617,1724.517,0.200,0,smart_cloud,cassandra,156.900,overtake+pit_window
2022_Monaco_Grand_Prix|NOR|45|fast,2022_Monaco_Grand_Prix,NOR,45,3960002.681,3960007.743,3960008.509,5.062,5.828,0.300,0,fast_local,redis_cache,0.765,overtake+pit_window
2022_Monaco_Grand_Prix|NOR|45|smart,2022_Monaco_Grand_Prix,NOR,45,3960002.681,3961412.191,3961569.091,1409.510,1566.410,0.300,0,smart_cloud,cassandra,156.900,overtake+pit_window
2022_Monaco_Grand_Prix|OCO|45|fast,2022_Monaco_Grand_Prix,OCO,45,3960002.923,3960012.335,3960013.100,9.412,10.177,0.000,0,fast_local,redis_cache,0.765,overtake+pit_window
2022_Monaco_Grand_Prix|OCO|45|smart,2022_Monaco_Grand_Prix,OCO,45,3960002.923,3962353.591,3962510.491,2350.668,2507.568,0.000,0,smart_cloud,cassandra,156.900,overtake+pit_window
2022_Monaco_Grand_Prix|PER|45|fast,2022_Monaco_Grand_Prix,PER,45,3960002.973,3960013.100,3960013.865,10.127,10.892,0.000,0,fast_local,redis_cache,0.765,overtake+pit_window
2022_Monaco_Grand_Prix|PER|45|smart,2022_Monaco_Grand_Prix,PER,45,3960002.973,3962510.491,3962667.391,2507.518,2664.418,0.000,0,smart_cloud,cassandra,156.900,overtake+pit_window
2022_Monaco_Grand_Prix|RIC|45|fast,2022_Monaco_Grand_Prix,RIC,45,3960002.979,3960003.152,3960003.917,0.173,0.938,0.500,1,fast_local,redis_cache,0.765,overtake+pit_window
2022_Monaco_Grand_Prix|RIC|45|smart,2022_Monaco_Grand_Prix,RIC,45,3960002.979,3960313.891,3960470.791,310.912,467.812,0.500,1,smart_cloud,cassandra,156.900,overtake+pit_window
2022_Monaco_Grand_Prix|RUS|45|fast,2022_Monaco_Grand_Prix,RUS,45,3960003.109,3960003.917,3960004.682,0.808,1.573,0.350,0,fast_local,redis_cache,0.765,overtake+pit_window
2022_Monaco_Grand_Prix|RUS|45|smart,2022_Monaco_Grand_Prix,RUS,45,3960003.109,3961098.391,3961255.291,1095.282,1252.182,0.350,0,smart_cloud,cassandra,156.900,overtake+pit_window
2022_Monaco_Grand_Prix|SAI|45|fast,2022_Monaco_Grand_Prix,SAI,45,3960003.318,3960010.804,3960011.570,7.486,8.251,0.150,0,fast_local,redis_cache,0.765,overtake+pit_window
2022_Monaco_Grand_Prix|SAI|45|smart,2022_Monaco_Grand_Prix,SAI,45,3960003.318,3962039.791,3962196.691,2036.473,2193.373,0.150,0,smart_cloud,cassandra,156.900,overtake+pit_window
2022_Monaco_Grand_Prix|STR|45|fast,2022_Monaco_Grand_Prix,STR,45,3960004.181,3960004.682,3960005.448,0.501,1.266,0.650,1,fast_local,redis_cache,0.765,overtake+pit_window
2022_Monaco_Grand_Prix|TSU|45|fast,2022_Monaco_Grand_Prix,TSU,45,3960004.369,3960005.448,3960006.213,1.078,1.843,0.500,1,fast_local,redis_cache,0.765,overtake+pit_window
2022_Monaco_Grand_Prix|TSU|45|smart,2022_Monaco_Grand_Prix,TSU,45,3960004.369,3960470.791,3960627.691,466.421,623.321,0.500,1,smart_cloud,cassandra,156.900,overtake+pit_window
2022_Monaco_Grand_Prix|VER|45|fast,2022_Monaco_Grand_Prix,VER,45,3960004.402,3960011.570,3960012.335,7.168,7.933,0.150,0,fast_local,redis_cache,0.765,overtake+pit_window
2022_Monaco_Grand_Prix|VER|45|smart,2022_Monaco_Grand_Prix,VER,45,3960004.402,3962196.691,3962353.591,2192.289,2349.189,0.150,0,smart_cloud,cassandra,156.900,overtake+pit_window
2022_Monaco_Grand_Prix|VET|45|fast,2022_Monaco_Grand_Prix,VET,45,3960004.487,3960006.213,3960006.978,1.726,2.492,0.500,1,fast_local,redis_cache,0.765,overtake+pit_window
2022_Monaco_Grand_Prix|VET|45|smart,2022_Monaco_Grand_Prix,VET,45,3960004.487,3960627.691,3960784.591,623.204,780.104,0.500,1,smart_cloud,cassandra,156.900,overtake+pit_window
2022_Monaco_Grand_Prix|ZHO|45|fast,2022_Monaco_Grand_Prix,ZHO,45,3960004.965,3960006.978,3960007.743,2.013,2.778,0.500,1,fast_local,redis_cache,0.765,overtake+pit_window
2022_Monaco_Grand_Prix|ZHO|45|smart,2022_Monaco_Grand_Prix,ZHO,45,3960004.965,3960784.591,3960941.491,779.625,936.525,0.500,1,smart_cloud,cassandra,156.900,overtake+pit_window
2022_Monaco_Grand_Prix|ALB|46|fast,2022_Monaco_Grand_Prix,ALB,46,4050000.062,4050000.062,4050000.828,0.000,0.765,0.300,0,fast_local,redis_cache,0.765,overtake+pit_window
2022_Monaco_Grand_Prix|ALB|46|smart,2022_Monaco_Grand_Prix,ALB,46,4050000.062,4050000.062,4050156.962,0.000,156.900,0.300,0,smart_cloud,cassandra,156.900,overtake+pit_window
2022_Monaco_Grand_Prix|ALO|46|fast,2022_Monaco_Grand_Prix,ALO,46,4050000.470,4050000.828,4050001.593,0.357,1.122,0.350,0,fast_local,redis_cache,0.765,overtake+pit_window
2022_Monaco_Grand_Prix|ALO|46|smart,2022_Monaco_Grand_Prix,ALO,46,4050000.470,4050941.462,4051098.362,940.992,1097.892,0.350,0,smart_cloud,cassandra,156.900,overtake+pit_window
2022_Monaco_Grand_Prix|BOT|46|fast,2022_Monaco_Grand_Prix,BOT,46,4050001.975,4050001.975,4050002.740,0.000,0.765,0.150,0,fast_local,redis_cache,0.765,overtake+pit_window
2022_Monaco_Grand_Prix|BOT|46|smart,2022_Monaco_Grand_Prix,BOT,46,4050001.975,4051725.962,4051882.862,1723.987,1880.887,0.150,0,smart_cloud,cassandra,156.900,overtake+pit_window
2022_Monaco_Grand_Prix|GAS|46|fast,2022_Monaco_Grand_Prix,GAS,46,4050001.981,4050008.097,4050008.862,6.116,6.881,0.300,0,fast_local,redis_cache,0.765,overtake+pit_window
2022_Monaco_Grand_Prix|GAS|46|smart,2022_Monaco_Grand_Prix,GAS,46,4050001.981,4051255.262,4051412.162,1253.282,1410.182,0.300,0,smart_cloud,cassandra,156.900,overtake+pit_window
2022_Monaco_Grand_Prix|HAM|46|fast,2022_Monaco_Grand_Prix,HAM,46,4050002.040,4050010.393,4050011.158,8.353,9.118,0.150,0,fast_local,redis_cache,0.765,overtake+pit_window
2022_Monaco_Grand_Prix|HAM|46|smart,2022_Monaco_Grand_Prix,HAM,46,4050002.040,4051882.862,4052039.762,1880.823,2037.723,0.150,0,smart_cloud,cassandra,156.900,overtake+pit_window
2022_Monaco_Grand_Prix|LAT|46|fast,2022_Monaco_Grand_Prix,LAT,46,4050002.096,4050002.740,4050003.506,0.644,1.409,0.500,1,fast_local,redis_cache,0.765,overtake+pit_window
2022_Monaco_Grand_Prix|LAT|46|smart,2022_Monaco_Grand_Prix,LAT,46,4050002.096,4050156.962,4050313.862,154.866,311.766,0.500,1,smart_cloud,cassandra,156.900,overtake+pit_window
2022_Monaco_Grand_Prix|LEC|46|fast,2022_Monaco_Grand_Prix,LEC,46,4050002.573,4050009.628,4050010.393,7.055,7.820,0.200,0,fast_local,redis_cache,0.765,overtake+pit_window
2022_Monaco_Grand_Prix|LEC|46|smart,2022_Monaco_Grand_Prix,LEC,46,4050002.573,4051569.062,4051725.962,1566.489,1723.389,0.200,0,smart_cloud,cassandra,156.900,overtake+pit_window
2022_Monaco_Grand_Prix|NOR|46|fast,2022_Monaco_Grand_Prix,NOR,46,4050002.601,4050008.862,4050009.628,6.261,7.026,0.300,0,fast_local,redis_cache,0.765,overtake+pit_window
2022_Monaco_Grand_Prix|NOR|46|smart,2022_Monaco_Grand_Prix,NOR,46,4050002.601,4051412.162,4051569.062,1409.561,1566.461,0.300,0,smart_cloud,cassandra,156.900,overtake+pit_window
2022_Monaco_Grand_Prix|OCO|46|fast,2022_Monaco_Grand_Prix,OCO,46,4050002.768,4050012.689,4050013.454,9.921,10.686,0.000,0,fast_local,redis_cache,0.765,overtake+pit_window
2022_Monaco_Grand_Prix|OCO|46|smart,2022_Monaco_Grand_Prix,OCO,46,4050002.768,4052353.562,4052510.462,2350.795,2507.695,0.000,0,smart_cloud,cassandra,156.900,overtake+pit_window
2022_Monaco_Grand_Prix|PER|46|fast,2022_Monaco_Grand_Prix,PER,46,4050002.835,4050013.454,4050014.219,10.619,11.384,0.000,0,fast_local,redis_cache,0.765,overtake+pit_window
2022_Monaco_Grand_Prix|PER|46|smart,2022_Monaco_Grand_Prix,PER,46,4050002.835,4052510.462,4052667.362,2507.628,2664.528,0.000,0,smart_cloud,cassandra,156.900,overtake+pit_window
2022_Monaco_Grand_Prix|RIC|46|fast,2022_Monaco_Grand_Prix,RIC,46,4050003.054,4050003.506,4050004.271,0.452,1.217,0.500,1,fast_local,redis_cache,0.765,overtake+pit_window
2022_Monaco_Grand_Prix|RIC|46|smart,2022_Monaco_Grand_Prix,RIC,46,4050003.054,4050313.862,4050470.762,310.808,467.708,0.500,1,smart_cloud,cassandra,156.900,overtake+pit_window
2022_Monaco_Grand_Prix|RUS|46|fast,2022_Monaco_Grand_Prix,RUS,46,4050003.388,4050007.332,4050008.097,3.944,4.709,0.350,0,fast_local,redis_cache,0.765,overtake+pit_window
2022_Monaco_Grand_Prix|RUS|46|smart,2022_Monaco_Grand_Prix,RUS,46,4050003.388,4051098.362,4051255.262,1094.974,1251.874,0.350,0,smart_cloud,cassandra,156.900,overtake+pit_window
2022_Monaco_Grand_Prix|SAI|46|fast,2022_Monaco_Grand_Prix,SAI,46,4050003.413,4050011.158,4050011.923,7.745,8.510,0.150,0,fast_local,redis_cache,0.765,overtake+pit_window
2022_Monaco_Grand_Prix|SAI|46|smart,2022_Monaco_Grand_Prix,SAI,46,4050003.413,4052039.762,4052196.662,2036.349,2193.249,0.150,0,smart_cloud,cassandra,156.900,overtake+pit_window
2022_Monaco_Grand_Prix|STR|46|fast,2022_Monaco_Grand_Prix,STR,46,4050003.629,4050004.271,4050005.036,0.642,1.407,0.650,1,fast_local,redis_cache,0.765,overtake+pit_window
2022_Monaco_Grand_Prix|TSU|46|fast,2022_Monaco_Grand_Prix,TSU,46,4050003.792,4050005.036,4050005.801,1.244,2.009,0.500,1,fast_local,redis_cache,0.765,overtake+pit_window
2022_Monaco_Grand_Prix|TSU|46|smart,2022_Monaco_Grand_Prix,TSU,46,4050003.792,4050470.762,4050627.662,466.970,623.870,0.500,1,smart_cloud,cassandra,156.900,overtake+pit_window
2022_Monaco_Grand_Prix|VER|46|fast,2022_Monaco_Grand_Prix,VER,46,4050003.980,4050011.923,4050012.689,7.943,8.708,0.150,0,fast_local,redis_cache,0.765,overtake+pit_window
2022_Monaco_Grand_Prix|VER|46|smart,2022_Monaco_Grand_Prix,VER,46,4050003.980,4052196.662,4052353.562,2192.682,2349.582,0.150,0,smart_cloud,cassandra,156.900,overtake+pit_window
2022_Monaco_Grand_Prix|VET|46|fast,2022_Monaco_Grand_Prix,VET,46,4050004.448,4050005.801,4050006.567,1.353,2.118,0.500,1,fast_local,redis_cache,0.765,overtake+pit_window
2022_Monaco_Grand_Prix|VET|46|smart,2022_Monaco_Grand_Prix,VET,46,4050004.448,4050627.662,4050784.562,623.214,780.114,0.500,1,smart_cloud,cassandra,156.900,overtake+pit_window
2022_Monaco_Grand_Prix|ZHO|46|fast,2022_Monaco_Grand_Prix,ZHO,46,4050004.917,4050006.567,4050007.332,1.649,2.415,0.500,1,fast_local,redis_cache,0.765,overtake+pit_window
2022_Monaco_Grand_Prix|ZHO|46|smart,2022_Monaco_Grand_Prix,ZHO,46,4050004.917,4050784.562,4050941.462,779.645,936.545,0.500,1,smart_cloud,cassandra,156.900,overtake+pit_window
2022_Monaco_Grand_Prix|ALB|47|fast,2022_Monaco_Grand_Prix,ALB,47,4140000.523,4140000.523,4140001.288,0.000,0.765,0.300,0,fast_local,redis_cache,0.765,overtake+pit_window
2022_Monaco_Grand_Prix|ALB|47|smart,2022_Monaco_Grand_Prix,ALB,47,4140000.523,4140000.523,4140157.423,0.000,156.900,0.300,0,smart_cloud,cassandra,156.900,overtake+pit_window
2022_Monaco_Grand_Prix|ALO|47|fast,2022_Monaco_Grand_Prix,ALO,47,4140000.747,4140001.288,4140002.054,0.541,1.307,0.350,0,fast_local,redis_cache,0.765,overtake+pit_window
2022_Monaco_Grand_Prix|ALO|47|smart,2022_Monaco_Grand_Prix,ALO,47,4140000.747,4140941.923,4141098.823,941.176,1098.076,0.350,0,smart_cloud,cassandra,156.900,overtake+pit_window
2022_Monaco_Grand_Prix|BOT|47|fast,2022_Monaco_Grand_Prix,BOT,47,4140000.892,4140009.706,4140010.471,8.814,9.579,0.150,0,fast_local,redis_cache,0.765,overtake+pit_window
2022_Monaco_Grand_Prix|BOT|47|smart,2022_Monaco_Grand_Prix,BOT,47,4140000.892,4141726.423,4141883.323,1725.531,1882.431,0.150,0,smart_cloud,cassandra,156.900,overtake+pit_window
2022_Monaco_Grand_Prix|GAS|47|fast,2022_Monaco_Grand_Prix,GAS,47,4140000.998,4140002.819,4140003.584,1.821,2.586,0.300,0,fast_local,redis_cache,0.765,overtake+pit_window
2022_Monaco_Grand_Prix|GAS|47|smart,2022_Monaco_Grand_Prix,GAS,47,4140000.998,4141255.723,4141412.623,1254.725,1411.625,0.300,0,smart_cloud,cassandra,156.900,overtake+pit_window
2022_Monaco_Grand_Prix|HAM|47|fast,2022_Monaco_Grand_Prix,HAM,47,4140001.061,4140010.471,4140011.237,9.411,10.176,0.150,0,fast_local,redis_cache,0.765,overtake+pit_window
2022_Monaco_Grand_Prix|HAM|47|smart,2022_Monaco_Grand_Prix,HAM,47,4140001.061,4141883.323,4142040.223,1882.262,2039.162,0.150,0,smart_cloud,cassandra,156.900,overtake+pit_window
2022_Monaco_Grand_Prix|LAT|47|fast,2022_Monaco_Grand_Prix,LAT,47,4140001.895,4140002.054,4140002.819,0.158,0.924,0.500,1,fast_local,redis_cache,0.765,overtake+pit_window
2022_Monaco_Grand_Prix|LAT|47|smart,2022_Monaco_Grand_Prix,LAT,47,4140001.895,4140157.423,4140314.323,155.528,312.428,0.500,1,smart_cloud,cassandra,156.900,overtake+pit_window
2022_Monaco_Grand_Prix|LEC|47|fast,2022_Monaco_Grand_Prix,LEC,47,4140002.349,4140008.941,4140009.706,6.592,7.357,0.200,0,fast_local,redis_cache,0.765,overtake+pit_window
2022_Monaco_Grand_Prix|LEC|47|smart,2022_Monaco_Grand_Prix,LEC,47,4140002.349,4141569.523,4141726.423,1567.174,1724.074,0.200,0,smart_cloud,cassandra,156.900,overtake+pit_window
2022_Monaco_Grand_Prix|NOR|47|fast,2022_Monaco_Grand_Prix,NOR,47,4140002.585,4140003.584,4140004.349,0.999,1.764,0.300,0,fast_local,redis_cache,0.765,overtake+pit_window
2022_Monaco_Grand_Prix|NOR|47|smart,2022_Monaco_Grand_Prix,NOR,47,4140002.585,4141412.623,4141569.523,1410.038,1566.938,0.300,0,smart_cloud,cassandra,156.900,overtake+pit_window
2022_Monaco_Grand_Prix|OCO|47|fast,2022_Monaco_Grand_Prix,OCO,47,4140002.850,4140012.767,4140013.532,9.917,10.683,0.000,0,fast_local,redis_cache,0.765,overtake+pit_window
2022_Monaco_Grand_Prix|OCO|47|smart,2022_Monaco_Grand_Prix,OCO,47,4140002.850,4142354.023,4142510.923,2351.173,2508.073,0.000,0,smart_cloud,cassandra,156.900,overtake+pit_window
2022_Monaco_Grand_Prix|PER|47|fast,2022_Monaco_Grand_Prix,PER,47,4140003.656,4140013.532,4140014.298,9.877,10.642,0.000,0,fast_local,redis_cache,0.765,overtake+pit_window
2022_Monaco_Grand_Prix|PER|47|smart,2022_Monaco_Grand_Prix,PER,47,4140003.656,4142510.923,4142667.823,2507.267,2664.167,0.000,0,smart_cloud,cassandra,156.900,overtake+pit_window
2022_Monaco_Grand_Prix|RIC|47|fast,2022_Monaco_Grand_Prix,RIC,47,4140003.667,4140005.115,4140005.880,1.447,2.212,0.500,1,fast_local,redis_cache,0.765,overtake+pit_window
2022_Monaco_Grand_Prix|RIC|47|smart,2022_Monaco_Grand_Prix,RIC,47,4140003.667,4140314.323,4140471.223,310.656,467.556,0.500,1,smart_cloud,cassandra,156.900,overtake+pit_window
2022_Monaco_Grand_Prix|RUS|47|fast,2022_Monaco_Grand_Prix,RUS,47,4140003.709,4140008.176,4140008.941,4.467,5.232,0.350,0,fast_local,redis_cache,0.765,overtake+pit_window
2022_Monaco_Grand_Prix|RUS|47|smart,2022_Monaco_Grand_Prix,RUS,47,4140003.709,4141098.823,4141255.723,1095.114,1252.014,0.350,0,smart_cloud,cassandra,156.900,overtake+pit_window
2022_Monaco_Grand_Prix|SAI|47|fast,2022_Monaco_Grand_Prix,SAI,47,4140003.915,4140011.237,4140012.002,7.322,8.087,0.150,0,fast_local,redis_cache,0.765,overtake+pit_window
2022_Monaco_Grand_Prix|SAI|47|smart,2022_Monaco_Grand_Prix,SAI,47,4140003.915,4142040.223,4142197.123,2036.308,2193.208,0.150,0,smart_cloud,cassandra,156.900,overtake+pit_window
2022_Monaco_Grand_Prix|STR|47|fast,2022_Monaco_Grand_Prix,STR,47,4140004.295,4140004.349,4140005.115,0.054,0.820,0.650,1,fast_local,redis_cache,0.765,overtake+pit_window
2022_Monaco_Grand_Prix|TSU|47|fast,2022_Monaco_Grand_Prix,TSU,47,4140004.392,4140005.880,4140006.645,1.488,2.253,0.500,1,fast_local,redis_cache,0.765,overtake+pit_window
2022_Monaco_Grand_Prix|TSU|47|smart,2022_Monaco_Grand_Prix,TSU,47,4140004.392,4140471.223,4140628.123,466.831,623.731,0.500,1,smart_cloud,cassandra,156.900,overtake+pit_window
2022_Monaco_Grand_Prix|VER|47|fast,2022_Monaco_Grand_Prix,VER,47,4140004.520,4140012.002,4140012.767,7.482,8.247,0.150,0,fast_local,redis_cache,0.765,overtake+pit_window
2022_Monaco_Grand_Prix|VER|47|smart,2022_Monaco_Grand_Prix,VER,47,4140004.520,4142197.123,4142354.023,2192.603,2349.503,0.150,0,smart_cloud,cassandra,156.900,overtake+pit_window
2022_Monaco_Grand_Prix|VET|47|fast,2022_Monaco_Grand_Prix,VET,47,4140004.563,4140006.645,4140007.410,2.082,2.847,0.500,1,fast_local,redis_cache,0.765,overtake+pit_window
2022_Monaco_Grand_Prix|VET|47|smart,2022_Monaco_Grand_Prix,VET,47,4140004.563,4140628.123,4140785.023,623.560,780.460,0.500,1,smart_cloud,cassandra,156.900,overtake+pit_window
2022_Monaco_Grand_Prix|ZHO|47|fast,2022_Monaco_Grand_Prix,ZHO,47,4140004.808,4140007.410,4140008.176,2.603,3.368,0.500,1,fast_local,redis_cache,0.765,overtake+pit_window
2022_Monaco_Grand_Prix|ZHO|47|smart,2022_Monaco_Grand_Prix,ZHO,47,4140004.808,4140785.023,4140941.923,780.215,937.115,0.500,1,smart_cloud,cassandra,156.900,overtake+pit_window
2022_Monaco_Grand_Prix|ALB|48|fast,2022_Monaco_Grand_Prix,ALB,48,4230000.116,4230000.116,4230000.881,0.000,0.765,0.300,0,fast_local,redis_cache,0.765,overtake+pit_window
2022_Monaco_Grand_Prix|ALB|48|smart,2022_Monaco_Grand_Prix,ALB,48,4230000.116,4230000.116,4230157.016,0.000,156.900,0.300,0,smart_cloud,cassandra,156.900,overtake+pit_window
2022_Monaco_Grand_Prix|ALO|48|fast,2022_Monaco_Grand_Prix,ALO,48,4230000.499,4230000.881,4230001.646,0.382,1.147,0.350,0,fast_local,redis_cache,0.765,overtake+pit_window
2022_Monaco_Grand_Prix|ALO|48|smart,2022_Monaco_Grand_Prix,ALO,48,4230000.499,4231098.416,4231255.316,1097.916,1254.816,0.350,0,smart_cloud,cassandra,156.900,overtake+pit_window
2022_Monaco_Grand_Prix|BOT|48|fast,2022_Monaco_Grand_Prix,BOT,48,4230001.022,4230009.299,4230010.064,8.277,9.042,0.150,0,fast_local,redis_cache,0.765,overtake+pit_window
2022_Monaco_Grand_Prix|BOT|48|smart,2022_Monaco_Grand_Prix,BOT,48,4230001.022,4231726.016,4231882.916,1724.994,1881.894,0.150,0,smart_cloud,cassandra,156.900,overtake+pit_window
2022_Monaco_Grand_Prix|GAS|48|fast,2022_Monaco_Grand_Prix,GAS,48,4230001.596,4230001.646,4230002.411,0.051,0.816,0.300,0,fast_local,redis_cache,0.765,overtake+pit_window
2022_Monaco_Grand_Prix|GAS|48|smart,2022_Monaco_Grand_Prix,GAS,48,4230001.596,4231412.216,4231569.116,1410.620,1567.520,0.300,0,smart_cloud,cassandra,156.900,overtake+pit_window
2022_Monaco_Grand_Prix|HAM|48|fast,2022_Monaco_Grand_Prix,HAM,48,4230001.886,4230010.064,4230010.829,8.178,8.943,0.150,0,fast_local,redis_cache,0.765,overtake+pit_window
2022_Monaco_Grand_Prix|HAM|48|smart,2022_Monaco_Grand_Prix,HAM,48,4230001.886,4231882.916,4232039.816,1881.030,2037.930,0.150,0,smart_cloud,cassandra,156.900,overtake+pit_window
2022_Monaco_Grand_Prix|LAT|48|fast,2022_Monaco_Grand_Prix,LAT,48,4230001.973,4230002.411,4230003.177,0.438,1.204,0.500,1,fast_local,redis_cache,0.765,overtake+pit_window
2022_Monaco_Grand_Prix|LAT|48|smart,2022_Monaco_Grand_Prix,LAT,48,4230001.973,4230157.016,4230313.916,155.043,311.943,0.500,1,smart_cloud,cassandra,156.900,overtake+pit_window
2022_Monaco_Grand_Prix|LEC|48|fast,2022_Monaco_Grand_Prix,LEC,48,4230002.046,4230010.829,4230011.594,8.784,9.549,0.150,0,fast_local,redis_cache,0.765,overtake+pit_window
2022_Monaco_Grand_Prix|LEC|48|smart,2022_Monaco_Grand_Prix,LEC,48,4230002.046,4232039.816,4232196.716,2037.770,2194.670,0.150,0,smart_cloud,cassandra,156.900,overtake+pit_window
2022_Monaco_Grand_Prix|NOR|48|fast,2022_Monaco_Grand_Prix,NOR,48,4230002.338,4230008.533,4230009.299,6.195,6.961,0.300,0,fast_local,redis_cache,0.765,overtake+pit_window
2022_Monaco_Grand_Prix|NOR|48|smart,2022_Monaco_Grand_Prix,NOR,48,4230002.338,4231569.116,4231726.016,1566.777,1723.677,0.300,0,smart_cloud,cassandra,156.900,overtake+pit_window
2022_Monaco_Grand_Prix|OCO|48|fast,2022_Monaco_Grand_Prix,OCO,48,4230002.905,4230012.360,4230013.125,9.455,10.220,0.000,0,fast_local,redis_cache,0.765,overtake+pit_window
2022_Monaco_Grand_Prix|OCO|48|smart,2022_Monaco_Grand_Prix,OCO,48,4230002.905,4232353.616,4232510.516,2350.711,2507.611,0.000,0,smart_cloud,cassandra,156.900,overtake+pit_window
2022_Monaco_Grand_Prix|PER|48|fast,2022_Monaco_Grand_Prix,PER,48,4230003.009,4230013.125,4230013.890,10.116,10.881,0.000,0,fast_local,redis_cache,0.765,overtake+pit_window
2022_Monaco_Grand_Prix|PER|48|smart,2022_Monaco_Grand_Prix,PER,48,4230003.009,4232510.516,4232667.416,2507.507,2664.407,0.000,0,smart_cloud,cassandra,156.900,overtake+pit_window
2022_Monaco_Grand_Prix|RIC|48|fast,2022_Monaco_Grand_Prix,RIC,48,4230003.044,4230003.177,4230003.942,0.133,0.898,0.500,1,fast_local,redis_cache,0.765,overtake+pit_window
2022_Monaco_Grand_Prix|RIC|48|smart,2022_Monaco_Grand_Prix,RIC,48,4230003.044,4230313.916,4230470.816,310.872,467.772,0.500,1,smart_cloud,cassandra,156.900,overtake+pit_window
2022_Monaco_Grand_Prix|RUS|48|fast,2022_Monaco_Grand_Prix,RUS,48,4230003.597,4230007.768,4230008.533,4.172,4.937,0.350,0,fast_local,redis_cache,0.765,overtake+pit_window
2022_Monaco_Grand_Prix|RUS|48|smart,2022_Monaco_Grand_Prix,RUS,48,4230003.597,4231255.316,4231412.216,1251.719,1408.619,0.350,0,smart_cloud,cassandra,156.900,overtake+pit_window
2022_Monaco_Grand_Prix|SAI|48|fast,2022_Monaco_Grand_Prix,SAI,48,4230003.718,4230003.942,4230004.707,0.224,0.989,0.500,1,fast_local,redis_cache,0.765,overtake+pit_window
2022_Monaco_Grand_Prix|SAI|48|smart,2022_Monaco_Grand_Prix,SAI,48,4230003.718,4230470.816,4230627.716,467.098,623.998,0.500,1,smart_cloud,cassandra,156.900,overtake+pit_window
2022_Monaco_Grand_Prix|STR|48|fast,2022_Monaco_Grand_Prix,STR,48,4230003.990,4230004.707,4230005.472,0.717,1.482,0.650,1,fast_local,redis_cache,0.765,overtake+pit_window
2022_Monaco_Grand_Prix|TSU|48|fast,2022_Monaco_Grand_Prix,TSU,48,4230004.328,4230005.472,4230006.238,1.145,1.910,0.500,1,fast_local,redis_cache,0.765,overtake+pit_window
2022_Monaco_Grand_Prix|TSU|48|smart,2022_Monaco_Grand_Prix,TSU,48,4230004.328,4230627.716,4230784.616,623.388,780.288,0.500,1,smart_cloud,cassandra,156.900,overtake+pit_window
2022_Monaco_Grand_Prix|VER|48|fast,2022_Monaco_Grand_Prix,VER,48,4230004.438,4230011.594,4230012.360,7.157,7.922,0.150,0,fast_local,redis_cache,0.765,overtake+pit_window
2022_Monaco_Grand_Prix|VER|48|smart,2022_Monaco_Grand_Prix,VER,48,4230004.438,4232196.716,4232353.616,2192.278,2349.178,0.150,0,smart_cloud,cassandra,156.900,overtake+pit_window
2022_Monaco_Grand_Prix|VET|48|fast,2022_Monaco_Grand_Prix,VET,48,4230004.677,4230006.238,4230007.003,1.561,2.326,0.500,1,fast_local,redis_cache,0.765,overtake+pit_window
2022_Monaco_Grand_Prix|VET|48|smart,2022_Monaco_Grand_Prix,VET,48,4230004.677,4230784.616,4230941.516,779.939,936.839,0.500,1,smart_cloud,cassandra,156.900,overtake+pit_window
2022_Monaco_Grand_Prix|ZHO|48|fast,2022_Monaco_Grand_Prix,ZHO,48,4230004.896,4230007.003,4230007.768,2.107,2.872,0.500,1,fast_local,redis_cache,0.765,overtake+pit_window
2022_Monaco_Grand_Prix|ZHO|48|smart,2022_Monaco_Grand_Prix,ZHO,48,4230004.896,4230941.516,4231098.416,936.620,1093.520,0.500,1,smart_cloud,cassandra,156.900,overtake+pit_window
2022_Monaco_Grand_Prix|ALO|49|fast,2022_Monaco_Grand_Prix,ALO,49,4320000.495,4320000.495,4320001.260,0.000,0.765,0.350,0,fast_local,redis_cache,0.765,overtake+pit_window
2022_Monaco_Grand_Prix|ALO|49|smart,2022_Monaco_Grand_Prix,ALO,49,4320000.495,4320000.495,4320157.395,0.000,156.900,0.350,0,smart_cloud,cassandra,156.900,overtake+pit_window
2022_Monaco_Grand_Prix|BOT|49|fast,2022_Monaco_Grand_Prix,BOT,49,4320000.656,4320006.617,4320007.382,5.961,6.726,0.150,0,fast_local,redis_cache,0.765,overtake+pit_window
2022_Monaco_Grand_Prix|BOT|49|smart,2022_Monaco_Grand_Prix,BOT,49,4320000.656,4321255.695,4321412.595,1255.039,1411.939,0.150,0,smart_cloud,cassandra,156.900,overtake+pit_window
2022_Monaco_Grand_Prix|GAS|49|fast,2022_Monaco_Grand_Prix,GAS,49,4320000.814,4320001.260,4320002.025,0.446,1.211,0.300,0,fast_local,redis_cache,0.765,overtake+pit_window
2022_Monaco_Grand_Prix|GAS|49|smart,2022_Monaco_Grand_Prix,GAS,49,4320000.814,4320628.095,4320784.995,627.280,784.180,0.300,0,smart_cloud,cassandra,156.900,overtake+pit_window
2022_Monaco_Grand_Prix|HAM|49|fast,2022_Monaco_Grand_Prix,HAM,49,4320000.929,4320007.382,4320008.147,6.453,7.218,0.150,0,fast_local,redis_cache,0.765,overtake+pit_window
2022_Monaco_Grand_Prix|HAM|49|smart,2022_Monaco_Grand_Prix,HAM,49,4320000.929,4321412.595,4321569.495,1411.666,1568.566,0.150,0,smart_cloud,cassandra,156.900,overtake+pit_window
2022_Monaco_Grand_Prix|LAT|49|fast,2022_Monaco_Grand_Prix,LAT,49,4320000.984,4320008.147,4320008.912,7.163,7.929,0.150,0,fast_local,redis_cache,0.765,overtake+pit_window
2022_Monaco_Grand_Prix|LAT|49|smart,2022_Monaco_Grand_Prix,LAT,49,4320000.984,4321569.495,4321726.395,1568.511,1725.411,0.150,0,smart_cloud,cassandra,156.900,overtake+pit_window
2022_Monaco_Grand_Prix|LEC|49|fast,2022_Monaco_Grand_Prix,LEC,49,4320001.010,4320008.912,4320009.678,7.902,8.667,0.150,0,fast_local,redis_cache,0.765,overtake+pit_window
2022_Monaco_Grand_Prix|LEC|49|smart,2022_Monaco_Grand_Prix,LEC,49,4320001.010,4321726.395,4321883.295,1725.384,1882.284,0.150,0,smart_cloud,cassandra,156.900,overtake+pit_window
2022_Monaco_Grand_Prix|NOR|49|fast,2022_Monaco_Grand_Prix,NOR,49,4320001.218,4320005.851,4320006.617,4.633,5.399,0.200,0,fast_local,redis_cache,0.765,overtake+pit_window
2022_Monaco_Grand_Prix|NOR|49|smart,2022_Monaco_Grand_Prix,NOR,49,4320001.218,4321098.795,4321255.695,1097.577,1254.477,0.200,0,smart_cloud,cassandra,156.900,overtake+pit_window
2022_Monaco_Grand_Prix|OCO|49|fast,2022_Monaco_Grand_Prix,OCO,49,4320001.391,4320011.973,4320012.739,10.583,11.348,0.000,0,fast_local,redis_cache,0.765,overtake+pit_window
2022_Monaco_Grand_Prix|OCO|49|smart,2022_Monaco_Grand_Prix,OCO,49,4320001.391,4322353.995,4322510.895,2352.604,2509.504,0.000,0,smart_cloud,cassandra,156.900,overtake+pit_window
2022_Monaco_Grand_Prix|PER|49|fast,2022_Monaco_Grand_Prix,PER,49,4320001.697,4320012.739,4320013.504,11.041,11.807,0.000,0,fast_local,redis_cache,0.765,overtake+pit_window
2022_Monaco_Grand_Prix|PER|49|smart,2022_Monaco_Grand_Prix,PER,49,4320001.697,4322510.895,4322667.795,2509.197,2666.097,0.000,0,smart_cloud,cassandra,156.900,overtake+pit_window
2022_Monaco_Grand_Prix|RIC|49|fast,2022_Monaco_Grand_Prix,RIC,49,4320001.886,4320002.025,4320002.790,0.139,0.904,0.500,1,fast_local,redis_cache,0.765,overtake+pit_window
2022_Monaco_Grand_Prix|RIC|49|smart,2022_Monaco_Grand_Prix,RIC,49,4320001.886,4320157.395,4320314.295,155.509,312.409,0.500,1,smart_cloud,cassandra,156.900,overtake+pit_window
2022_Monaco_Grand_Prix|RUS|49|fast,2022_Monaco_Grand_Prix,RUS,49,4320001.971,4320009.678,4320010.443,7.707,8.472,0.150,0,fast_local,redis_cache,0.765,overtake+pit_window
2022_Monaco_Grand_Prix|RUS|49|smart,2022_Monaco_Grand_Prix,RUS,49,4320001.971,4321883.295,4322040.195,1881.324,2038.224,0.150,0,smart_cloud,cassandra,156.900,overtake+pit_window
2022_Monaco_Grand_Prix|SAI|49|fast,2022_Monaco_Grand_Prix,SAI,49,4320002.342,4320002.790,4320003.556,0.448,1.214,0.300,0,fast_local,redis_cache,0.765,overtake+pit_window
2022_Monaco_Grand_Prix|SAI|49|smart,2022_Monaco_Grand_Prix,SAI,49,4320002.342,4320784.995,4320941.895,782.653,939.553,0.300,0,smart_cloud,cassandra,156.900,overtake+pit_window
2022_Monaco_Grand_Prix|STR|49|fast,2022_Monaco_Grand_Prix,STR,49,4320002.610,4320004.321,4320005.086,1.711,2.476,0.300,0,fast_local,redis_cache,0.765,overtake+pit_window
2022_Monaco_Grand_Prix|STR|49|smart,2022_Monaco_Grand_Prix,STR,49,4320002.610,4320941.895,4321098.795,939.285,1096.185,0.300,0,smart_cloud,cassandra,156.900,overtake+pit_window
2022_Monaco_Grand_Prix|TSU|49|fast,2022_Monaco_Grand_Prix,TSU,49,4320003.423,4320003.556,4320004.321,0.133,0.898,0.500,1,fast_local,redis_cache,0.765,overtake+pit_window
2022_Monaco_Grand_Prix|TSU|49|smart,2022_Monaco_Grand_Prix,TSU,49,4320003.423,4320314.295,4320471.195,310.872,467.772,0.500,1,smart_cloud,cassandra,156.900,overtake+pit_window
2022_Monaco_Grand_Prix|VER|49|fast,2022_Monaco_Grand_Prix,VER,49,4320003.768,4320011.208,4320011.973,7.441,8.206,0.050,0,fast_local,redis_cache,0.765,overtake+pit_window
2022_Monaco_Grand_Prix|VER|49|smart,2022_Monaco_Grand_Prix,VER,49,4320003.768,4322197.095,4322353.995,2193.327,2350.227,0.050,0,smart_cloud,cassandra,156.900,overtake+pit_window
2022_Monaco_Grand_Prix|VET|49|fast,2022_Monaco_Grand_Prix,VET,49,4320004.405,4320005.086,4320005.851,0.681,1.446,0.500,1,fast_local,redis_cache,0.765,overtake+pit_window
2022_Monaco_Grand_Prix|VET|49|smart,2022_Monaco_Grand_Prix,VET,49,4320004.405,4320471.195,4320628.095,466.789,623.689,0.500,1,smart_cloud,cassandra,156.900,overtake+pit_window
2022_Monaco_Grand_Prix|ZHO|49|fast,2022_Monaco_Grand_Prix,ZHO,49,4320004.774,4320010.443,4320011.208,5.668,6.434,0.150,0,fast_local,redis_cache,0.765,overtake+pit_window
2022_Monaco_Grand_Prix|ZHO|49|smart,2022_Monaco_Grand_Prix,ZHO,49,4320004.774,4322040.195,4322197.095,2035.420,2192.320,0.150,0,smart_cloud,cassandra,156.900,overtake+pit_window
2022_Monaco_Grand_Prix|ALO|50|fast,2022_Monaco_Grand_Prix,ALO,50,4410000.226,4410000.226,4410000.991,0.000,0.765,0.500,1,fast_local,redis_cache,0.765,overtake+pit_window
2022_Monaco_Grand_Prix|ALO|50|smart,2022_Monaco_Grand_Prix,ALO,50,4410000.226,4410000.226,4410157.126,0.000,156.900,0.500,1,smart_cloud,cassandra,156.900,overtake+pit_window
2022_Monaco_Grand_Prix|BOT|50|fast,2022_Monaco_Grand_Prix,BOT,50,4410000.359,4410002.522,4410003.287,2.163,2.928,0.150,0,fast_local,redis_cache,0.765,overtake+pit_window
2022_Monaco_Grand_Prix|BOT|50|smart,2022_Monaco_Grand_Prix,BOT,50,4410000.359,4411412.326,4411569.226,1411.967,1568.867,0.150,0,smart_cloud,cassandra,156.900,overtake+pit_window
2022_Monaco_Grand_Prix|GAS|50|fast,2022_Monaco_Grand_Prix,GAS,50,4410000.553,4410000.991,4410001.756,0.438,1.203,0.300,0,fast_local,redis_cache,0.765,overtake+pit_window
2022_Monaco_Grand_Prix|GAS|50|smart,2022_Monaco_Grand_Prix,GAS,50,4410000.553,4410627.826,4410784.726,627.272,784.172,0.300,0,smart_cloud,cassandra,156.900,overtake+pit_window
2022_Monaco_Grand_Prix|HAM|50|fast,2022_Monaco_Grand_Prix,HAM,50,4410000.689,4410001.756,4410002.522,1.067,1.833,0.300,0,fast_local,redis_cache,0.765,overtake+pit_window
2022_Monaco_Grand_Prix|HAM|50|smart,2022_Monaco_Grand_Prix,HAM,50,4410000.689,4410784.726,4410941.626,784.037,940.937,0.300,0,smart_cloud,cassandra,156.900,overtake+pit_window
2022_Monaco_Grand_Prix|LAT|50|fast,2022_Monaco_Grand_Prix,LAT,50,4410001.262,4410004.052,4410004.817,2.790,3.555,0.150,0,fast_local,redis_cache,0.765,overtake+pit_window
2022_Monaco_Grand_Prix|LAT|50|smart,2022_Monaco_Grand_Prix,LAT,50,4410001.262,4411569.226,4411726.126,1567.964,1724.864,0.150,0,smart_cloud,cassandra,156.900,overtake+pit_window
2022_Monaco_Grand_Prix|LEC|50|fast,2022_Monaco_Grand_Prix,LEC,50,4410001.297,4410008.644,4410009.409,7.346,8.112,0.150,0,fast_local,redis_cache,0.765,overtake+pit_window
2022_Monaco_Grand_Prix|LEC|50|smart,2022_Monaco_Grand_Prix,LEC,50,4410001.297,4411726.126,4411883.026,1724.829,1881.729,0.150,0,smart_cloud,cassandra,156.900,overtake+pit_window
2022_Monaco_Grand_Prix|NOR|50|fast,2022_Monaco_Grand_Prix,NOR,50,4410001.474,4410009.409,4410010.174,7.935,8.700,0.150,0,fast_local,redis_cache,0.765,overtake+pit_window
2022_Monaco_Grand_Prix|NOR|50|smart,2022_Monaco_Grand_Prix,NOR,50,4410001.474,4411883.026,4412039.926,1881.552,2038.452,0.150,0,smart_cloud,cassandra,156.900,overtake+pit_window
2022_Monaco_Grand_Prix|OCO|50|fast,2022_Monaco_Grand_Prix,OCO,50,4410002.407,4410010.174,4410010.939,7.767,8.532,0.150,0,fast_local,redis_cache,0.765,overtake+pit_window
2022_Monaco_Grand_Prix|OCO|50|smart,2022_Monaco_Grand_Prix,OCO,50,4410002.407,4412039.926,4412196.826,2037.518,2194.418,0.150,0,smart_cloud,cassandra,156.900,overtake+pit_window
2022_Monaco_Grand_Prix|PER|50|fast,2022_Monaco_Grand_Prix,PER,50,4410002.478,4410010.939,4410011.705,8.462,9.227,0.150,0,fast_local,redis_cache,0.765,overtake+pit_window
2022_Monaco_Grand_Prix|PER|50|smart,2022_Monaco_Grand_Prix,PER,50,4410002.478,4412196.826,4412353.726,2194.348,2351.248,0.150,0,smart_cloud,cassandra,156.900,overtake+pit_window
2022_Monaco_Grand_Prix|RIC|50|fast,2022_Monaco_Grand_Prix,RIC,50,4410003.263,4410003.287,4410004.052,0.024,0.790,0.500,1,fast_local,redis_cache,0.765,overtake+pit_window
2022_Monaco_Grand_Prix|RIC|50|smart,2022_Monaco_Grand_Prix,RIC,50,4410003.263,4410157.126,4410314.026,153.863,310.763,0.500,1,smart_cloud,cassandra,156.900,overtake+pit_window
2022_Monaco_Grand_Prix|RUS|50|fast,2022_Monaco_Grand_Prix,RUS,50,4410003.824,4410011.705,4410012.470,7.881,8.646,0.150,0,fast_local,redis_cache,0.765,overtake+pit_window
2022_Monaco_Grand_Prix|RUS|50|smart,2022_Monaco_Grand_Prix,RUS,50,4410003.824,4412353.726,4412510.626,2349.902,2506.802,0.150,0,smart_cloud,cassandra,156.900,overtake+pit_window
2022_Monaco_Grand_Prix|SAI|50|fast,2022_Monaco_Grand_Prix,SAI,50,4410004.384,4410006.348,4410007.113,1.964,2.730,0.300,0,fast_local,redis_cache,0.765,overtake+pit_window
2022_Monaco_Grand_Prix|SAI|50|smart,2022_Monaco_Grand_Prix,SAI,50,4410004.384,4410941.626,4411098.526,937.242,1094.142,0.300,0,smart_cloud,cassandra,156.900,overtake+pit_window
2022_Monaco_Grand_Prix|STR|50|fast,2022_Monaco_Grand_Prix,STR,50,4410004.508,4410007.113,4410007.878,2.605,3.370,0.300,0,fast_local,redis_cache,0.765,overtake+pit_window
2022_Monaco_Grand_Prix|STR|50|smart,2022_Monaco_Grand_Prix,STR,50,4410004.508,4411098.526,4411255.426,1094.018,1250.918,0.300,0,smart_cloud,cassandra,156.900,overtake+pit_window
2022_Monaco_Grand_Prix|TSU|50|fast,2022_Monaco_Grand_Prix,TSU,50,4410004.765,4410004.817,4410005.583,0.052,0.818,0.500,1,fast_local,redis_cache,0.765,overtake+pit_window
2022_Monaco_Grand_Prix|TSU|50|smart,2022_Monaco_Grand_Prix,TSU,50,4410004.765,4410314.026,4410470.926,309.261,466.161,0.500,1,smart_cloud,cassandra,156.900,overtake+pit_window
2022_Monaco_Grand_Prix|VER|50|fast,2022_Monaco_Grand_Prix,VER,50,4410004.797,4410007.878,4410008.644,3.082,3.847,0.200,0,fast_local,redis_cache,0.765,overtake+pit_window
2022_Monaco_Grand_Prix|VER|50|smart,2022_Monaco_Grand_Prix,VER,50,4410004.797,4411255.426,4411412.326,1250.629,1407.529,0.200,0,smart_cloud,cassandra,156.900,overtake+pit_window
2022_Monaco_Grand_Prix|VET|50|fast,2022_Monaco_Grand_Prix,VET,50,4410004.912,4410005.583,4410006.348,0.671,1.436,0.500,1,fast_local,redis_cache,0.765,overtake+pit_window
2022_Monaco_Grand_Prix|VET|50|smart,2022_Monaco_Grand_Prix,VET,50,4410004.912,4410470.926,4410627.826,466.014,622.914,0.500,1,smart_cloud,cassandra,156.900,overtake+pit_window
2022_Monaco_Grand_Prix|ZHO|50|fast,2022_Monaco_Grand_Prix,ZHO,50,4410004.923,4410012.470,4410013.235,7.547,8.312,0.150,0,fast_local,redis_cache,0.765,overtake+pit_window
2022_Monaco_Grand_Prix|ZHO|50|smart,2022_Monaco_Grand_Prix,ZHO,50,4410004.923,4412510.626,4412667.526,2505.703,2662.603,0.150,0,smart_cloud,cassandra,156.900,overtake+pit_window
2022_Monaco_Grand_Prix|ALO|51|fast,2022_Monaco_Grand_Prix,ALO,51,4500000.485,4500000.485,4500001.250,0.000,0.765,0.500,1,fast_local,redis_cache,0.765,overtake+pit_window
2022_Monaco_Grand_Prix|ALO|51|smart,2022_Monaco_Grand_Prix,ALO,51,4500000.485,4500000.485,4500157.385,0.000,156.900,0.500,1,smart_cloud,cassandra,156.900,overtake+pit_window
2022_Monaco_Grand_Prix|BOT|51|fast,2022_Monaco_Grand_Prix,BOT,51,4500000.802,4500007.372,4500008.137,6.571,7.336,0.150,0,fast_local,redis_cache,0.765,overtake+pit_window
2022_Monaco_Grand_Prix|BOT|51|smart,2022_Monaco_Grand_Prix,BOT,51,4500000.802,4501412.585,4501569.485,1411.783,1568.683,0.150,0,smart_cloud,cassandra,156.900,overtake+pit_window
2022_Monaco_Grand_Prix|GAS|51|fast,2022_Monaco_Grand_Prix,GAS,51,4500000.827,4500001.250,4500002.015,0.424,1.189,0.300,0,fast_local,redis_cache,0.765,overtake+pit_window
2022_Monaco_Grand_Prix|GAS|51|smart,2022_Monaco_Grand_Prix,GAS,51,4500000.827,4500628.085,4500784.985,627.258,784.158,0.300,0,smart_cloud,cassandra,156.900,overtake+pit_window
2022_Monaco_Grand_Prix|HAM|51|fast,2022_Monaco_Grand_Prix,HAM,51,4500001.266,4500002.015,4500002.781,0.749,1.514,0.300,0,fast_local,redis_cache,0.765,overtake+pit_window
2022_Monaco_Grand_Prix|HAM|51|smart,2022_Monaco_Grand_Prix,HAM,51,4500001.266,4500784.985,4500941.885,783.719,940.619,0.300,0,smart_cloud,cassandra,156.900,overtake+pit_window
2022_Monaco_Grand_Prix|LAT|51|fast,2022_Monaco_Grand_Prix,LAT,51,4500001.480,4500008.137,4500008.903,6.657,7.422,0.150,0,fast_local,redis_cache,0.765,overtake+pit_window
2022_Monaco_Grand_Prix|LAT|51|smart,2022_Monaco_Grand_Prix,LAT,51,4500001.480,4501569.485,4501726.385,1568.005,1724.905,0.150,0,smart_cloud,cassandra,156.900,overtake+pit_window
2022_Monaco_Grand_Prix|LEC|51|fast,2022_Monaco_Grand_Prix,LEC,51,4500001.522,4500008.903,4500009.668,7.380,8.146,0.150,0,fast_local,redis_cache,0.765,overtake+pit_window
2022_Monaco_Grand_Prix|LEC|51|smart,2022_Monaco_Grand_Prix,LEC,51,4500001.522,4501726.385,4501883.285,1724.863,1881.763,0.150,0,smart_cloud,cassandra,156.900,overtake+pit_window
2022_Monaco_Grand_Prix|NOR|51|fast,2022_Monaco_Grand_Prix,NOR,51,4500001.856,4500009.668,4500010.433,7.812,8.577,0.150,0,fast_local,redis_cache,0.765,overtake+pit_window
2022_Monaco_Grand_Prix|NOR|51|smart,2022_Monaco_Grand_Prix,NOR,51,4500001.856,4501883.285,4502040.185,1881.429,2038.329,0.150,0,smart_cloud,cassandra,156.900,overtake+pit_window
2022_Monaco_Grand_Prix|OCO|51|fast,2022_Monaco_Grand_Prix,OCO,51,4500002.024,4500010.433,4500011.198,8.409,9.174,0.150,0,fast_local,redis_cache,0.765,overtake+pit_window
2022_Monaco_Grand_Prix|OCO|51|smart,2022_Monaco_Grand_Prix,OCO,51,4500002.024,4502040.185,4502197.085,2038.161,2195.061,0.150,0,smart_cloud,cassandra,156.900,overtake+pit_window
2022_Monaco_Grand_Prix|PER|51|fast,2022_Monaco_Grand_Prix,PER,51,4500002.712,4500011.198,4500011.964,8.487,9.252,0.150,0,fast_local,redis_cache,0.765,overtake+pit_window
2022_Monaco_Grand_Prix|PER|51|smart,2022_Monaco_Grand_Prix,PER,51,4500002.712,4502197.085,4502353.985,2194.373,2351.273,0.150,0,smart_cloud,cassandra,156.900,overtake+pit_window
2022_Monaco_Grand_Prix|RIC|51|fast,2022_Monaco_Grand_Prix,RIC,51,4500002.764,4500002.781,4500003.546,0.016,0.781,0.500,1,fast_local,redis_cache,0.765,overtake+pit_window
2022_Monaco_Grand_Prix|RIC|51|smart,2022_Monaco_Grand_Prix,RIC,51,4500002.764,4500157.385,4500314.285,154.620,311.520,0.500,1,smart_cloud,cassandra,156.900,overtake+pit_window
2022_Monaco_Grand_Prix|RUS|51|fast,2022_Monaco_Grand_Prix,RUS,51,4500002.921,4500011.964,4500012.729,9.043,9.808,0.150,0,fast_local,redis_cache,0.765,overtake+pit_window
2022_Monaco_Grand_Prix|RUS|51|smart,2022_Monaco_Grand_Prix,RUS,51,4500002.921,4502353.985,4502510.885,2351.064,2507.964,0.150,0,smart_cloud,cassandra,156.900,overtake+pit_window
2022_Monaco_Grand_Prix|SAI|51|fast,2022_Monaco_Grand_Prix,SAI,51,4500003.084,4500003.546,4500004.311,0.462,1.227,0.300,0,fast_local,redis_cache,0.765,overtake+pit_window
2022_Monaco_Grand_Prix|SAI|51|smart,2022_Monaco_Grand_Prix,SAI,51,4500003.084,4500941.885,4501098.785,938.801,1095.701,0.300,0,smart_cloud,cassandra,156.900,overtake+pit_window
2022_Monaco_Grand_Prix|STR|51|fast,2022_Monaco_Grand_Prix,STR,51,4500003.676,4500005.842,4500006.607,2.166,2.931,0.300,0,fast_local,redis_cache,0.765,overtake+pit_window
2022_Monaco_Grand_Prix|STR|51|smart,2022_Monaco_Grand_Prix,STR,51,4500003.676,4501098.785,4501255.685,1095.109,1252.009,0.300,0,smart_cloud,cassandra,156.900,overtake+pit_window
2022_Monaco_Grand_Prix|TSU|51|fast,2022_Monaco_Grand_Prix,TSU,51,4500003.800,4500004.311,4500005.076,0.511,1.276,0.500,1,fast_local,redis_cache,0.765,overtake+pit_window
2022_Monaco_Grand_Prix|TSU|51|smart,2022_Monaco_Grand_Prix,TSU,51,4500003.800,4500314.285,4500471.185,310.485,467.385,0.500,1,smart_cloud,cassandra,156.900,overtake+pit_window
2022_Monaco_Grand_Prix|VER|51|fast,2022_Monaco_Grand_Prix,VER,51,4500003.862,4500006.607,4500007.372,2.745,3.510,0.200,0,fast_local,redis_cache,0.765,overtake+pit_window
2022_Monaco_Grand_Prix|VER|51|smart,2022_Monaco_Grand_Prix,VER,51,4500003.862,4501255.685,4501412.585,1251.823,1408.723,0.200,0,smart_cloud,cassandra,156.900,overtake+pit_window
2022_Monaco_Grand_Prix|VET|51|fast,2022_Monaco_Grand_Prix,VET,51,4500004.229,4500005.076,4500005.842,0.847,1.613,0.500,1,fast_local,redis_cache,0.765,overtake+pit_window
2022_Monaco_Grand_Prix|VET|51|smart,2022_Monaco_Grand_Prix,VET,51,4500004.229,4500471.185,4500628.085,466.956,623.856,0.500,1,smart_cloud,cassandra,156.900,overtake+pit_window
2022_Monaco_Grand_Prix|ZHO|51|fast,2022_Monaco_Grand_Prix,ZHO,51,4500004.260,4500012.729,4500013.494,8.469,9.234,0.150,0,fast_local,redis_cache,0.765,overtake+pit_window
2022_Monaco_Grand_Prix|ZHO|51|smart,2022_Monaco_Grand_Prix,ZHO,51,4500004.260,4502510.885,4502667.785,2506.625,2663.525,0.150,0,smart_cloud,cassandra,156.900,overtake+pit_window
2022_Monaco_Grand_Prix|ALO|52|fast,2022_Monaco_Grand_Prix,ALO,52,4590000.502,4590000.502,4590001.267,0.000,0.765,0.500,1,fast_local,redis_cache,0.765,overtake+pit_window
2022_Monaco_Grand_Prix|ALO|52|smart,2022_Monaco_Grand_Prix,ALO,52,4590000.502,4590000.502,4590157.402,0.000,156.900,0.500,1,smart_cloud,cassandra,156.900,overtake+pit_window
2022_Monaco_Grand_Prix|BOT|52|fast,2022_Monaco_Grand_Prix,BOT,52,4590000.603,4590008.920,4590009.685,8.316,9.082,0.150,0,fast_local,redis_cache,0.765,overtake+pit_window
2022_Monaco_Grand_Prix|BOT|52|smart,2022_Monaco_Grand_Prix,BOT,52,4590000.603,4591726.402,4591883.302,1725.799,1882.699,0.150,0,smart_cloud,cassandra,156.900,overtake+pit_window
2022_Monaco_Grand_Prix|GAS|52|fast,2022_Monaco_Grand_Prix,GAS,52,4590000.897,4590001.267,4590002.032,0.370,1.135,0.300,0,fast_local,redis_cache,0.765,overtake+pit_window
2022_Monaco_Grand_Prix|GAS|52|smart,2022_Monaco_Grand_Prix,GAS,52,4590000.897,4590941.902,4591098.802,941.005,1097.905,0.300,0,smart_cloud,cassandra,156.900,overtake+pit_window
2022_Monaco_Grand_Prix|HAM|52|fast,2022_Monaco_Grand_Prix,HAM,52,4590001.034,4590002.032,4590002.798,0.998,1.764,0.300,0,fast_local,redis_cache,0.765,overtake+pit_window
2022_Monaco_Grand_Prix|HAM|52|smart,2022_Monaco_Grand_Prix,HAM,52,4590001.034,4591098.802,4591255.702,1097.768,1254.668,0.300,0,smart_cloud,cassandra,156.900,overtake+pit_window
2022_Monaco_Grand_Prix|LAT|52|fast,2022_Monaco_Grand_Prix,LAT,52,4590001.226,4590009.685,4590010.450,8.459,9.224,0.150,0,fast_local,redis_cache,0.765,overtake+pit_window
2022_Monaco_Grand_Prix|LAT|52|smart,2022_Monaco_Grand_Prix,LAT,52,4590001.226,4591883.302,4592040.202,1882.076,2038.976,0.150,0,smart_cloud,cassandra,156.900,overtake+pit_window
2022_Monaco_Grand_Prix|LEC|52|fast,2022_Monaco_Grand_Prix,LEC,52,4590001.242,4590008.154,4590008.920,6.912,7.678,0.200,0,fast_local,redis_cache,0.765,overtake+pit_window
2022_Monaco_Grand_Prix|LEC|52|smart,2022_Monaco_Grand_Prix,LEC,52,4590001.242,4591569.502,4591726.402,1568.260,1725.160,0.200,0,smart_cloud,cassandra,156.900,overtake+pit_window
2022_Monaco_Grand_Prix|NOR|52|fast,2022_Monaco_Grand_Prix,NOR,52,4590001.323,4590012.746,4590013.511,11.423,12.189,0.000,0,fast_local,redis_cache,0.765,overtake+pit_window
2022_Monaco_Grand_Prix|NOR|52|smart,2022_Monaco_Grand_Prix,NOR,52,4590001.323,4592510.902,4592667.802,2509.579,2666.479,0.000,0,smart_cloud,cassandra,156.900,overtake+pit_window
2022_Monaco_Grand_Prix|OCO|52|fast,2022_Monaco_Grand_Prix,OCO,52,4590001.697,4590010.450,4590011.215,8.754,9.519,0.150,0,fast_local,redis_cache,0.765,overtake+pit_window
2022_Monaco_Grand_Prix|OCO|52|smart,2022_Monaco_Grand_Prix,OCO,52,4590001.697,4592040.202,4592197.102,2038.505,2195.405,0.150,0,smart_cloud,cassandra,156.900,overtake+pit_window
2022_Monaco_Grand_Prix|PER|52|fast,2022_Monaco_Grand_Prix,PER,52,4590002.068,4590006.624,4590007.389,4.556,5.321,0.300,0,fast_local,redis_cache,0.765,overtake+pit_window
2022_Monaco_Grand_Prix|PER|52|smart,2022_Monaco_Grand_Prix,PER,52,4590002.068,4591255.702,4591412.602,1253.634,1410.534,0.300,0,smart_cloud,cassandra,156.900,overtake+pit_window
2022_Monaco_Grand_Prix|RIC|52|fast,2022_Monaco_Grand_Prix,RIC,52,4590002.249,4590002.798,4590003.563,0.548,1.314,0.500,1,fast_local,redis_cache,0.765,overtake+pit_window
2022_Monaco_Grand_Prix|RIC|52|smart,2022_Monaco_Grand_Prix,RIC,52,4590002.249,4590157.402,4590314.302,155.153,312.053,0.500,1,smart_cloud,cassandra,156.900,overtake+pit_window
2022_Monaco_Grand_Prix|RUS|52|fast,2022_Monaco_Grand_Prix,RUS,52,4590002.654,4590011.215,4590011.981,8.561,9.326,0.150,0,fast_local,redis_cache,0.765,overtake+pit_window
2022_Monaco_Grand_Prix|RUS|52|smart,2022_Monaco_Grand_Prix,RUS,52,4590002.654,4592197.102,4592354.002,2194.448,2351.348,0.150,0,smart_cloud,cassandra,156.900,overtake+pit_window
2022_Monaco_Grand_Prix|SAI|52|fast,2022_Monaco_Grand_Prix,SAI,52,4590003.551,4590003.563,4590004.328,0.012,0.777,0.350,0,fast_local,redis_cache,0.765,overtake+pit_window
2022_Monaco_Grand_Prix|SAI|52|smart,2022_Monaco_Grand_Prix,SAI,52,4590003.551,4590628.102,4590785.002,624.551,781.451,0.350,0,smart_cloud,cassandra,156.900,overtake+pit_window
2022_Monaco_Grand_Prix|STR|52|fast,2022_Monaco_Grand_Prix,STR,52,4590004.232,4590007.389,4590008.154,3.157,3.922,0.300,0,fast_local,redis_cache,0.765,overtake+pit_window
2022_Monaco_Grand_Prix|STR|52|smart,2022_Monaco_Grand_Prix,STR,52,4590004.232,4591412.602,4591569.502,1408.370,1565.270,0.300,0,smart_cloud,cassandra,156.900,overtake+pit_window
2022_Monaco_Grand_Prix|TSU|52|fast,2022_Monaco_Grand_Prix,TSU,52,4590004.257,4590004.328,4590005.093,0.072,0.837,0.500,1,fast_local,redis_cache,0.765,overtake+pit_window
2022_Monaco_Grand_Prix|TSU|52|smart,2022_Monaco_Grand_Prix,TSU,52,4590004.257,4590314.302,4590471.202,310.045,466.945,0.500,1,smart_cloud,cassandra,156.900,overtake+pit_window
2022_Monaco_Grand_Prix|VER|52|fast,2022_Monaco_Grand_Prix,VER,52,4590004.373,4590005.859,4590006.624,1.486,2.251,0.350,0,fast_local,redis_cache,0.765,overtake+pit_window
2022_Monaco_Grand_Prix|VER|52|smart,2022_Monaco_Grand_Prix,VER,52,4590004.373,4590785.002,4590941.902,780.629,937.529,0.350,0,smart_cloud,cassandra,156.900,overtake+pit_window
2022_Monaco_Grand_Prix|VET|52|fast,2022_Monaco_Grand_Prix,VET,52,4590004.481,4590005.093,4590005.859,0.613,1.378,0.500,1,fast_local,redis_cache,0.765,overtake+pit_window
2022_Monaco_Grand_Prix|VET|52|smart,2022_Monaco_Grand_Prix,VET,52,4590004.481,4590471.202,4590628.102,466.721,623.621,0.500,1,smart_cloud,cassandra,156.900,overtake+pit_window
2022_Monaco_Grand_Prix|ZHO|52|fast,2022_Monaco_Grand_Prix,ZHO,52,4590004.708,4590011.981,4590012.746,7.273,8.038,0.150,0,fast_local,redis_cache,0.765,overtake+pit_window
2022_Monaco_Grand_Prix|ZHO|52|smart,2022_Monaco_Grand_Prix,ZHO,52,4590004.708,4592354.002,4592510.902,2349.294,2506.194,0.150,0,smart_cloud,cassandra,156.900,overtake+pit_window
2022_Monaco_Grand_Prix|ALO|53|fast,2022_Monaco_Grand_Prix,ALO,53,4680000.628,4680000.628,4680001.394,0.000,0.765,0.500,1,fast_local,redis_cache,0.765,overtake+pit_window
2022_Monaco_Grand_Prix|ALO|53|smart,2022_Monaco_Grand_Prix,ALO,53,4680000.628,4680000.628,4680157.528,0.000,156.900,0.500,1,smart_cloud,cassandra,156.900,overtake+pit_window
2022_Monaco_Grand_Prix|BOT|53|fast,2022_Monaco_Grand_Prix,BOT,53,4680000.659,4680009.046,4680009.811,8.387,9.153,0.150,0,fast_local,redis_cache,0.765,overtake+pit_window
2022_Monaco_Grand_Prix|BOT|53|smart,2022_Monaco_Grand_Prix,BOT,53,4680000.659,4681726.528,4681883.428,1725.870,1882.770,0.150,0,smart_cloud,cassandra,156.900,overtake+pit_window
2022_Monaco_Grand_Prix|GAS|53|fast,2022_Monaco_Grand_Prix,GAS,53,4680000.806,4680001.394,4680002.159,0.587,1.353,0.300,0,fast_local,redis_cache,0.765,overtake+pit_window
2022_Monaco_Grand_Prix|GAS|53|smart,2022_Monaco_Grand_Prix,GAS,53,4680000.806,4680942.028,4681098.928,941.222,1098.122,0.300,0,smart_cloud,cassandra,156.900,overtake+pit_window
2022_Monaco_Grand_Prix|HAM|53|fast,2022_Monaco_Grand_Prix,HAM,53,4680000.818,4680002.159,4680002.924,1.341,2.106,0.300,0,fast_local,redis_cache,0.765,overtake+pit_window
2022_Monaco_Grand_Prix|HAM|53|smart,2022_Monaco_Grand_Prix,HAM,53,4680000.818,4681098.928,4681255.828,1098.110,1255.010,0.300,0,smart_cloud,cassandra,156.900,overtake+pit_window
2022_Monaco_Grand_Prix|LAT|53|fast,2022_Monaco_Grand_Prix,LAT,53,4680001.224,4680009.811,4680010.577,8.587,9.353,0.150,0,fast_local,redis_cache,0.765,overtake+pit_window
2022_Monaco_Grand_Prix|LAT|53|smart,2022_Monaco_Grand_Prix,LAT,53,4680001.224,4681883.428,4682040.328,1882.204,2039.104,0.150,0,smart_cloud,cassandra,156.900,overtake+pit_window
2022_Monaco_Grand_Prix|LEC|53|fast,2022_Monaco_Grand_Prix,LEC,53,4680002.173,4680008.281,4680009.046,6.108,6.873,0.200,0,fast_local,redis_cache,0.765,overtake+pit_window
2022_Monaco_Grand_Prix|LEC|53|smart,2022_Monaco_Grand_Prix,LEC,53,4680002.173,4681569.628,4681726.528,1567.456,1724.356,0.200,0,smart_cloud,cassandra,156.900,overtake+pit_window
2022_Monaco_Grand_Prix|NOR|53|fast,2022_Monaco_Grand_Prix,NOR,53,4680002.410,4680012.872,4680013.638,10.462,11.227,0.000,0,fast_local,redis_cache,0.765,overtake+pit_window
2022_Monaco_Grand_Prix|NOR|53|smart,2022_Monaco_Grand_Prix,NOR,53,4680002.410,4682511.028,4682667.928,2508.618,2665.518,0.000,0,smart_cloud,cassandra,156.900,overtake+pit_window
2022_Monaco_Grand_Prix|OCO|53|fast,2022_Monaco_Grand_Prix,OCO,53,4680002.453,4680010.577,4680011.342,8.124,8.889,0.150,0,fast_local,redis_cache,0.765,overtake+pit_window
2022_Monaco_Grand_Prix|OCO|53|smart,2022_Monaco_Grand_Prix,OCO,53,4680002.453,4682040.328,4682197.228,2037.875,2194.775,0.150,0,smart_cloud,cassandra,156.900,overtake+pit_window
2022_Monaco_Grand_Prix|PER|53|fast,2022_Monaco_Grand_Prix,PER,53,4680002.588,4680006.750,4680007.516,4.162,4.927,0.300,0,fast_local,redis_cache,0.765,overtake+pit_window
2022_Monaco_Grand_Prix|PER|53|smart,2022_Monaco_Grand_Prix,PER,53,4680002.588,4681255.828,4681412.728,1253.240,1410.140,0.300,0,smart_cloud,cassandra,156.900,overtake+pit_window
2022_Monaco_Grand_Prix|RIC|53|fast,2022_Monaco_Grand_Prix,RIC,53,4680002.649,4680002.924,4680003.689,0.275,1.041,0.500,1,fast_local,redis_cache,0.765,overtake+pit_window
2022_Monaco_Grand_Prix|RIC|53|smart,2022_Monaco_Grand_Prix,RIC,53,4680002.649,4680157.528,4680314.428,154.880,311.780,0.500,1,smart_cloud,cassandra,156.900,overtake+pit_window
2022_Monaco_Grand_Prix|RUS|53|fast,2022_Monaco_Grand_Prix,RUS,53,4680002.683,4680011.342,4680012.107,8.659,9.424,0.150,0,fast_local,redis_cache,0.765,overtake+pit_window
2022_Monaco_Grand_Prix|RUS|53|smart,2022_Monaco_Grand_Prix,RUS,53,4680002.683,4682197.228,4682354.128,2194.545,2351.445,0.150,0,smart_cloud,cassandra,156.900,overtake+pit_window
2022_Monaco_Grand_Prix|SAI|53|fast,2022_Monaco_Grand_Prix,SAI,53,4680002.772,4680003.689,4680004.455,0.917,1.682,0.350,0,fast_local,redis_cache,0.765,overtake+pit_window
2022_Monaco_Grand_Prix|SAI|53|smart,2022_Monaco_Grand_Prix,SAI,53,4680002.772,4680628.228,4680785.128,625.456,782.356,0.350,0,smart_cloud,cassandra,156.900,overtake+pit_window
2022_Monaco_Grand_Prix|STR|53|fast,2022_Monaco_Grand_Prix,STR,53,4680003.887,4680007.516,4680008.281,3.629,4.394,0.300,0,fast_local,redis_cache,0.765,overtake+pit_window
2022_Monaco_Grand_Prix|STR|53|smart,2022_Monaco_Grand_Prix,STR,53,4680003.887,4681412.728,4681569.628,1408.842,1565.742,0.300,0,smart_cloud,cassandra,156.900,overtake+pit_window
2022_Monaco_Grand_Prix|TSU|53|fast,2022_Monaco_Grand_Prix,TSU,53,4680004.440,4680004.455,4680005.220,0.015,0.780,0.500,1,fast_local,redis_cache,0.765,overtake+pit_window
2022_Monaco_Grand_Prix|TSU|53|smart,2022_Monaco_Grand_Prix,TSU,53,4680004.440,4680314.428,4680471.328,309.988,466.888,0.500,1,smart_cloud,cassandra,156.900,overtake+pit_window
2022_Monaco_Grand_Prix|VER|53|fast,2022_Monaco_Grand_Prix,VER,53,4680004.700,4680005.985,4680006.750,1.285,2.050,0.350,0,fast_local,redis_cache,0.765,overtake+pit_window
2022_Monaco_Grand_Prix|VER|53|smart,2022_Monaco_Grand_Prix,VER,53,4680004.700,4680785.128,4680942.028,780.428,937.328,0.350,0,smart_cloud,cassandra,156.900,overtake+pit_window
2022_Monaco_Grand_Prix|VET|53|fast,2022_Monaco_Grand_Prix,VET,53,4680004.761,4680005.220,4680005.985,0.459,1.224,0.500,1,fast_local,redis_cache,0.765,overtake+pit_window
2022_Monaco_Grand_Prix|VET|53|smart,2022_Monaco_Grand_Prix,VET,53,4680004.761,4680471.328,4680628.228,466.567,623.467,0.500,1,smart_cloud,cassandra,156.900,overtake+pit_window
2022_Monaco_Grand_Prix|ZHO|53|fast,2022_Monaco_Grand_Prix,ZHO,53,4680004.766,4680012.107,4680012.872,7.341,8.106,0.150,0,fast_local,redis_cache,0.765,overtake+pit_window
2022_Monaco_Grand_Prix|ZHO|53|smart,2022_Monaco_Grand_Prix,ZHO,53,4680004.766,4682354.128,4682511.028,2349.362,2506.262,0.150,0,smart_cloud,cassandra,156.900,overtake+pit_window
2022_Monaco_Grand_Prix|ALO|54|fast,2022_Monaco_Grand_Prix,ALO,54,4770000.150,4770000.150,4770000.916,0.000,0.765,0.500,1,fast_local,redis_cache,0.765,overtake+pit_window
2022_Monaco_Grand_Prix|ALO|54|smart,2022_Monaco_Grand_Prix,ALO,54,4770000.150,4770000.150,4770157.050,0.000,156.900,0.500,1,smart_cloud,cassandra,156.900,overtake+pit_window
2022_Monaco_Grand_Prix|BOT|54|fast,2022_Monaco_Grand_Prix,BOT,54,4770000.595,4770009.333,4770010.099,8.739,9.504,0.150,0,fast_local,redis_cache,0.765,overtake+pit_window
2022_Monaco_Grand_Prix|BOT|54|smart,2022_Monaco_Grand_Prix,BOT,54,4770000.595,4771726.050,4771882.950,1725.456,1882.356,0.150,0,smart_cloud,cassandra,156.900,overtake+pit_window
2022_Monaco_Grand_Prix|GAS|54|fast,2022_Monaco_Grand_Prix,GAS,54,4770000.764,4770000.916,4770001.681,0.151,0.916,0.300,0,fast_local,redis_cache,0.765,overtake+pit_window
2022_Monaco_Grand_Prix|GAS|54|smart,2022_Monaco_Grand_Prix,GAS,54,4770000.764,4771098.450,4771255.350,1097.686,1254.586,0.300,0,smart_cloud,cassandra,156.900,overtake+pit_window
2022_Monaco_Grand_Prix|HAM|54|fast,2022_Monaco_Grand_Prix,HAM,54,4770000.936,4770001.681,4770002.446,0.745,1.510,0.450,0,fast_local,redis_cache,0.765,overtake+pit_window
2022_Monaco_Grand_Prix|HAM|54|smart,2022_Monaco_Grand_Prix,HAM,54,4770000.936,4770784.650,4770941.550,783.714,940.614,0.450,0,smart_cloud,cassandra,156.900,overtake+pit_window
2022_Monaco_Grand_Prix|LAT|54|fast,2022_Monaco_Grand_Prix,LAT,54,4770001.039,4770010.099,4770010.864,9.060,9.825,0.150,0,fast_local,redis_cache,0.765,overtake+pit_window
2022_Monaco_Grand_Prix|LAT|54|smart,2022_Monaco_Grand_Prix,LAT,54,4770001.039,4771882.950,4772039.850,1881.912,2038.812,0.150,0,smart_cloud,cassandra,156.900,overtake+pit_window
2022_Monaco_Grand_Prix|LEC|54|fast,2022_Monaco_Grand_Prix,LEC,54,4770001.266,4770007.803,4770008.568,6.537,7.302,0.200,0,fast_local,redis_cache,0.765,overtake+pit_window
2022_Monaco_Grand_Prix|LEC|54|smart,2022_Monaco_Grand_Prix,LEC,54,4770001.266,4771412.250,4771569.150,1410.984,1567.884,0.200,0,smart_cloud,cassandra,156.900,overtake+pit_window
2022_Monaco_Grand_Prix|NOR|54|fast,2022_Monaco_Grand_Prix,NOR,54,4770001.608,4770012.394,4770013.160,10.787,11.552,0.000,0,fast_local,redis_cache,0.765,overtake+pit_window
2022_Monaco_Grand_Prix|NOR|54|smart,2022_Monaco_Grand_Prix,NOR,54,4770001.608,4772353.650,4772510.550,2352.043,2508.943,0.000,0,smart_cloud,cassandra,156.900,overtake+pit_window
2022_Monaco_Grand_Prix|OCO|54|fast,2022_Monaco_Grand_Prix,OCO,54,4770002.002,4770008.568,4770009.333,6.566,7.331,0.200,0,fast_local,redis_cache,0.765,overtake+pit_window
2022_Monaco_Grand_Prix|OCO|54|smart,2022_Monaco_Grand_Prix,OCO,54,4770002.002,4771569.150,4771726.050,1567.148,1724.048,0.200,0,smart_cloud,cassandra,156.900,overtake+pit_window
2022_Monaco_Grand_Prix|PER|54|fast,2022_Monaco_Grand_Prix,PER,54,4770002.325,4770002.446,4770003.211,0.121,0.886,0.500,1,fast_local,redis_cache,0.765,overtake+pit_window
2022_Monaco_Grand_Prix|PER|54|smart,2022_Monaco_Grand_Prix,PER,54,4770002.325,4770157.050,4770313.950,154.725,311.625,0.500,1,smart_cloud,cassandra,156.900,overtake+pit_window
2022_Monaco_Grand_Prix|RIC|54|fast,2022_Monaco_Grand_Prix,RIC,54,4770002.344,4770003.977,4770004.742,1.633,2.398,0.500,1,fast_local,redis_cache,0.765,overtake+pit_window
2022_Monaco_Grand_Prix|RIC|54|smart,2022_Monaco_Grand_Prix,RIC,54,4770002.344,4770313.950,4770470.850,311.606,468.506,0.500,1,smart_cloud,cassandra,156.900,overtake+pit_window
2022_Monaco_Grand_Prix|RUS|54|fast,2022_Monaco_Grand_Prix,RUS,54,4770002.659,4770010.864,4770011.629,8.204,8.970,0.150,0,fast_local,redis_cache,0.765,overtake+pit_window
2022_Monaco_Grand_Prix|RUS|54|smart,2022_Monaco_Grand_Prix,RUS,54,4770002.659,4772039.850,4772196.750,2037.191,2194.091,0.150,0,smart_cloud,cassandra,156.900,overtake+pit_window
2022_Monaco_Grand_Prix|SAI|54|fast,2022_Monaco_Grand_Prix,SAI,54,4770003.041,4770003.211,4770003.977,0.171,0.936,0.650,1,fast_local,redis_cache,0.765,overtake+pit_window
2022_Monaco_Grand_Prix|STR|54|fast,2022_Monaco_Grand_Prix,STR,54,4770003.708,4770007.038,4770007.803,3.329,4.095,0.300,0,fast_local,redis_cache,0.765,overtake+pit_window
2022_Monaco_Grand_Prix|STR|54|smart,2022_Monaco_Grand_Prix,STR,54,4770003.708,4771255.350,4771412.250,1251.642,1408.542,0.300,0,smart_cloud,cassandra,156.900,overtake+pit_window
2022_Monaco_Grand_Prix|TSU|54|fast,2022_Monaco_Grand_Prix,TSU,54,4770004.092,4770004.742,4770005.507,0.650,1.415,0.500,1,fast_local,redis_cache,0.765,overtake+pit_window
2022_Monaco_Grand_Prix|TSU|54|smart,2022_Monaco_Grand_Prix,TSU,54,4770004.092,4770470.850,4770627.750,466.759,623.659,0.500,1,smart_cloud,cassandra,156.900,overtake+pit_window
2022_Monaco_Grand_Prix|VER|54|fast,2022_Monaco_Grand_Prix,VER,54,4770004.584,4770006.272,4770007.038,1.688,2.453,0.450,0,fast_local,redis_cache,0.765,overtake+pit_window
2022_Monaco_Grand_Prix|VER|54|smart,2022_Monaco_Grand_Prix,VER,54,4770004.584,4770941.550,4771098.450,936.966,1093.866,0.450,0,smart_cloud,cassandra,156.900,overtake+pit_window
2022_Monaco_Grand_Prix|VET|54|fast,2022_Monaco_Grand_Prix,VET,54,4770004.603,4770005.507,4770006.272,0.904,1.669,0.500,1,fast_local,redis_cache,0.765,overtake+pit_window
2022_Monaco_Grand_Prix|VET|54|smart,2022_Monaco_Grand_Prix,VET,54,4770004.603,4770627.750,4770784.650,623.147,780.047,0.500,1,smart_cloud,cassandra,156.900,overtake+pit_window
2022_Monaco_Grand_Prix|ZHO|54|fast,2022_Monaco_Grand_Prix,ZHO,54,4770004.943,4770011.629,4770012.394,6.686,7.451,0.150,0,fast_local,redis_cache,0.765,overtake+pit_window
2022_Monaco_Grand_Prix|ZHO|54|smart,2022_Monaco_Grand_Prix,ZHO,54,4770004.943,4772196.750,4772353.650,2191.807,2348.707,0.150,0,smart_cloud,cassandra,156.900,overtake+pit_window
2022_Monaco_Grand_Prix|ALO|55|fast,2022_Monaco_Grand_Prix,ALO,55,4860000.012,4860000.012,4860000.777,0.000,0.765,0.500,1,fast_local,redis_cache,0.765,overtake+pit_window
2022_Monaco_Grand_Prix|ALO|55|smart,2022_Monaco_Grand_Prix,ALO,55,4860000.012,4860000.012,4860156.912,0.000,156.900,0.500,1,smart_cloud,cassandra,156.900,overtake+pit_window
2022_Monaco_Grand_Prix|BOT|55|fast,2022_Monaco_Grand_Prix,BOT,55,4860000.251,4860009.195,4860009.960,8.944,9.709,0.150,0,fast_local,redis_cache,0.765,overtake+pit_window
2022_Monaco_Grand_Prix|BOT|55|smart,2022_Monaco_Grand_Prix,BOT,55,4860000.251,4861569.012,4861725.912,1568.761,1725.661,0.150,0,smart_cloud,cassandra,156.900,overtake+pit_window
2022_Monaco_Grand_Prix|GAS|55|fast,2022_Monaco_Grand_Prix,GAS,55,4860000.310,4860001.542,4860002.307,1.232,1.997,0.300,0,fast_local,redis_cache,0.765,overtake+pit_window
2022_Monaco_Grand_Prix|GAS|55|smart,2022_Monaco_Grand_Prix,GAS,55,4860000.310,4860941.412,4861098.312,941.101,1098.001,0.300,0,smart_cloud,cassandra,156.900,overtake+pit_window
2022_Monaco_Grand_Prix|HAM|55|fast,2022_Monaco_Grand_Prix,HAM,55,4860000.645,4860000.777,4860001.542,0.132,0.897,0.450,0,fast_local,redis_cache,0.765,overtake+pit_window
2022_Monaco_Grand_Prix|HAM|55|smart,2022_Monaco_Grand_Prix,HAM,55,4860000.645,4860784.512,4860941.412,783.866,940.766,0.450,0,smart_cloud,cassandra,156.900,overtake+pit_window
2022_Monaco_Grand_Prix|LAT|55|fast,2022_Monaco_Grand_Prix,LAT,55,4860001.060,4860009.960,4860010.725,8.900,9.665,0.150,0,fast_local,redis_cache,0.765,overtake+pit_window
2022_Monaco_Grand_Prix|LAT|55|smart,2022_Monaco_Grand_Prix,LAT,55,4860001.060,4861725.912,4861882.812,1724.852,1881.752,0.150,0,smart_cloud,cassandra,156.900,overtake+pit_window
2022_Monaco_Grand_Prix|LEC|55|fast,2022_Monaco_Grand_Prix,LEC,55,4860001.404,4860006.899,4860007.664,5.494,6.260,0.300,0,fast_local,redis_cache,0.765,overtake+pit_window
2022_Monaco_Grand_Prix|LEC|55|smart,2022_Monaco_Grand_Prix,LEC,55,4860001.404,4861098.312,4861255.212,1096.907,1253.807,0.300,0,smart_cloud,cassandra,156.900,overtake+pit_window
2022_Monaco_Grand_Prix|NOR|55|fast,2022_Monaco_Grand_Prix,NOR,55,4860001.707,4860012.256,4860013.021,10.549,11.314,0.000,0,fast_local,redis_cache,0.765,overtake+pit_window
2022_Monaco_Grand_Prix|NOR|55|smart,2022_Monaco_Grand_Prix,NOR,55,4860001.707,4862196.612,4862353.512,2194.905,2351.805,0.000,0,smart_cloud,cassandra,156.900,overtake+pit_window
2022_Monaco_Grand_Prix|OCO|55|fast,2022_Monaco_Grand_Prix,OCO,55,4860001.712,4860008.429,4860009.195,6.717,7.483,0.200,0,fast_local,redis_cache,0.765,overtake+pit_window
2022_Monaco_Grand_Prix|OCO|55|smart,2022_Monaco_Grand_Prix,OCO,55,4860001.712,4861412.112,4861569.012,1410.400,1567.300,0.200,0,smart_cloud,cassandra,156.900,overtake+pit_window
2022_Monaco_Grand_Prix|PER|55|fast,2022_Monaco_Grand_Prix,PER,55,4860002.190,4860002.307,4860003.073,0.117,0.883,0.500,1,fast_local,redis_cache,0.765,overtake+pit_window
2022_Monaco_Grand_Prix|PER|55|smart,2022_Monaco_Grand_Prix,PER,55,4860002.190,4860156.912,4860313.812,154.722,311.622,0.500,1,smart_cloud,cassandra,156.900,overtake+pit_window
2022_Monaco_Grand_Prix|RIC|55|fast,2022_Monaco_Grand_Prix,RIC,55,4860002.291,4860003.073,4860003.838,0.781,1.546,0.500,1,fast_local,redis_cache,0.765,overtake+pit_window
2022_Monaco_Grand_Prix|RIC|55|smart,2022_Monaco_Grand_Prix,RIC,55,4860002.291,4860313.812,4860470.712,311.520,468.420,0.500,1,smart_cloud,cassandra,156.900,overtake+pit_window
2022_Monaco_Grand_Prix|RUS|55|fast,2022_Monaco_Grand_Prix,RUS,55,4860003.114,4860010.725,4860011.490,7.612,8.377,0.150,0,fast_local,redis_cache,0.765,overtake+pit_window
2022_Monaco_Grand_Prix|RUS|55|smart,2022_Monaco_Grand_Prix,RUS,55,4860003.114,4861882.812,4862039.712,1879.698,2036.598,0.150,0,smart_cloud,cassandra,156.900,overtake+pit_window
2022_Monaco_Grand_Prix|SAI|55|fast,2022_Monaco_Grand_Prix,SAI,55,4860003.195,4860003.838,4860004.603,0.643,1.408,0.650,1,fast_local,redis_cache,0.765,overtake+pit_window
2022_Monaco_Grand_Prix|STR|55|fast,2022_Monaco_Grand_Prix,STR,55,4860003.754,4860007.664,4860008.429,3.910,4.675,0.300,0,fast_local,redis_cache,0.765,overtake+pit_window
2022_Monaco_Grand_Prix|STR|55|smart,2022_Monaco_Grand_Prix,STR,55,4860003.754,4861255.212,4861412.112,1251.457,1408.357,0.300,0,smart_cloud,cassandra,156.900,overtake+pit_window
2022_Monaco_Grand_Prix|TSU|55|fast,2022_Monaco_Grand_Prix,TSU,55,4860003.968,4860005.368,4860006.134,1.400,2.165,0.500,1,fast_local,redis_cache,0.765,overtake+pit_window
2022_Monaco_Grand_Prix|TSU|55|smart,2022_Monaco_Grand_Prix,TSU,55,4860003.968,4860470.712,4860627.612,466.743,623.643,0.500,1,smart_cloud,cassandra,156.900,overtake+pit_window
2022_Monaco_Grand_Prix|VER|55|fast,2022_Monaco_Grand_Prix,VER,55,4860003.972,4860004.603,4860005.368,0.631,1.396,0.650,1,fast_local,redis_cache,0.765,overtake+pit_window
2022_Monaco_Grand_Prix|VET|55|fast,2022_Monaco_Grand_Prix,VET,55,4860004.619,4860006.134,4860006.899,1.515,2.280,0.500,1,fast_local,redis_cache,0.765,overtake+pit_window
2022_Monaco_Grand_Prix|VET|55|smart,2022_Monaco_Grand_Prix,VET,55,4860004.619,4860627.612,4860784.512,622.993,779.893,0.500,1,smart_cloud,cassandra,156.900,overtake+pit_window
2022_Monaco_Grand_Prix|ZHO|55|fast,2022_Monaco_Grand_Prix,ZHO,55,4860004.967,4860011.490,4860012.256,6.523,7.289,0.150,0,fast_local,redis_cache,0.765,overtake+pit_window
2022_Monaco_Grand_Prix|ZHO|55|smart,2022_Monaco_Grand_Prix,ZHO,55,4860004.967,4862039.712,4862196.612,2034.745,2191.645,0.150,0,smart_cloud,cassandra,156.900,overtake+pit_window
2022_Monaco_Grand_Prix|ALO|56|fast,2022_Monaco_Grand_Prix,ALO,56,4950000.201,4950000.201,4950000.967,0.000,0.765,0.600,1,fast_local,redis_cache,0.765,caution+overtake+pit_window
2022_Monaco_Grand_Prix|BOT|56|fast,2022_Monaco_Grand_Prix,BOT,56,4950000.762,4950008.619,4950009.384,7.857,8.623,0.450,0,fast_local,redis_cache,0.765,caution+overtake+pit_window
2022_Monaco_Grand_Prix|BOT|56|smart,2022_Monaco_Grand_Prix,BOT,56,4950000.762,4950000.762,4950157.662,0.000,156.900,0.450,0,smart_cloud,cassandra,156.900,caution+overtake+pit_window
2022_Monaco_Grand_Prix|GAS|56|fast,2022_Monaco_Grand_Prix,GAS,56,4950000.886,4950000.967,4950001.732,0.080,0.846,0.600,1,fast_local,redis_cache,0.765,caution+overtake+pit_window
2022_Monaco_Grand_Prix|HAM|56|fast,2022_Monaco_Grand_Prix,HAM,56,4950001.596,4950001.732,4950002.497,0.136,0.901,0.650,1,fast_local,redis_cache,0.765,caution+overtake+pit_window
2022_Monaco_Grand_Prix|LAT|56|fast,2022_Monaco_Grand_Prix,LAT,56,4950001.714,4950011.680,4950012.445,9.966,10.732,0.300,0,fast_local,redis_cache,0.765,caution+overtake+pit_window
2022_Monaco_Grand_Prix|LAT|56|smart,2022_Monaco_Grand_Prix,LAT,56,4950001.714,4950942.162,4951099.062,940.448,1097.348,0.300,0,smart_cloud,cassandra,156.900,caution+overtake+pit_window
2022_Monaco_Grand_Prix|LEC|56|fast,2022_Monaco_Grand_Prix,LEC,56,4950001.965,4950002.497,4950003.262,0.532,1.298,0.600,1,fast_local,redis_cache,0.765,caution+overtake+pit_window
2022_Monaco_Grand_Prix|NOR|56|fast,2022_Monaco_Grand_Prix,NOR,56,4950002.248,4950012.445,4950013.211,10.197,10.962,0.300,0,fast_local,redis_cache,0.765,caution+overtake+pit_window
2022_Monaco_Grand_Prix|NOR|56|smart,2022_Monaco_Grand_Prix,NOR,56,4950002.248,4951099.062,4951255.962,1096.813,1253.713,0.300,0,smart_cloud,cassandra,156.900,caution+overtake+pit_window
2022_Monaco_Grand_Prix|OCO|56|fast,2022_Monaco_Grand_Prix,OCO,56,4950002.305,4950007.089,4950007.854,4.783,5.548,0.500,1,fast_local,redis_cache,0.765,caution+overtake+pit_window
2022_Monaco_Grand_Prix|OCO|56|smart,2022_Monaco_Grand_Prix,OCO,56,4950002.305,4950157.662,4950314.562,155.356,312.256,0.500,1,smart_cloud,cassandra,156.900,caution+overtake+pit_window
2022_Monaco_Grand_Prix|PER|56|fast,2022_Monaco_Grand_Prix,PER,56,4950002.364,4950007.854,4950008.619,5.490,6.255,0.500,1,fast_local,redis_cache,0.765,caution+overtake+pit_window
2022_Monaco_Grand_Prix|PER|56|smart,2022_Monaco_Grand_Prix,PER,56,4950002.364,4950314.562,4950471.462,312.198,469.098,0.500,1,smart_cloud,cassandra,156.900,caution+overtake+pit_window
2022_Monaco_Grand_Prix|RIC|56|fast,2022_Monaco_Grand_Prix,RIC,56,4950002.998,4950003.262,4950004.028,0.264,1.029,0.800,1,fast_local,redis_cache,0.765,caution+overtake+pit_window
2022_Monaco_Grand_Prix|RUS|56|fast,2022_Monaco_Grand_Prix,RUS,56,4950003.161,4950009.384,4950010.150,6.223,6.988,0.450,0,fast_local,redis_cache,0.765,caution+overtake+pit_window
2022_Monaco_Grand_Prix|RUS|56|smart,2022_Monaco_Grand_Prix,RUS,56,4950003.161,4950471.462,4950628.362,468.300,625.200,0.450,0,smart_cloud,cassandra,156.900,caution+overtake+pit_window
2022_Monaco_Grand_Prix|SAI|56|fast,2022_Monaco_Grand_Prix,SAI,56,4950003.300,4950004.028,4950004.793,0.728,1.493,0.650,1,fast_local,redis_cache,0.765,caution+overtake+pit_window
2022_Monaco_Grand_Prix|STR|56|fast,2022_Monaco_Grand_Prix,STR,56,4950003.390,4950006.323,4950007.089,2.933,3.698,0.600,1,fast_local,redis_cache,0.765,caution+overtake+pit_window
2022_Monaco_Grand_Prix|TSU|56|fast,2022_Monaco_Grand_Prix,TSU,56,4950003.631,4950010.150,4950010.915,6.519,7.284,0.450,0,fast_local,redis_cache,0.765,caution+overtake+pit_window
2022_Monaco_Grand_Prix|TSU|56|smart,2022_Monaco_Grand_Prix,TSU,56,4950003.631,4950628.362,4950785.262,624.731,781.631,0.450,0,smart_cloud,cassandra,156.900,caution+overtake+pit_window
2022_Monaco_Grand_Prix|VER|56|fast,2022_Monaco_Grand_Prix,VER,56,4950004.230,4950004.793,4950005.558,0.563,1.328,0.950,1,fast_local,redis_cache,0.765,caution+overtake+pit_window
2022_Monaco_Grand_Prix|VET|56|fast,2022_Monaco_Grand_Prix,VET,56,4950004.609,4950005.558,4950006.323,0.949,1.714,0.800,1,fast_local,redis_cache,0.765,caution+overtake+pit_window
2022_Monaco_Grand_Prix|ZHO|56|fast,2022_Monaco_Grand_Prix,ZHO,56,4950004.750,4950010.915,4950011.680,6.164,6.930,0.450,0,fast_local,redis_cache,0.765,caution+overtake+pit_window
2022_Monaco_Grand_Prix|ZHO|56|smart,2022_Monaco_Grand_Prix,ZHO,56,4950004.750,4950785.262,4950942.162,780.511,937.411,0.450,0,smart_cloud,cassandra,156.900,caution+overtake+pit_window
2022_Monaco_Grand_Prix|ALO|57|fast,2022_Monaco_Grand_Prix,ALO,57,5040001.512,5040001.512,5040002.278,0.000,0.765,0.500,1,fast_local,redis_cache,0.765,caution+overtake+pit_window
2022_Monaco_Grand_Prix|ALO|57|smart,2022_Monaco_Grand_Prix,ALO,57,5040001.512,5040001.512,5040158.412,0.000,156.900,0.500,1,smart_cloud,cassandra,156.900,caution+overtake+pit_window
2022_Monaco_Grand_Prix|BOT|57|fast,2022_Monaco_Grand_Prix,BOT,57,5040001.712,5040009.165,5040009.930,7.453,8.218,0.150,0,fast_local,redis_cache,0.765,caution+overtake+pit_window
2022_Monaco_Grand_Prix|BOT|57|smart,2022_Monaco_Grand_Prix,BOT,57,5040001.712,5040942.912,5041099.812,941.201,1098.101,0.150,0,smart_cloud,cassandra,156.900,caution+overtake+pit_window
2022_Monaco_Grand_Prix|GAS|57|fast,2022_Monaco_Grand_Prix,GAS,57,5040001.832,5040002.278,5040003.043,0.446,1.211,0.300,0,fast_local,redis_cache,0.765,caution+overtake+pit_window
2022_Monaco_Grand_Prix|GAS|57|smart,2022_Monaco_Grand_Prix,GAS,57,5040001.832,5040472.212,5040629.112,470.381,627.281,0.300,0,smart_cloud,cassandra,156.900,caution+overtake+pit_window
2022_Monaco_Grand_Prix|HAM|57|fast,2022_Monaco_Grand_Prix,HAM,57,5040002.016,5040007.634,5040008.400,5.619,6.384,0.300,0,fast_local,redis_cache,0.765,caution+overtake+pit_window
2022_Monaco_Grand_Prix|HAM|57|smart,2022_Monaco_Grand_Prix,HAM,57,5040002.016,5040629.112,5040786.012,627.097,783.997,0.300,0,smart_cloud,cassandra,156.900,caution+overtake+pit_window
2022_Monaco_Grand_Prix|LAT|57|fast,2022_Monaco_Grand_Prix,LAT,57,5040002.097,5040012.226,5040012.991,10.129,10.895,0.000,0,fast_local,redis_cache,0.765,caution+overtake+pit_window
2022_Monaco_Grand_Prix|LAT|57|smart,2022_Monaco_Grand_Prix,LAT,57,5040002.097,5041570.512,5041727.412,1568.416,1725.316,0.000,0,smart_cloud,cassandra,156.900,caution+overtake+pit_window
2022_Monaco_Grand_Prix|LEC|57|fast,2022_Monaco_Grand_Prix,LEC,57,5040002.545,5040003.043,5040003.808,0.498,1.263,0.600,1,fast_local,redis_cache,0.765,caution+overtake+pit_window
2022_Monaco_Grand_Prix|NOR|57|fast,2022_Monaco_Grand_Prix,NOR,57,5040002.657,5040012.991,5040013.756,10.334,11.099,0.000,0,fast_local,redis_cache,0.765,caution+overtake+pit_window
2022_Monaco_Grand_Prix|NOR|57|smart,2022_Monaco_Grand_Prix,NOR,57,5040002.657,5041727.412,5041884.312,1724.755,1881.655,0.000,0,smart_cloud,cassandra,156.900,caution+overtake+pit_window
2022_Monaco_Grand_Prix|OCO|57|fast,2022_Monaco_Grand_Prix,OCO,57,5040002.809,5040009.930,5040010.695,7.121,7.886,0.150,0,fast_local,redis_cache,0.765,caution+overtake+pit_window
2022_Monaco_Grand_Prix|OCO|57|smart,2022_Monaco_Grand_Prix,OCO,57,5040002.809,5041099.812,5041256.712,1097.003,1253.903,0.150,0,smart_cloud,cassandra,156.900,caution+overtake+pit_window
2022_Monaco_Grand_Prix|PER|57|fast,2022_Monaco_Grand_Prix,PER,57,5040003.235,5040005.339,5040006.104,2.103,2.869,0.800,1,fast_local,redis_cache,0.765,caution+overtake+pit_window
2022_Monaco_Grand_Prix|RIC|57|fast,2022_Monaco_Grand_Prix,RIC,57,5040003.300,5040006.104,5040006.869,2.804,3.569,0.500,1,fast_local,redis_cache,0.765,caution+overtake+pit_window
2022_Monaco_Grand_Prix|RIC|57|smart,2022_Monaco_Grand_Prix,RIC,57,5040003.300,5040158.412,5040315.312,155.112,312.012,0.500,1,smart_cloud,cassandra,156.900,caution+overtake+pit_window
2022_Monaco_Grand_Prix|RUS|57|fast,2022_Monaco_Grand_Prix,RUS,57,5040003.599,5040010.695,5040011.461,7.097,7.862,0.150,0,fast_local,redis_cache,0.765,caution+overtake+pit_window
2022_Monaco_Grand_Prix|RUS|57|smart,2022_Monaco_Grand_Prix,RUS,57,5040003.599,5041256.712,5041413.612,1253.113,1410.013,0.150,0,smart_cloud,cassandra,156.900,caution+overtake+pit_window
2022_Monaco_Grand_Prix|SAI|57|fast,2022_Monaco_Grand_Prix,SAI,57,5040003.693,5040003.808,5040004.573,0.116,0.881,0.950,1,fast_local,redis_cache,0.765,caution+overtake+pit_window
2022_Monaco_Grand_Prix|STR|57|fast,2022_Monaco_Grand_Prix,STR,57,5040003.748,5040008.400,5040009.165,4.652,5.417,0.300,0,fast_local,redis_cache,0.765,caution+overtake+pit_window
2022_Monaco_Grand_Prix|STR|57|smart,2022_Monaco_Grand_Prix,STR,57,5040003.748,5040786.012,5040942.912,782.264,939.164,0.300,0,smart_cloud,cassandra,156.900,caution+overtake+pit_window
2022_Monaco_Grand_Prix|TSU|57|fast,2022_Monaco_Grand_Prix,TSU,57,5040004.462,5040013.756,5040014.522,9.294,10.059,0.000,0,fast_local,redis_cache,0.765,caution+overtake+pit_window
2022_Monaco_Grand_Prix|TSU|57|smart,2022_Monaco_Grand_Prix,TSU,57,5040004.462,5041884.312,5042041.212,1879.850,2036.750,0.000,0,smart_cloud,cassandra,156.900,caution+overtake+pit_window
2022_Monaco_Grand_Prix|VER|57|fast,2022_Monaco_Grand_Prix,VER,57,5040004.535,5040004.573,5040005.339,0.038,0.803,0.950,1,fast_local,redis_cache,0.765,caution+overtake+pit_window
2022_Monaco_Grand_Prix|VET|57|fast,2022_Monaco_Grand_Prix,VET,57,5040004.738,5040006.869,5040007.634,2.131,2.897,0.500,1,fast_local,redis_cache,0.765,caution+overtake+pit_window
2022_Monaco_Grand_Prix|VET|57|smart,2022_Monaco_Grand_Prix,VET,57,5040004.738,5040315.312,5040472.212,310.575,467.475,0.500,1,smart_cloud,cassandra,156.900,caution+overtake+pit_window
2022_Monaco_Grand_Prix|ZHO|57|fast,2022_Monaco_Grand_Prix,ZHO,57,5040004.959,5040011.461,5040012.226,6.502,7.267,0.150,0,fast_local,redis_cache,0.765,caution+overtake+pit_window
2022_Monaco_Grand_Prix|ZHO|57|smart,2022_Monaco_Grand_Prix,ZHO,57,5040004.959,5041413.612,5041570.512,1408.653,1565.553,0.150,0,smart_cloud,cassandra,156.900,caution+overtake+pit_window
2022_Monaco_Grand_Prix|ALO|58|fast,2022_Monaco_Grand_Prix,ALO,58,5130000.099,5130000.099,5130000.864,0.000,0.765,0.500,1,fast_local,redis_cache,0.765,overtake+pit_window
2022_Monaco_Grand_Prix|ALO|58|smart,2022_Monaco_Grand_Prix,ALO,58,5130000.099,5130000.099,5130156.999,0.000,156.900,0.500,1,smart_cloud,cassandra,156.900,overtake+pit_window
2022_Monaco_Grand_Prix|BOT|58|fast,2022_Monaco_Grand_Prix,BOT,58,5130000.459,5130007.751,5130008.517,7.293,8.058,0.150,0,fast_local,redis_cache,0.765,overtake+pit_window
2022_Monaco_Grand_Prix|BOT|58|smart,2022_Monaco_Grand_Prix,BOT,58,5130000.459,5131255.299,5131412.199,1254.840,1411.740,0.150,0,smart_cloud,cassandra,156.900,overtake+pit_window
2022_Monaco_Grand_Prix|GAS|58|fast,2022_Monaco_Grand_Prix,GAS,58,5130000.629,5130000.864,5130001.629,0.235,1.000,0.300,0,fast_local,redis_cache,0.765,overtake+pit_window
2022_Monaco_Grand_Prix|GAS|58|smart,2022_Monaco_Grand_Prix,GAS,58,5130000.629,5130627.699,5130784.599,627.070,783.970,0.300,0,smart_cloud,cassandra,156.900,overtake+pit_window
2022_Monaco_Grand_Prix|HAM|58|fast,2022_Monaco_Grand_Prix,HAM,58,5130000.647,5130001.629,5130002.395,0.983,1.748,0.300,0,fast_local,redis_cache,0.765,overtake+pit_window
2022_Monaco_Grand_Prix|HAM|58|smart,2022_Monaco_Grand_Prix,HAM,58,5130000.647,5130784.599,5130941.499,783.952,940.852,0.300,0,smart_cloud,cassandra,156.900,overtake+pit_window
2022_Monaco_Grand_Prix|LAT|58|fast,2022_Monaco_Grand_Prix,LAT,58,5130000.693,5130010.812,5130011.578,10.119,10.884,0.000,0,fast_local,redis_cache,0.765,overtake+pit_window
2022_Monaco_Grand_Prix|LAT|58|smart,2022_Monaco_Grand_Prix,LAT,58,5130000.693,5131882.899,5132039.799,1882.206,2039.106,0.000,0,smart_cloud,cassandra,156.900,overtake+pit_window
2022_Monaco_Grand_Prix|LEC|58|fast,2022_Monaco_Grand_Prix,LEC,58,5130000.989,5130006.221,5130006.986,5.232,5.997,0.300,0,fast_local,redis_cache,0.765,overtake+pit_window
2022_Monaco_Grand_Prix|LEC|58|smart,2022_Monaco_Grand_Prix,LEC,58,5130000.989,5130941.499,5131098.399,940.510,1097.410,0.300,0,smart_cloud,cassandra,156.900,overtake+pit_window
2022_Monaco_Grand_Prix|NOR|58|fast,2022_Monaco_Grand_Prix,NOR,58,5130001.233,5130011.578,5130012.343,10.344,11.109,0.000,0,fast_local,redis_cache,0.765,overtake+pit_window
2022_Monaco_Grand_Prix|NOR|58|smart,2022_Monaco_Grand_Prix,NOR,58,5130001.233,5132039.799,5132196.699,2038.565,2195.465,0.000,0,smart_cloud,cassandra,156.900,overtake+pit_window
2022_Monaco_Grand_Prix|OCO|58|fast,2022_Monaco_Grand_Prix,OCO,58,5130001.376,5130008.517,5130009.282,7.141,7.906,0.150,0,fast_local,redis_cache,0.765,overtake+pit_window
2022_Monaco_Grand_Prix|OCO|58|smart,2022_Monaco_Grand_Prix,OCO,58,5130001.376,5131412.199,5131569.099,1410.823,1567.723,0.150,0,smart_cloud,cassandra,156.900,overtake+pit_window
2022_Monaco_Grand_Prix|PER|58|fast,2022_Monaco_Grand_Prix,PER,58,5130001.633,5130002.395,5130003.160,0.762,1.527,0.500,1,fast_local,redis_cache,0.765,overtake+pit_window
2022_Monaco_Grand_Prix|PER|58|smart,2022_Monaco_Grand_Prix,PER,58,5130001.633,5130156.999,5130313.899,155.366,312.266,0.500,1,smart_cloud,cassandra,156.900,overtake+pit_window
2022_Monaco_Grand_Prix|RIC|58|fast,2022_Monaco_Grand_Prix,RIC,58,5130002.041,5130003.160,5130003.925,1.119,1.884,0.500,1,fast_local,redis_cache,0.765,overtake+pit_window
2022_Monaco_Grand_Prix|RIC|58|smart,2022_Monaco_Grand_Prix,RIC,58,5130002.041,5130313.899,5130470.799,311.858,468.758,0.500,1,smart_cloud,cassandra,156.900,overtake+pit_window
2022_Monaco_Grand_Prix|RUS|58|fast,2022_Monaco_Grand_Prix,RUS,58,5130002.200,5130009.282,5130010.047,7.082,7.847,0.150,0,fast_local,redis_cache,0.765,overtake+pit_window
2022_Monaco_Grand_Prix|RUS|58|smart,2022_Monaco_Grand_Prix,RUS,58,5130002.200,5131569.099,5131725.999,1566.899,1723.799,0.150,0,smart_cloud,cassandra,156.900,overtake+pit_window
2022_Monaco_Grand_Prix|SAI|58|fast,2022_Monaco_Grand_Prix,SAI,58,5130003.278,5130003.925,5130004.690,0.647,1.413,0.650,1,fast_local,redis_cache,0.765,overtake+pit_window
2022_Monaco_Grand_Prix|STR|58|fast,2022_Monaco_Grand_Prix,STR,58,5130003.315,5130006.986,5130007.751,3.672,4.437,0.300,0,fast_local,redis_cache,0.765,overtake+pit_window
2022_Monaco_Grand_Prix|STR|58|smart,2022_Monaco_Grand_Prix,STR,58,5130003.315,5131098.399,5131255.299,1095.084,1251.984,0.300,0,smart_cloud,cassandra,156.900,overtake+pit_window
2022_Monaco_Grand_Prix|TSU|58|fast,2022_Monaco_Grand_Prix,TSU,58,5130003.337,5130012.343,5130013.108,9.005,9.771,0.000,0,fast_local,redis_cache,0.765,overtake+pit_window
2022_Monaco_Grand_Prix|TSU|58|smart,2022_Monaco_Grand_Prix,TSU,58,5130003.337,5132196.699,5132353.599,2193.361,2350.261,0.000,0,smart_cloud,cassandra,156.900,overtake+pit_window
2022_Monaco_Grand_Prix|VER|58|fast,2022_Monaco_Grand_Prix,VER,58,5130003.339,5130004.690,5130005.456,1.351,2.116,0.650,1,fast_local,redis_cache,0.765,overtake+pit_window
2022_Monaco_Grand_Prix|VET|58|fast,2022_Monaco_Grand_Prix,VET,58,5130003.891,5130005.456,5130006.221,1.565,2.330,0.500,1,fast_local,redis_cache,0.765,overtake+pit_window
2022_Monaco_Grand_Prix|VET|58|smart,2022_Monaco_Grand_Prix,VET,58,5130003.891,5130470.799,5130627.699,466.908,623.808,0.500,1,smart_cloud,cassandra,156.900,overtake+pit_window
2022_Monaco_Grand_Prix|ZHO|58|fast,2022_Monaco_Grand_Prix,ZHO,58,5130004.303,5130010.047,5130010.812,5.744,6.509,0.150,0,fast_local,redis_cache,0.765,overtake+pit_window
2022_Monaco_Grand_Prix|ZHO|58|smart,2022_Monaco_Grand_Prix,ZHO,58,5130004.303,5131725.999,5131882.899,1721.696,1878.596,0.150,0,smart_cloud,cassandra,156.900,overtake+pit_window
2022_Monaco_Grand_Prix|ALO|59|fast,2022_Monaco_Grand_Prix,ALO,59,5220000.116,5220000.116,5220000.881,0.000,0.765,0.600,1,fast_local,redis_cache,0.765,caution+overtake+pit_window
2022_Monaco_Grand_Prix|BOT|59|fast,2022_Monaco_Grand_Prix,BOT,59,5220001.013,5220001.013,5220001.778,0.000,0.765,0.450,0,fast_local,redis_cache,0.765,caution+overtake+pit_window
2022_Monaco_Grand_Prix|BOT|59|smart,2022_Monaco_Grand_Prix,BOT,59,5220001.013,5220001.013,5220157.913,0.000,156.900,0.450,0,smart_cloud,cassandra,156.900,caution+overtake+pit_window
2022_Monaco_Grand_Prix|GAS|59|fast,2022_Monaco_Grand_Prix,GAS,59,5220001.276,5220001.778,5220002.543,0.502,1.268,0.600,1,fast_local,redis_cache,0.765,caution+overtake+pit_window
2022_Monaco_Grand_Prix|HAM|59|fast,2022_Monaco_Grand_Prix,HAM,59,5220001.418,5220002.543,5220003.308,1.126,1.891,0.500,1,fast_local,redis_cache,0.765,caution+overtake+pit_window
2022_Monaco_Grand_Prix|HAM|59|smart,2022_Monaco_Grand_Prix,HAM,59,5220001.418,5220157.913,5220314.813,156.495,313.395,0.500,1,smart_cloud,cassandra,156.900,caution+overtake+pit_window
2022_Monaco_Grand_Prix|LAT|59|fast,2022_Monaco_Grand_Prix,LAT,59,5220001.602,5220009.430,5220010.196,7.828,8.593,0.300,0,fast_local,redis_cache,0.765,caution+overtake+pit_window
2022_Monaco_Grand_Prix|LAT|59|smart,2022_Monaco_Grand_Prix,LAT,59,5220001.602,5220785.513,5220942.413,783.910,940.810,0.300,0,smart_cloud,cassandra,156.900,caution+overtake+pit_window
2022_Monaco_Grand_Prix|LEC|59|fast,2022_Monaco_Grand_Prix,LEC,59,5220001.998,5220010.196,5220010.961,8.197,8.962,0.300,0,fast_local,redis_cache,0.765,caution+overtake+pit_window
2022_Monaco_Grand_Prix|LEC|59|smart,2022_Monaco_Grand_Prix,LEC,59,5220001.998,5220942.413,5221099.313,940.414,1097.314,0.300,0,smart_cloud,cassandra,156.900,caution+overtake+pit_window
2022_Monaco_Grand_Prix|NOR|59|fast,2022_Monaco_Grand_Prix,NOR,59,5220002.000,5220012.491,5220013.257,10.491,11.256,0.000,0,fast_local,redis_cache,0.765,caution+overtake+pit_window
2022_Monaco_Grand_Prix|NOR|59|smart,2022_Monaco_Grand_Prix,NOR,59,5220002.000,5221413.113,5221570.013,1411.112,1568.012,0.000,0,smart_cloud,cassandra,156.900,caution+overtake+pit_window
2022_Monaco_Grand_Prix|OCO|59|fast,2022_Monaco_Grand_Prix,OCO,59,5220002.710,5220007.900,5220008.665,5.189,5.955,0.450,0,fast_local,redis_cache,0.765,caution+overtake+pit_window
2022_Monaco_Grand_Prix|OCO|59|smart,2022_Monaco_Grand_Prix,OCO,59,5220002.710,5220471.713,5220628.613,469.002,625.902,0.450,0,smart_cloud,cassandra,156.900,caution+overtake+pit_window
2022_Monaco_Grand_Prix|PER|59|fast,2022_Monaco_Grand_Prix,PER,59,5220003.050,5220007.135,5220007.900,4.084,4.850,0.500,1,fast_local,redis_cache,0.765,caution+overtake+pit_window
2022_Monaco_Grand_Prix|PER|59|smart,2022_Monaco_Grand_Prix,PER,59,5220003.050,5220314.813,5220471.713,311.762,468.662,0.500,1,smart_cloud,cassandra,156.900,caution+overtake+pit_window
2022_Monaco_Grand_Prix|RIC|59|fast,2022_Monaco_Grand_Prix,RIC,59,5220003.127,5220003.308,5220004.074,0.181,0.946,0.800,1,fast_local,redis_cache,0.765,caution+overtake+pit_window
2022_Monaco_Grand_Prix|RUS|59|fast,2022_Monaco_Grand_Prix,RUS,59,5220003.374,5220011.726,5220012.491,8.352,9.118,0.150,0,fast_local,redis_cache,0.765,caution+overtake+pit_window
2022_Monaco_Grand_Prix|RUS|59|smart,2022_Monaco_Grand_Prix,RUS,59,5220003.374,5221256.213,5221413.113,1252.839,1409.739,0.150,0,smart_cloud,cassandra,156.900,caution+overtake+pit_window
2022_Monaco_Grand_Prix|SAI|59|fast,2022_Monaco_Grand_Prix,SAI,59,5220003.427,5220004.074,5220004.839,0.646,1.412,0.650,1,fast_local,redis_cache,0.765,caution+overtake+pit_window
2022_Monaco_Grand_Prix|STR|59|fast,2022_Monaco_Grand_Prix,STR,59,5220003.507,5220006.369,5220007.135,2.862,3.628,0.600,1,fast_local,redis_cache,0.765,caution+overtake+pit_window
2022_Monaco_Grand_Prix|TSU|59|fast,2022_Monaco_Grand_Prix,TSU,59,5220004.376,5220010.961,5220011.726,6.585,7.351,0.300,0,fast_local,redis_cache,0.765,caution+overtake+pit_window
2022_Monaco_Grand_Prix|TSU|59|smart,2022_Monaco_Grand_Prix,TSU,59,5220004.376,5221099.313,5221256.213,1094.937,1251.837,0.300,0,smart_cloud,cassandra,156.900,caution+overtake+pit_window
2022_Monaco_Grand_Prix|VER|59|fast,2022_Monaco_Grand_Prix,VER,59,5220004.552,5220005.604,5220006.369,1.052,1.818,0.650,1,fast_local,redis_cache,0.765,caution+overtake+pit_window
2022_Monaco_Grand_Prix|VET|59|fast,2022_Monaco_Grand_Prix,VET,59,5220004.765,5220004.839,5220005.604,0.074,0.840,0.800,1,fast_local,redis_cache,0.765,caution+overtake+pit_window
2022_Monaco_Grand_Prix|ZHO|59|fast,2022_Monaco_Grand_Prix,ZHO,59,5220004.881,5220008.665,5220009.430,3.784,4.550,0.450,0,fast_local,redis_cache,0.765,caution+overtake+pit_window
2022_Monaco_Grand_Prix|ZHO|59|smart,2022_Monaco_Grand_Prix,ZHO,59,5220004.881,5220628.613,5220785.513,623.732,780.632,0.450,0,smart_cloud,cassandra,156.900,caution+overtake+pit_window
2022_Monaco_Grand_Prix|ALO|60|fast,2022_Monaco_Grand_Prix,ALO,60,5310001.221,5310001.221,5310001.986,0.000,0.765,0.300,0,fast_local,redis_cache,0.765,caution+overtake+pit_window
2022_Monaco_Grand_Prix|ALO|60|smart,2022_Monaco_Grand_Prix,ALO,60,5310001.221,5310001.221,5310158.121,0.000,156.900,0.300,0,smart_cloud,cassandra,156.900,caution+overtake+pit_window
2022_Monaco_Grand_Prix|BOT|60|fast,2022_Monaco_Grand_Prix,BOT,60,5310001.611,5310010.404,5310011.169,8.793,9.558,0.150,0,fast_local,redis_cache,0.765,caution+overtake+pit_window
2022_Monaco_Grand_Prix|BOT|60|smart,2022_Monaco_Grand_Prix,BOT,60,5310001.611,5311256.421,5311413.321,1254.810,1411.710,0.150,0,smart_cloud,cassandra,156.900,caution+overtake+pit_window
2022_Monaco_Grand_Prix|GAS|60|fast,2022_Monaco_Grand_Prix,GAS,60,5310001.671,5310001.986,5310002.752,0.316,1.081,0.300,0,fast_local,redis_cache,0.765,caution+overtake+pit_window
2022_Monaco_Grand_Prix|GAS|60|smart,2022_Monaco_Grand_Prix,GAS,60,5310001.671,5310628.821,5310785.721,627.150,784.050,0.300,0,smart_cloud,cassandra,156.900,caution+overtake+pit_window
2022_Monaco_Grand_Prix|HAM|60|fast,2022_Monaco_Grand_Prix,HAM,60,5310002.220,5310009.639,5310010.404,7.419,8.184,0.200,0,fast_local,redis_cache,0.765,caution+overtake+pit_window
2022_Monaco_Grand_Prix|HAM|60|smart,2022_Monaco_Grand_Prix,HAM,60,5310002.220,5311099.521,5311256.421,1097.301,1254.201,0.200,0,smart_cloud,cassandra,156.900,caution+overtake+pit_window
2022_Monaco_Grand_Prix|LAT|60|fast,2022_Monaco_Grand_Prix,LAT,60,5310002.449,5310012.700,5310013.465,10.251,11.016,0.000,0,fast_local,redis_cache,0.765,caution+overtake+pit_window
2022_Monaco_Grand_Prix|LAT|60|smart,2022_Monaco_Grand_Prix,LAT,60,5310002.449,5311727.121,5311884.021,1724.672,1881.572,0.000,0,smart_cloud,cassandra,156.900,caution+overtake+pit_window
2022_Monaco_Grand_Prix|LEC|60|fast,2022_Monaco_Grand_Prix,LEC,60,5310002.723,5310002.752,5310003.517,0.029,0.794,0.600,1,fast_local,redis_cache,0.765,caution+overtake+pit_window
2022_Monaco_Grand_Prix|NOR|60|fast,2022_Monaco_Grand_Prix,NOR,60,5310003.051,5310003.517,5310004.282,0.466,1.231,0.300,0,fast_local,redis_cache,0.765,caution+overtake+pit_window
2022_Monaco_Grand_Prix|NOR|60|smart,2022_Monaco_Grand_Prix,NOR,60,5310003.051,5310785.721,5310942.621,782.670,939.570,0.300,0,smart_cloud,cassandra,156.900,caution+overtake+pit_window
2022_Monaco_Grand_Prix|OCO|60|fast,2022_Monaco_Grand_Prix,OCO,60,5310003.161,5310011.169,5310011.935,8.008,8.774,0.150,0,fast_local,redis_cache,0.765,caution+overtake+pit_window
2022_Monaco_Grand_Prix|OCO|60|smart,2022_Monaco_Grand_Prix,OCO,60,5310003.161,5311413.321,5311570.221,1410.160,1567.060,0.150,0,smart_cloud,cassandra,156.900,caution+overtake+pit_window
2022_Monaco_Grand_Prix|PER|60|fast,2022_Monaco_Grand_Prix,PER,60,5310003.725,5310005.813,5310006.578,2.088,2.853,0.800,1,fast_local,redis_cache,0.765,caution+overtake+pit_window
2022_Monaco_Grand_Prix|RIC|60|fast,2022_Monaco_Grand_Prix,RIC,60,5310003.813,5310006.578,5310007.343,2.765,3.530,0.500,1,fast_local,redis_cache,0.765,caution+overtake+pit_window
2022_Monaco_Grand_Prix|RIC|60|smart,2022_Monaco_Grand_Prix,RIC,60,5310003.813,5310158.121,5310315.021,154.308,311.208,0.500,1,smart_cloud,cassandra,156.900,caution+overtake+pit_window
2022_Monaco_Grand_Prix|RUS|60|fast,2022_Monaco_Grand_Prix,RUS,60,5310003.823,5310008.108,5310008.874,4.285,5.050,0.450,0,fast_local,redis_cache,0.765,caution+overtake+pit_window
2022_Monaco_Grand_Prix|RUS|60|smart,2022_Monaco_Grand_Prix,RUS,60,5310003.823,5310471.921,5310628.821,468.098,624.998,0.450,0,smart_cloud,cassandra,156.900,caution+overtake+pit_window
2022_Monaco_Grand_Prix|SAI|60|fast,2022_Monaco_Grand_Prix,SAI,60,5310004.217,5310004.282,5310005.047,0.065,0.831,0.950,1,fast_local,redis_cache,0.765,caution+overtake+pit_window
2022_Monaco_Grand_Prix|STR|60|fast,2022_Monaco_Grand_Prix,STR,60,5310004.270,5310008.874,5310009.639,4.604,5.369,0.300,0,fast_local,redis_cache,0.765,caution+overtake+pit_window
2022_Monaco_Grand_Prix|STR|60|smart,2022_Monaco_Grand_Prix,STR,60,5310004.270,5310942.621,5311099.521,938.351,1095.251,0.300,0,smart_cloud,cassandra,156.900,caution+overtake+pit_window
2022_Monaco_Grand_Prix|TSU|60|fast,2022_Monaco_Grand_Prix,TSU,60,5310004.563,5310013.465,5310014.230,8.902,9.667,0.000,0,fast_local,redis_cache,0.765,caution+overtake+pit_window
2022_Monaco_Grand_Prix|TSU|60|smart,2022_Monaco_Grand_Prix,TSU,60,5310004.563,5311884.021,5312040.921,1879.458,2036.358,0.000,0,smart_cloud,cassandra,156.900,caution+overtake+pit_window
2022_Monaco_Grand_Prix|VER|60|fast,2022_Monaco_Grand_Prix,VER,60,5310004.619,5310005.047,5310005.813,0.428,1.193,0.950,1,fast_local,redis_cache,0.765,caution+overtake+pit_window
2022_Monaco_Grand_Prix|VET|60|fast,2022_Monaco_Grand_Prix,VET,60,5310004.680,5310007.343,5310008.108,2.663,3.429,0.500,1,fast_local,redis_cache,0.765,caution+overtake+pit_window
2022_Monaco_Grand_Prix|VET|60|smart,2022_Monaco_Grand_Prix,VET,60,5310004.680,5310315.021,5310471.921,310.341,467.241,0.500,1,smart_cloud,cassandra,156.900,caution+overtake+pit_window
2022_Monaco_Grand_Prix|ZHO|60|fast,2022_Monaco_Grand_Prix,ZHO,60,5310004.891,5310011.935,5310012.700,7.044,7.809,0.150,0,fast_local,redis_cache,0.765,caution+overtake+pit_window
2022_Monaco_Grand_Prix|ZHO|60|smart,2022_Monaco_Grand_Prix,ZHO,60,5310004.891,5311570.221,5311727.121,1565.330,1722.230,0.150,0,smart_cloud,cassandra,156.900,caution+overtake+pit_window
2022_Monaco_Grand_Prix|ALO|61|fast,2022_Monaco_Grand_Prix,ALO,61,5400000.038,5400000.038,5400000.803,0.000,0.765,0.150,0,fast_local,redis_cache,0.765,overtake+pit_window
2022_Monaco_Grand_Prix|ALO|61|smart,2022_Monaco_Grand_Prix,ALO,61,5400000.038,5400000.038,5400156.938,0.000,156.900,0.150,0,smart_cloud,cassandra,156.900,overtake+pit_window
2022_Monaco_Grand_Prix|BOT|61|fast,2022_Monaco_Grand_Prix,BOT,61,5400000.692,5400000.803,5400001.568,0.111,0.876,0.150,0,fast_local,redis_cache,0.765,overtake+pit_window
2022_Monaco_Grand_Prix|BOT|61|smart,2022_Monaco_Grand_Prix,BOT,61,5400000.692,5401098.338,5401255.238,1097.646,1254.546,0.150,0,smart_cloud,cassandra,156.900,overtake+pit_window
2022_Monaco_Grand_Prix|GAS|61|fast,2022_Monaco_Grand_Prix,GAS,61,5400000.838,5400001.568,5400002.333,0.730,1.495,0.300,0,fast_local,redis_cache,0.765,overtake+pit_window
2022_Monaco_Grand_Prix|GAS|61|smart,2022_Monaco_Grand_Prix,GAS,61,5400000.838,5400627.638,5400784.538,626.799,783.699,0.300,0,smart_cloud,cassandra,156.900,overtake+pit_window
2022_Monaco_Grand_Prix|HAM|61|fast,2022_Monaco_Grand_Prix,HAM,61,5400001.094,5400007.690,5400008.455,6.596,7.361,0.150,0,fast_local,redis_cache,0.765,overtake+pit_window
2022_Monaco_Grand_Prix|HAM|61|smart,2022_Monaco_Grand_Prix,HAM,61,5400001.094,5401255.238,5401412.138,1254.143,1411.043,0.150,0,smart_cloud,cassandra,156.900,overtake+pit_window
2022_Monaco_Grand_Prix|LAT|61|fast,2022_Monaco_Grand_Prix,LAT,61,5400001.201,5400010.751,5400011.516,9.550,10.315,0.000,0,fast_local,redis_cache,0.765,overtake+pit_window
2022_Monaco_Grand_Prix|LAT|61|smart,2022_Monaco_Grand_Prix,LAT,61,5400001.201,5401882.838,5402039.738,1881.636,2038.536,0.000,0,smart_cloud,cassandra,156.900,overtake+pit_window
2022_Monaco_Grand_Prix|LEC|61|fast,2022_Monaco_Grand_Prix,LEC,61,5400001.289,5400006.160,5400006.925,4.871,5.636,0.300,0,fast_local,redis_cache,0.765,overtake+pit_window
2022_Monaco_Grand_Prix|LEC|61|smart,2022_Monaco_Grand_Prix,LEC,61,5400001.289,5400784.538,5400941.438,783.248,940.148,0.300,0,smart_cloud,cassandra,156.900,overtake+pit_window
2022_Monaco_Grand_Prix|NOR|61|fast,2022_Monaco_Grand_Prix,NOR,61,5400001.447,5400011.516,5400012.282,10.070,10.835,0.000,0,fast_local,redis_cache,0.765,overtake+pit_window
2022_Monaco_Grand_Prix|NOR|61|smart,2022_Monaco_Grand_Prix,NOR,61,5400001.447,5402039.738,5402196.638,2038.291,2195.191,0.000,0,smart_cloud,cassandra,156.900,overtake+pit_window
2022_Monaco_Grand_Prix|OCO|61|fast,2022_Monaco_Grand_Prix,OCO,61,5400001.681,5400008.455,5400009.221,6.775,7.540,0.150,0,fast_local,redis_cache,0.765,overtake+pit_window
2022_Monaco_Grand_Prix|OCO|61|smart,2022_Monaco_Grand_Prix,OCO,61,5400001.681,5401412.138,5401569.038,1410.457,1567.357,0.150,0,smart_cloud,cassandra,156.900,overtake+pit_window
2022_Monaco_Grand_Prix|PER|61|fast,2022_Monaco_Grand_Prix,PER,61,5400002.050,5400002.333,5400003.099,0.283,1.049,0.500,1,fast_local,redis_cache,0.765,overtake+pit_window
2022_Monaco_Grand_Prix|PER|61|smart,2022_Monaco_Grand_Prix,PER,61,5400002.050,5400156.938,5400313.838,154.888,311.788,0.500,1,smart_cloud,cassandra,156.900,overtake+pit_window
2022_Monaco_Grand_Prix|RIC|61|fast,2022_Monaco_Grand_Prix,RIC,61,5400002.282,5400003.864,5400004.629,1.582,2.347,0.500,1,fast_local,redis_cache,0.765,overtake+pit_window
2022_Monaco_Grand_Prix|RIC|61|smart,2022_Monaco_Grand_Prix,RIC,61,5400002.282,5400313.838,5400470.738,311.555,468.455,0.500,1,smart_cloud,cassandra,156.900,overtake+pit_window
2022_Monaco_Grand_Prix|RUS|61|fast,2022_Monaco_Grand_Prix,RUS,61,5400002.403,5400009.221,5400009.986,6.818,7.583,0.150,0,fast_local,redis_cache,0.765,overtake+pit_window
2022_Monaco_Grand_Prix|RUS|61|smart,2022_Monaco_Grand_Prix,RUS,61,5400002.403,5401569.038,5401725.938,1566.634,1723.534,0.150,0,smart_cloud,cassandra,156.900,overtake+pit_window
2022_Monaco_Grand_Prix|SAI|61|fast,2022_Monaco_Grand_Prix,SAI,61,5400002.930,5400003.099,5400003.864,0.169,0.934,0.650,1,fast_local,redis_cache,0.765,overtake+pit_window
2022_Monaco_Grand_Prix|STR|61|fast,2022_Monaco_Grand_Prix,STR,61,5400003.224,5400006.925,5400007.690,3.701,4.466,0.300,0,fast_local,redis_cache,0.765,overtake+pit_window
2022_Monaco_Grand_Prix|STR|61|smart,2022_Monaco_Grand_Prix,STR,61,5400003.224,5400941.438,5401098.338,938.213,1095.113,0.300,0,smart_cloud,cassandra,156.900,overtake+pit_window
2022_Monaco_Grand_Prix|TSU|61|fast,2022_Monaco_Grand_Prix,TSU,61,5400003.988,5400012.282,5400013.047,8.294,9.059,0.000,0,fast_local,redis_cache,0.765,overtake+pit_window
2022_Monaco_Grand_Prix|TSU|61|smart,2022_Monaco_Grand_Prix,TSU,61,5400003.988,5402196.638,5402353.538,2192.650,2349.550,0.000,0,smart_cloud,cassandra,156.900,overtake+pit_window
2022_Monaco_Grand_Prix|VER|61|fast,2022_Monaco_Grand_Prix,VER,61,5400004.080,5400004.629,5400005.394,0.549,1.314,0.650,1,fast_local,redis_cache,0.765,overtake+pit_window
2022_Monaco_Grand_Prix|VET|61|fast,2022_Monaco_Grand_Prix,VET,61,5400004.196,5400005.394,5400006.160,1.198,1.964,0.500,1,fast_local,redis_cache,0.765,overtake+pit_window
2022_Monaco_Grand_Prix|VET|61|smart,2022_Monaco_Grand_Prix,VET,61,5400004.196,5400470.738,5400627.638,466.542,623.442,0.500,1,smart_cloud,cassandra,156.900,overtake+pit_window
2022_Monaco_Grand_Prix|ZHO|61|fast,2022_Monaco_Grand_Prix,ZHO,61,5400004.303,5400009.986,5400010.751,5.683,6.448,0.150,0,fast_local,redis_cache,0.765,overtake+pit_window
2022_Monaco_Grand_Prix|ZHO|61|smart,2022_Monaco_Grand_Prix,ZHO,61,5400004.303,5401725.938,5401882.838,1721.635,1878.535,0.150,0,smart_cloud,cassandra,156.900,overtake+pit_window
2022_Monaco_Grand_Prix|ALO|62|fast,2022_Monaco_Grand_Prix,ALO,62,5490000.348,5490000.348,5490001.113,0.000,0.765,0.150,0,fast_local,redis_cache,0.765,overtake+pit_window
2022_Monaco_Grand_Prix|ALO|62|smart,2022_Monaco_Grand_Prix,ALO,62,5490000.348,5490000.348,5490157.248,0.000,156.900,0.150,0,smart_cloud,cassandra,156.900,overtake+pit_window
2022_Monaco_Grand_Prix|BOT|62|fast,2022_Monaco_Grand_Prix,BOT,62,5490000.559,5490008.001,5490008.766,7.441,8.207,0.150,0,fast_local,redis_cache,0.765,overtake+pit_window
2022_Monaco_Grand_Prix|BOT|62|smart,2022_Monaco_Grand_Prix,BOT,62,5490000.559,5491255.548,5491412.448,1254.989,1411.889,0.150,0,smart_cloud,cassandra,156.900,overtake+pit_window
2022_Monaco_Grand_Prix|GAS|62|fast,2022_Monaco_Grand_Prix,GAS,62,5490000.579,5490001.113,5490001.879,0.535,1.300,0.300,0,fast_local,redis_cache,0.765,overtake+pit_window
2022_Monaco_Grand_Prix|GAS|62|smart,2022_Monaco_Grand_Prix,GAS,62,5490000.579,5490784.848,5490941.748,784.270,941.170,0.300,0,smart_cloud,cassandra,156.900,overtake+pit_window
2022_Monaco_Grand_Prix|HAM|62|fast,2022_Monaco_Grand_Prix,HAM,62,5490000.690,5490008.766,5490009.531,8.076,8.841,0.150,0,fast_local,redis_cache,0.765,overtake+pit_window
2022_Monaco_Grand_Prix|HAM|62|smart,2022_Monaco_Grand_Prix,HAM,62,5490000.690,5491412.448,5491569.348,1411.758,1568.658,0.150,0,smart_cloud,cassandra,156.900,overtake+pit_window
2022_Monaco_Grand_Prix|LAT|62|fast,2022_Monaco_Grand_Prix,LAT,62,5490000.770,5490011.827,5490012.592,11.057,11.822,0.000,0,fast_local,redis_cache,0.765,overtake+pit_window
2022_Monaco_Grand_Prix|LAT|62|smart,2022_Monaco_Grand_Prix,LAT,62,5490000.770,5492040.048,5492196.948,2039.278,2196.178,0.000,0,smart_cloud,cassandra,156.900,overtake+pit_window
2022_Monaco_Grand_Prix|LEC|62|fast,2022_Monaco_Grand_Prix,LEC,62,5490000.963,5490001.879,5490002.644,0.916,1.681,0.300,0,fast_local,redis_cache,0.765,overtake+pit_window
2022_Monaco_Grand_Prix|LEC|62|smart,2022_Monaco_Grand_Prix,LEC,62,5490000.963,5490941.748,5491098.648,940.785,1097.685,0.300,0,smart_cloud,cassandra,156.900,overtake+pit_window
2022_Monaco_Grand_Prix|NOR|62|fast,2022_Monaco_Grand_Prix,NOR,62,5490001.353,5490009.531,5490010.296,8.178,8.943,0.150,0,fast_local,redis_cache,0.765,overtake+pit_window
2022_Monaco_Grand_Prix|NOR|62|smart,2022_Monaco_Grand_Prix,NOR,62,5490001.353,5491569.348,5491726.248,1567.995,1724.895,0.150,0,smart_cloud,cassandra,156.900,overtake+pit_window
2022_Monaco_Grand_Prix|OCO|62|fast,2022_Monaco_Grand_Prix,OCO,62,5490001.950,5490010.296,5490011.062,8.346,9.111,0.150,0,fast_local,redis_cache,0.765,overtake+pit_window
2022_Monaco_Grand_Prix|OCO|62|smart,2022_Monaco_Grand_Prix,OCO,62,5490001.950,5491726.248,5491883.148,1724.298,1881.198,0.150,0,smart_cloud,cassandra,156.900,overtake+pit_window
2022_Monaco_Grand_Prix|PER|62|fast,2022_Monaco_Grand_Prix,PER,62,5490002.114,5490002.644,5490003.409,0.530,1.295,0.500,1,fast_local,redis_cache,0.765,overtake+pit_window
2022_Monaco_Grand_Prix|PER|62|smart,2022_Monaco_Grand_Prix,PER,62,5490002.114,5490157.248,5490314.148,155.134,312.034,0.500,1,smart_cloud,cassandra,156.900,overtake+pit_window
2022_Monaco_Grand_Prix|RIC|62|fast,2022_Monaco_Grand_Prix,RIC,62,5490003.098,5490003.409,5490004.174,0.311,1.076,0.500,1,fast_local,redis_cache,0.765,overtake+pit_window
2022_Monaco_Grand_Prix|RIC|62|smart,2022_Monaco_Grand_Prix,RIC,62,5490003.098,5490314.148,5490471.048,311.050,467.950,0.500,1,smart_cloud,cassandra,156.900,overtake+pit_window
2022_Monaco_Grand_Prix|RUS|62|fast,2022_Monaco_Grand_Prix,RUS,62,5490003.317,5490005.705,5490006.470,2.388,3.153,0.500,1,fast_local,redis_cache,0.765,overtake+pit_window
2022_Monaco_Grand_Prix|RUS|62|smart,2022_Monaco_Grand_Prix,RUS,62,5490003.317,5490471.048,5490627.948,467.731,624.631,0.500,1,smart_cloud,cassandra,156.900,overtake+pit_window
2022_Monaco_Grand_Prix|SAI|62|fast,2022_Monaco_Grand_Prix,SAI,62,5490003.872,5490004.174,5490004.940,0.303,1.068,0.650,1,fast_local,redis_cache,0.765,overtake+pit_window
2022_Monaco_Grand_Prix|STR|62|fast,2022_Monaco_Grand_Prix,STR,62,5490003.954,5490007.235,5490008.001,3.282,4.047,0.300,0,fast_local,redis_cache,0.765,overtake+pit_window
2022_Monaco_Grand_Prix|STR|62|smart,2022_Monaco_Grand_Prix,STR,62,5490003.954,5491098.648,5491255.548,1094.695,1251.595,0.300,0,smart_cloud,cassandra,156.900,overtake+pit_window
2022_Monaco_Grand_Prix|TSU|62|fast,2022_Monaco_Grand_Prix,TSU,62,5490004.424,5490012.592,5490013.357,8.168,8.933,0.000,0,fast_local,redis_cache,0.765,overtake+pit_window
2022_Monaco_Grand_Prix|TSU|62|smart,2022_Monaco_Grand_Prix,TSU,62,5490004.424,5492196.948,5492353.848,2192.524,2349.424,0.000,0,smart_cloud,cassandra,156.900,overtake+pit_window
2022_Monaco_Grand_Prix|VER|62|fast,2022_Monaco_Grand_Prix,VER,62,5490004.665,5490004.940,5490005.705,0.275,1.040,0.650,1,fast_local,redis_cache,0.765,overtake+pit_window
2022_Monaco_Grand_Prix|VET|62|fast,2022_Monaco_Grand_Prix,VET,62,5490004.904,5490006.470,5490007.235,1.566,2.331,0.500,1,fast_local,redis_cache,0.765,overtake+pit_window
2022_Monaco_Grand_Prix|VET|62|smart,2022_Monaco_Grand_Prix,VET,62,5490004.904,5490627.948,5490784.848,623.044,779.944,0.500,1,smart_cloud,cassandra,156.900,overtake+pit_window
2022_Monaco_Grand_Prix|ZHO|62|fast,2022_Monaco_Grand_Prix,ZHO,62,5490004.993,5490011.062,5490011.827,6.069,6.834,0.150,0,fast_local,redis_cache,0.765,overtake+pit_window
2022_Monaco_Grand_Prix|ZHO|62|smart,2022_Monaco_Grand_Prix,ZHO,62,5490004.993,5491883.148,5492040.048,1878.155,2035.055,0.150,0,smart_cloud,cassandra,156.900,overtake+pit_window
2022_Monaco_Grand_Prix|ALO|63|fast,2022_Monaco_Grand_Prix,ALO,63,5580000.257,5580000.257,5580001.022,0.000,0.765,0.150,0,fast_local,redis_cache,0.765,overtake+pit_window
2022_Monaco_Grand_Prix|ALO|63|smart,2022_Monaco_Grand_Prix,ALO,63,5580000.257,5580000.257,5580157.157,0.000,156.900,0.150,0,smart_cloud,cassandra,156.900,overtake+pit_window
2022_Monaco_Grand_Prix|BOT|63|fast,2022_Monaco_Grand_Prix,BOT,63,5580000.476,5580001.788,5580002.553,1.312,2.077,0.150,0,fast_local,redis_cache,0.765,overtake+pit_window
2022_Monaco_Grand_Prix|BOT|63|smart,2022_Monaco_Grand_Prix,BOT,63,5580000.476,5581255.457,5581412.357,1254.981,1411.881,0.150,0,smart_cloud,cassandra,156.900,overtake+pit_window
2022_Monaco_Grand_Prix|GAS|63|fast,2022_Monaco_Grand_Prix,GAS,63,5580000.882,5580001.022,5580001.788,0.141,0.906,0.300,0,fast_local,redis_cache,0.765,overtake+pit_window
2022_Monaco_Grand_Prix|GAS|63|smart,2022_Monaco_Grand_Prix,GAS,63,5580000.882,5580627.857,5580784.757,626.975,783.875,0.300,0,smart_cloud,cassandra,156.900,overtake+pit_window
2022_Monaco_Grand_Prix|HAM|63|fast,2022_Monaco_Grand_Prix,HAM,63,5580001.592,5580008.675,5580009.440,7.083,7.848,0.150,0,fast_local,redis_cache,0.765,overtake+pit_window
2022_Monaco_Grand_Prix|HAM|63|smart,2022_Monaco_Grand_Prix,HAM,63,5580001.592,5581412.357,5581569.257,1410.765,1567.665,0.150,0,smart_cloud,cassandra,156.900,overtake+pit_window
2022_Monaco_Grand_Prix|LAT|63|fast,2022_Monaco_Grand_Prix,LAT,63,5580002.117,5580011.736,5580012.501,9.618,10.384,0.000,0,fast_local,redis_cache,0.765,overtake+pit_window
2022_Monaco_Grand_Prix|LAT|63|smart,2022_Monaco_Grand_Prix,LAT,63,5580002.117,5582039.957,5582196.857,2037.840,2194.740,0.000,0,smart_cloud,cassandra,156.900,overtake+pit_window
2022_Monaco_Grand_Prix|LEC|63|fast,2022_Monaco_Grand_Prix,LEC,63,5580002.124,5580002.553,5580003.318,0.429,1.194,0.300,0,fast_local,redis_cache,0.765,overtake+pit_window
2022_Monaco_Grand_Prix|LEC|63|smart,2022_Monaco_Grand_Prix,LEC,63,5580002.124,5580784.757,5580941.657,782.633,939.533,0.300,0,smart_cloud,cassandra,156.900,overtake+pit_window
2022_Monaco_Grand_Prix|NOR|63|fast,2022_Monaco_Grand_Prix,NOR,63,5580002.306,5580009.440,5580010.205,7.134,7.899,0.150,0,fast_local,redis_cache,0.765,overtake+pit_window
2022_Monaco_Grand_Prix|NOR|63|smart,2022_Monaco_Grand_Prix,NOR,63,5580002.306,5581569.257,5581726.157,1566.951,1723.851,0.150,0,smart_cloud,cassandra,156.900,overtake+pit_window
2022_Monaco_Grand_Prix|OCO|63|fast,2022_Monaco_Grand_Prix,OCO,63,5580002.504,5580010.205,5580010.971,7.702,8.467,0.150,0,fast_local,redis_cache,0.765,overtake+pit_window
2022_Monaco_Grand_Prix|OCO|63|smart,2022_Monaco_Grand_Prix,OCO,63,5580002.504,5581726.157,5581883.057,1723.653,1880.553,0.150,0,smart_cloud,cassandra,156.900,overtake+pit_window
2022_Monaco_Grand_Prix|PER|63|fast,2022_Monaco_Grand_Prix,PER,63,5580002.582,5580007.144,5580007.910,4.562,5.327,0.300,0,fast_local,redis_cache,0.765,overtake+pit_window
2022_Monaco_Grand_Prix|PER|63|smart,2022_Monaco_Grand_Prix,PER,63,5580002.582,5580941.657,5581098.557,939.075,1095.975,0.300,0,smart_cloud,cassandra,156.900,overtake+pit_window
2022_Monaco_Grand_Prix|RIC|63|fast,2022_Monaco_Grand_Prix,RIC,63,5580002.761,5580003.318,5580004.083,0.557,1.322,0.500,1,fast_local,redis_cache,0.765,overtake+pit_window
2022_Monaco_Grand_Prix|RIC|63|smart,2022_Monaco_Grand_Prix,RIC,63,5580002.761,5580157.157,5580314.057,154.396,311.296,0.500,1,smart_cloud,cassandra,156.900,overtake+pit_window
2022_Monaco_Grand_Prix|RUS|63|fast,2022_Monaco_Grand_Prix,RUS,63,5580003.263,5580004.849,5580005.614,1.585,2.350,0.500,1,fast_local,redis_cache,0.765,overtake+pit_window
2022_Monaco_Grand_Prix|RUS|63|smart,2022_Monaco_Grand_Prix,RUS,63,5580003.263,5580314.057,5580470.957,310.794,467.694,0.500,1,smart_cloud,cassandra,156.900,overtake+pit_window
2022_Monaco_Grand_Prix|SAI|63|fast,2022_Monaco_Grand_Prix,SAI,63,5580003.431,5580004.083,5580004.849,0.653,1.418,0.550,1,fast_local,redis_cache,0.765,overtake+pit_window
2022_Monaco_Grand_Prix|STR|63|fast,2022_Monaco_Grand_Prix,STR,63,5580003.639,5580007.910,5580008.675,4.270,5.036,0.300,0,fast_local,redis_cache,0.765,overtake+pit_window
2022_Monaco_Grand_Prix|STR|63|smart,2022_Monaco_Grand_Prix,STR,63,5580003.639,5581098.557,5581255.457,1094.918,1251.818,0.300,0,smart_cloud,cassandra,156.900,overtake+pit_window
2022_Monaco_Grand_Prix|TSU|63|fast,2022_Monaco_Grand_Prix,TSU,63,5580004.163,5580012.501,5580013.266,8.338,9.104,0.000,0,fast_local,redis_cache,0.765,overtake+pit_window
2022_Monaco_Grand_Prix|TSU|63|smart,2022_Monaco_Grand_Prix,TSU,63,5580004.163,5582196.857,5582353.757,2192.694,2349.594,0.000,0,smart_cloud,cassandra,156.900,overtake+pit_window
2022_Monaco_Grand_Prix|VER|63|fast,2022_Monaco_Grand_Prix,VER,63,5580004.883,5580005.614,5580006.379,0.731,1.496,0.650,1,fast_local,redis_cache,0.765,overtake+pit_window
2022_Monaco_Grand_Prix|VET|63|fast,2022_Monaco_Grand_Prix,VET,63,5580004.960,5580006.379,5580007.144,1.419,2.184,0.500,1,fast_local,redis_cache,0.765,overtake+pit_window
2022_Monaco_Grand_Prix|VET|63|smart,2022_Monaco_Grand_Prix,VET,63,5580004.960,5580470.957,5580627.857,465.997,622.897,0.500,1,smart_cloud,cassandra,156.900,overtake+pit_window
2022_Monaco_Grand_Prix|ZHO|63|fast,2022_Monaco_Grand_Prix,ZHO,63,5580004.997,5580010.971,5580011.736,5.974,6.739,0.150,0,fast_local,redis_cache,0.765,overtake+pit_window
2022_Monaco_Grand_Prix|ZHO|63|smart,2022_Monaco_Grand_Prix,ZHO,63,5580004.997,5581883.057,5582039.957,1878.060,2034.960,0.150,0,smart_cloud,cassandra,156.900,overtake+pit_window
2022_Monaco_Grand_Prix|ALO|64|fast,2022_Monaco_Grand_Prix,ALO,64,5670000.480,5670000.480,5670001.246,0.000,0.765,0.300,0,fast_local,redis_cache,0.765,overtake+pit_window
2022_Monaco_Grand_Prix|ALO|64|smart,2022_Monaco_Grand_Prix,ALO,64,5670000.480,5670000.480,5670157.380,0.000,156.900,0.300,0,smart_cloud,cassandra,156.900,overtake+pit_window
2022_Monaco_Grand_Prix|BOT|64|fast,2022_Monaco_Grand_Prix,BOT,64,5670000.720,5670001.246,5670002.011,0.526,1.291,0.150,0,fast_local,redis_cache,0.765,overtake+pit_window
2022_Monaco_Grand_Prix|BOT|64|smart,2022_Monaco_Grand_Prix,BOT,64,5670000.720,5671726.380,5671883.280,1725.661,1882.561,0.150,0,smart_cloud,cassandra,156.900,overtake+pit_window
2022_Monaco_Grand_Prix|GAS|64|fast,2022_Monaco_Grand_Prix,GAS,64,5670001.608,5670002.776,5670003.541,1.169,1.934,0.300,0,fast_local,redis_cache,0.765,overtake+pit_window
2022_Monaco_Grand_Prix|GAS|64|smart,2022_Monaco_Grand_Prix,GAS,64,5670001.608,5670941.880,5671098.780,940.273,1097.173,0.300,0,smart_cloud,cassandra,156.900,overtake+pit_window
2022_Monaco_Grand_Prix|HAM|64|fast,2022_Monaco_Grand_Prix,HAM,64,5670001.767,5670002.011,5670002.776,0.244,1.010,0.350,0,fast_local,redis_cache,0.765,overtake+pit_window
2022_Monaco_Grand_Prix|HAM|64|smart,2022_Monaco_Grand_Prix,HAM,64,5670001.767,5670784.980,5670941.880,783.214,940.114,0.350,0,smart_cloud,cassandra,156.900,overtake+pit_window
2022_Monaco_Grand_Prix|LEC|64|fast,2022_Monaco_Grand_Prix,LEC,64,5670002.083,5670003.541,5670004.307,1.458,2.223,0.200,0,fast_local,redis_cache,0.765,overtake+pit_window
2022_Monaco_Grand_Prix|LEC|64|smart,2022_Monaco_Grand_Prix,LEC,64,5670002.083,5671412.580,5671569.480,1410.497,1567.397,0.200,0,smart_cloud,cassandra,156.900,overtake+pit_window
2022_Monaco_Grand_Prix|NOR|64|fast,2022_Monaco_Grand_Prix,NOR,64,5670002.456,5670010.429,5670011.194,7.972,8.738,0.150,0,fast_local,redis_cache,0.765,overtake+pit_window
2022_Monaco_Grand_Prix|NOR|64|smart,2022_Monaco_Grand_Prix,NOR,64,5670002.456,5671883.280,5672040.180,1880.824,2037.724,0.150,0,smart_cloud,cassandra,156.900,overtake+pit_window
2022_Monaco_Grand_Prix|OCO|64|fast,2022_Monaco_Grand_Prix,OCO,64,5670003.361,5670009.663,5670010.429,6.302,7.067,0.200,0,fast_local,redis_cache,0.765,overtake+pit_window
2022_Monaco_Grand_Prix|OCO|64|smart,2022_Monaco_Grand_Prix,OCO,64,5670003.361,5671569.480,5671726.380,1566.119,1723.019,0.200,0,smart_cloud,cassandra,156.900,overtake+pit_window
2022_Monaco_Grand_Prix|PER|64|fast,2022_Monaco_Grand_Prix,PER,64,5670003.744,5670008.133,5670008.898,4.389,5.154,0.300,0,fast_local,redis_cache,0.765,overtake+pit_window
2022_Monaco_Grand_Prix|PER|64|smart,2022_Monaco_Grand_Prix,PER,64,5670003.744,5671098.780,5671255.680,1095.036,1251.936,0.300,0,smart_cloud,cassandra,156.900,overtake+pit_window
2022_Monaco_Grand_Prix|RIC|64|fast,2022_Monaco_Grand_Prix,RIC,64,5670003.937,5670005.072,5670005.837,1.135,1.900,0.500,1,fast_local,redis_cache,0.765,overtake+pit_window
2022_Monaco_Grand_Prix|RIC|64|smart,2022_Monaco_Grand_Prix,RIC,64,5670003.937,5670157.380,5670314.280,153.443,310.343,0.500,1,smart_cloud,cassandra,156.900,overtake+pit_window
2022_Monaco_Grand_Prix|RUS|64|fast,2022_Monaco_Grand_Prix,RUS,64,5670004.007,5670005.837,5670006.602,1.830,2.596,0.500,1,fast_local,redis_cache,0.765,overtake+pit_window
2022_Monaco_Grand_Prix|RUS|64|smart,2022_Monaco_Grand_Prix,RUS,64,5670004.007,5670314.280,5670471.180,310.274,467.174,0.500,1,smart_cloud,cassandra,156.900,overtake+pit_window
2022_Monaco_Grand_Prix|SAI|64|fast,2022_Monaco_Grand_Prix,SAI,64,5670004.106,5670004.307,5670005.072,0.201,0.966,0.550,1,fast_local,redis_cache,0.765,overtake+pit_window
2022_Monaco_Grand_Prix|STR|64|fast,2022_Monaco_Grand_Prix,STR,64,5670004.161,5670008.898,5670009.663,4.738,5.503,0.300,0,fast_local,redis_cache,0.765,overtake+pit_window
2022_Monaco_Grand_Prix|STR|64|smart,2022_Monaco_Grand_Prix,STR,64,5670004.161,5671255.680,5671412.580,1251.520,1408.420,0.300,0,smart_cloud,cassandra,156.900,overtake+pit_window
2022_Monaco_Grand_Prix|VER|64|fast,2022_Monaco_Grand_Prix,VER,64,5670004.395,5670007.368,5670008.133,2.972,3.738,0.450,0,fast_local,redis_cache,0.765,overtake+pit_window
2022_Monaco_Grand_Prix|VER|64|smart,2022_Monaco_Grand_Prix,VER,64,5670004.395,5670628.080,5670784.980,623.685,780.585,0.450,0,smart_cloud,cassandra,156.900,overtake+pit_window
2022_Monaco_Grand_Prix|VET|64|fast,2022_Monaco_Grand_Prix,VET,64,5670004.465,5670006.602,5670007.368,2.137,2.903,0.500,1,fast_local,redis_cache,0.765,overtake+pit_window
2022_Monaco_Grand_Prix|VET|64|smart,2022_Monaco_Grand_Prix,VET,64,5670004.465,5670471.180,5670628.080,466.715,623.615,0.500,1,smart_cloud,cassandra,156.900,overtake+pit_window
