id,race_id,driver,lap_number,arrival_ms,start_ms,finish_ms,wait_ms,response_ms,urgency_score,is_urgent,resource,data_source,service_ms,burst_reason
2022_Monaco_Grand_Prix|ALB|1|fast,2022_Monaco_Grand_Prix,ALB,1,0.319,0.319,1.084,0.000,0.765,0.450,0,fast_local,redis_cache,0.765,caution
2022_Monaco_Grand_Prix|ALB|1|smart,2022_Monaco_Grand_Prix,ALB,1,0.319,0.319,157.219,0.000,156.900,0.450,0,smart_cloud,cassandra,156.900,caution
2022_Monaco_Grand_Prix|ALO|1|fast,2022_Monaco_Grand_Prix,ALO,1,0.471,1.084,1.850,0.613,1.379,0.450,0,fast_local,redis_cache,0.765,caution
2022_Monaco_Grand_Prix|ALO|1|smart,2022_Monaco_Grand_Prix,ALO,1,0.471,157.219,314.119,156.748,313.648,0.450,0,smart_cloud,cassandra,156.900,caution
2022_Monaco_Grand_Prix|BOT|1|fast,2022_Monaco_Grand_Prix,BOT,1,0.641,1.850,2.615,1.209,1.974,0.500,1,fast_local,redis_cache,0.765,caution
2022_Monaco_Grand_Prix|BOT|1|smart,2022_Monaco_Grand_Prix,BOT,1,0.641,314.119,471.019,313.479,470.379,0.500,1,smart_cloud,cassandra,156.900,caution
2022_Monaco_Grand_Prix|GAS|1|fast,2022_Monaco_Grand_Prix,GAS,1,1.136,2.615,3.380,1.479,2.244,0.350,0,fast_local,redis_cache,0.765,caution
2022_Monaco_Grand_Prix|GAS|1|smart,2022_Monaco_Grand_Prix,GAS,1,1.136,471.019,627.919,469.883,626.783,0.350,0,smart_cloud,cassandra,156.900,caution
2022_Monaco_Grand_Prix|HAM|1|fast,2022_Monaco_Grand_Prix,HAM,1,1.854,3.380,4.145,1.526,2.291,0.500,1,fast_local,redis_cache,0.765,caution
2022_Monaco_Grand_Prix|HAM|1|smart,2022_Monaco_Grand_Prix,HAM,1,1.854,627.919,784.819,626.065,782.965,0.500,1,smart_cloud,cassandra,156.900,caution
2022_Monaco_Grand_Prix|LAT|1|fast,2022_Monaco_Grand_Prix,LAT,1,2.194,4.145,4.911,1.951,2.716,0.300,0,fast_local,redis_cache,0.765,caution
2022_Monaco_Grand_Prix|LAT|1|smart,2022_Monaco_Grand_Prix,LAT,1,2.194,784.819,941.719,782.625,939.525,0.300,0,smart_cloud,cassandra,156.900,caution
2022_Monaco_Grand_Prix|LEC|1|fast,2022_Monaco_Grand_Prix,LEC,1,2.217,4.911,5.676,2.694,3.459,0.450,0,fast_local,redis_cache,0.765,caution
2022_Monaco_Grand_Prix|LEC|1|smart,2022_Monaco_Grand_Prix,LEC,1,2.217,941.719,1098.619,939.502,1096.402,0.450,0,smart_cloud,cassandra,156.900,caution
2022_Monaco_Grand_Prix|MAG|1|fast,2022_Monaco_Grand_Prix,MAG,1,2.252,5.676,6.441,3.424,4.189,0.350,0,fast_local,redis_cache,0.765,caution
2022_Monaco_Grand_Prix|MAG|1|smart,2022_Monaco_Grand_Prix,MAG,1,2.252,1098.619,1255.519,1096.367,1253.267,0.350,0,smart_cloud,cassandra,156.900,caution
2022_Monaco_Grand_Prix|MSC|1|fast,2022_Monaco_Grand_Prix,MSC,1,2.773,6.441,7.206,3.668,4.433,0.350,0,fast_local,redis_cache,0.765,caution
2022_Monaco_Grand_Prix|MSC|1|smart,2022_Monaco_Grand_Prix,MSC,1,2.773,1255.519,1412.419,1252.746,1409.646,0.350,0,smart_cloud,cassandra,156.900,caution
2022_Monaco_Grand_Prix|NOR|1|fast,2022_Monaco_Grand_Prix,NOR,1,3.158,7.206,7.972,4.048,4.813,0.450,0,fast_local,redis_cache,0.765,caution
2022_Monaco_Grand_Prix|NOR|1|smart,2022_Monaco_Grand_Prix,NOR,1,3.158,1412.419,1569.319,1409.261,1566.161,0.450,0,smart_cloud,cassandra,156.900,caution
2022_Monaco_Grand_Prix|OCO|1|fast,2022_Monaco_Grand_Prix,OCO,1,3.219,7.972,8.737,4.752,5.518,0.450,0,fast_local,redis_cache,0.765,caution
2022_Monaco_Grand_Prix|OCO|1|smart,2022_Monaco_Grand_Prix,OCO,1,3.219,1569.319,1726.219,1566.100,1723.000,0.450,0,smart_cloud,cassandra,156.900,caution
2022_Monaco_Grand_Prix|PER|1|fast,2022_Monaco_Grand_Prix,PER,1,3.487,8.737,9.502,5.250,6.015,0.500,1,fast_local,redis_cache,0.765,caution
2022_Monaco_Grand_Prix|PER|1|smart,2022_Monaco_Grand_Prix,PER,1,3.487,1726.219,1883.119,1722.732,1879.632,0.500,1,smart_cloud,cassandra,156.900,caution
2022_Monaco_Grand_Prix|RIC|1|fast,2022_Monaco_Grand_Prix,RIC,1,3.806,9.502,10.267,5.696,6.462,0.450,0,fast_local,redis_cache,0.765,caution
2022_Monaco_Grand_Prix|RIC|1|smart,2022_Monaco_Grand_Prix,RIC,1,3.806,1883.119,2040.019,1879.313,2036.213,0.450,0,smart_cloud,cassandra,156.900,caution
2022_Monaco_Grand_Prix|RUS|1|fast,2022_Monaco_Grand_Prix,RUS,1,3.870,10.267,11.033,6.398,7.163,0.350,0,fast_local,redis_cache,0.765,caution
2022_Monaco_Grand_Prix|RUS|1|smart,2022_Monaco_Grand_Prix,RUS,1,3.870,2040.019,2196.919,2036.149,2193.049,0.350,0,smart_cloud,cassandra,156.900,caution
2022_Monaco_Grand_Prix|SAI|1|fast,2022_Monaco_Grand_Prix,SAI,1,3.930,11.033,11.798,7.102,7.868,0.500,1,fast_local,redis_cache,0.765,caution
2022_Monaco_Grand_Prix|SAI|1|smart,2022_Monaco_Grand_Prix,SAI,1,3.930,2196.919,2353.819,2192.989,2349.889,0.500,1,smart_cloud,cassandra,156.900,caution
2022_Monaco_Grand_Prix|STR|1|fast,2022_Monaco_Grand_Prix,STR,1,4.114,11.798,12.563,7.684,8.449,0.300,0,fast_local,redis_cache,0.765,caution
2022_Monaco_Grand_Prix|STR|1|smart,2022_Monaco_Grand_Prix,STR,1,4.114,2353.819,2510.719,2349.705,2506.605,0.300,0,smart_cloud,cassandra,156.900,caution
2022_Monaco_Grand_Prix|TSU|1|fast,2022_Monaco_Grand_Prix,TSU,1,4.138,12.563,13.328,8.425,9.190,0.500,1,fast_local,redis_cache,0.765,caution
2022_Monaco_Grand_Prix|TSU|1|smart,2022_Monaco_Grand_Prix,TSU,1,4.138,2510.719,2667.619,2506.581,2663.481,0.500,1,smart_cloud,cassandra,156.900,caution
2022_Monaco_Grand_Prix|VER|1|fast,2022_Monaco_Grand_Prix,VER,1,4.293,13.328,14.094,9.035,9.801,0.350,0,fast_local,redis_cache,0.765,caution
2022_Monaco_Grand_Prix|VER|1|smart,2022_Monaco_Grand_Prix,VER,1,4.293,2667.619,2824.519,2663.326,2820.226,0.350,0,smart_cloud,cassandra,156.900,caution
2022_Monaco_Grand_Prix|VET|1|fast,2022_Monaco_Grand_Prix,VET,1,4.634,14.094,14.859,9.460,10.225,0.350,0,fast_local,redis_cache,0.765,caution
2022_Monaco_Grand_Prix|VET|1|smart,2022_Monaco_Grand_Prix,VET,1,4.634,2824.519,2981.419,2819.885,2976.785,0.350,0,smart_cloud,cassandra,156.900,caution
2022_Monaco_Grand_Prix|ZHO|1|fast,2022_Monaco_Grand_Prix,ZHO,1,4.878,14.859,15.624,9.981,10.746,0.300,0,fast_local,redis_cache,0.765,caution
2022_Monaco_Grand_Prix|ZHO|1|smart,2022_Monaco_Grand_Prix,ZHO,1,4.878,2981.419,3138.319,2976.541,3133.441,0.300,0,smart_cloud,cassandra,156.900,caution
2022_Monaco_Grand_Prix|ALB|2|fast,2022_Monaco_Grand_Prix,ALB,2,90000.219,90000.219,90000.984,0.000,0.765,0.450,0,fast_local,redis_cache,0.765,caution+overtake
2022_Monaco_Grand_Prix|ALB|2|smart,2022_Monaco_Grand_Prix,ALB,2,90000.219,90000.219,90157.119,0.000,156.900,0.450,0,smart_cloud,cassandra,156.900,caution+overtake
2022_Monaco_Grand_Prix|ALO|2|fast,2022_Monaco_Grand_Prix,ALO,2,90000.650,90000.984,90001.750,0.335,1.100,0.800,1,fast_local,redis_cache,0.765,caution+overtake
2022_Monaco_Grand_Prix|BOT|2|fast,2022_Monaco_Grand_Prix,BOT,2,90000.771,90001.750,90002.515,0.978,1.743,0.900,1,fast_local,redis_cache,0.765,caution+overtake
2022_Monaco_Grand_Prix|HAM|2|fast,2022_Monaco_Grand_Prix,HAM,2,90000.947,90002.515,90003.280,1.567,2.333,0.900,1,fast_local,redis_cache,0.765,caution+overtake
2022_Monaco_Grand_Prix|LAT|2|fast,2022_Monaco_Grand_Prix,LAT,2,90000.973,90003.280,90004.045,2.307,3.072,0.400,0,fast_local,redis_cache,0.765,caution+overtake
2022_Monaco_Grand_Prix|LAT|2|smart,2022_Monaco_Grand_Prix,LAT,2,90000.973,90157.119,90314.019,156.146,313.046,0.400,0,smart_cloud,cassandra,156.900,caution+overtake
2022_Monaco_Grand_Prix|LEC|2|fast,2022_Monaco_Grand_Prix,LEC,2,90001.135,90004.045,90004.811,2.911,3.676,0.750,1,fast_local,redis_cache,0.765,caution+overtake
2022_Monaco_Grand_Prix|MAG|2|fast,2022_Monaco_Grand_Prix,MAG,2,90001.629,90004.811,90005.576,3.181,3.947,0.700,1,fast_local,redis_cache,0.765,caution+overtake
2022_Monaco_Grand_Prix|MSC|2|fast,2022_Monaco_Grand_Prix,MSC,2,90001.773,90005.576,90006.341,3.803,4.568,0.700,1,fast_local,redis_cache,0.765,caution+overtake
2022_Monaco_Grand_Prix|NOR|2|fast,2022_Monaco_Grand_Prix,NOR,2,90001.852,90006.341,90007.106,4.489,5.254,0.600,1,fast_local,redis_cache,0.765,caution+overtake
2022_Monaco_Grand_Prix|OCO|2|fast,2022_Monaco_Grand_Prix,OCO,2,90002.334,90007.106,90007.872,4.773,5.538,0.600,1,fast_local,redis_cache,0.765,caution+overtake
2022_Monaco_Grand_Prix|PER|2|fast,2022_Monaco_Grand_Prix,PER,2,90002.348,90007.872,90008.637,5.524,6.289,0.900,1,fast_local,redis_cache,0.765,caution+overtake
2022_Monaco_Grand_Prix|RIC|2|fast,2022_Monaco_Grand_Prix,RIC,2,90002.379,90008.637,90009.402,6.258,7.024,0.800,1,fast_local,redis_cache,0.765,caution+overtake
2022_Monaco_Grand_Prix|RUS|2|fast,2022_Monaco_Grand_Prix,RUS,2,90003.415,90009.402,90010.167,5.987,6.752,0.600,1,fast_local,redis_cache,0.765,caution+overtake
2022_Monaco_Grand_Prix|SAI|2|fast,2022_Monaco_Grand_Prix,SAI,2,90003.724,90010.167,90010.933,6.443,7.209,0.900,1,fast_local,redis_cache,0.765,caution+overtake
2022_Monaco_Grand_Prix|STR|2|fast,2022_Monaco_Grand_Prix,STR,2,90003.790,90010.933,90011.698,7.142,7.907,0.400,0,fast_local,redis_cache,0.765,caution+overtake
2022_Monaco_Grand_Prix|STR|2|smart,2022_Monaco_Grand_Prix,STR,2,90003.790,90314.019,90470.919,310.229,467.129,0.400,0,smart_cloud,cassandra,156.900,caution+overtake
2022_Monaco_Grand_Prix|TSU|2|fast,2022_Monaco_Grand_Prix,TSU,2,90003.892,90011.698,90012.463,7.806,8.571,0.800,1,fast_local,redis_cache,0.765,caution+overtake
2022_Monaco_Grand_Prix|VER|2|fast,2022_Monaco_Grand_Prix,VER,2,90004.466,90012.463,90013.228,7.997,8.763,0.700,1,fast_local,redis_cache,0.765,caution+overtake
2022_Monaco_Grand_Prix|VET|2|fast,2022_Monaco_Grand_Prix,VET,2,90004.838,90013.228,90013.994,8.391,9.156,0.700,1,fast_local,redis_cache,0.765,caution+overtake
2022_Monaco_Grand_Prix|ZHO|2|fast,2022_Monaco_Grand_Prix,ZHO,2,90004.853,90013.994,90014.759,9.140,9.905,0.400,0,fast_local,redis_cache,0.765,caution+overtake
2022_Monaco_Grand_Prix|ZHO|2|smart,2022_Monaco_Grand_Prix,ZHO,2,90004.853,90470.919,90627.819,466.066,622.966,0.400,0,smart_cloud,cassandra,156.900,caution+overtake
2022_Monaco_Grand_Prix|ALB|3|fast,2022_Monaco_Grand_Prix,ALB,3,180000.037,180000.037,180000.802,0.000,0.765,0.400,0,fast_local,redis_cache,0.765,overtake
2022_Monaco_Grand_Prix|ALB|3|smart,2022_Monaco_Grand_Prix,ALB,3,180000.037,180000.037,180156.937,0.000,156.900,0.400,0,smart_cloud,cassandra,156.900,overtake
2022_Monaco_Grand_Prix|ALO|3|fast,2022_Monaco_Grand_Prix,ALO,3,180000.699,180000.802,180001.567,0.103,0.869,0.500,1,fast_local,redis_cache,0.765,overtake
2022_Monaco_Grand_Prix|ALO|3|smart,2022_Monaco_Grand_Prix,ALO,3,180000.699,180156.937,180313.837,156.238,313.138,0.500,1,smart_cloud,cassandra,156.900,overtake
2022_Monaco_Grand_Prix|BOT|3|fast,2022_Monaco_Grand_Prix,BOT,3,180000.699,180001.567,180002.333,0.868,1.634,0.500,1,fast_local,redis_cache,0.765,overtake
2022_Monaco_Grand_Prix|BOT|3|smart,2022_Monaco_Grand_Prix,BOT,3,180000.699,180313.837,180470.737,313.138,470.038,0.500,1,smart_cloud,cassandra,156.900,overtake
2022_Monaco_Grand_Prix|GAS|3|fast,2022_Monaco_Grand_Prix,GAS,3,180001.000,180002.333,180003.098,1.333,2.098,0.250,0,fast_local,redis_cache,0.765,overtake
2022_Monaco_Grand_Prix|GAS|3|smart,2022_Monaco_Grand_Prix,GAS,3,180001.000,180470.737,180627.637,469.737,626.637,0.250,0,smart_cloud,cassandra,156.900,overtake
2022_Monaco_Grand_Prix|HAM|3|fast,2022_Monaco_Grand_Prix,HAM,3,180001.442,180003.098,180003.863,1.656,2.421,0.400,0,fast_local,redis_cache,0.765,overtake
2022_Monaco_Grand_Prix|HAM|3|smart,2022_Monaco_Grand_Prix,HAM,3,180001.442,180627.637,180784.537,626.195,783.095,0.400,0,smart_cloud,cassandra,156.900,overtake
2022_Monaco_Grand_Prix|LAT|3|fast,2022_Monaco_Grand_Prix,LAT,3,180001.562,180003.863,180004.628,2.301,3.066,0.100,0,fast_local,redis_cache,0.765,overtake
2022_Monaco_Grand_Prix|LAT|3|smart,2022_Monaco_Grand_Prix,LAT,3,180001.562,180784.537,180941.437,782.975,939.875,0.100,0,smart_cloud,cassandra,156.900,overtake
2022_Monaco_Grand_Prix|LEC|3|fast,2022_Monaco_Grand_Prix,LEC,3,180001.937,180004.628,180005.394,2.691,3.456,0.250,0,fast_local,redis_cache,0.765,overtake
2022_Monaco_Grand_Prix|LEC|3|smart,2022_Monaco_Grand_Prix,LEC,3,180001.937,180941.437,181098.337,939.499,1096.399,0.250,0,smart_cloud,cassandra,156.900,overtake
2022_Monaco_Grand_Prix|MAG|3|fast,2022_Monaco_Grand_Prix,MAG,3,180002.186,180005.394,180006.159,3.208,3.973,0.400,0,fast_local,redis_cache,0.765,overtake
2022_Monaco_Grand_Prix|MAG|3|smart,2022_Monaco_Grand_Prix,MAG,3,180002.186,181098.337,181255.237,1096.151,1253.051,0.400,0,smart_cloud,cassandra,156.900,overtake
2022_Monaco_Grand_Prix|MSC|3|fast,2022_Monaco_Grand_Prix,MSC,3,180002.295,180006.159,180006.924,3.864,4.629,0.600,1,fast_local,redis_cache,0.765,overtake
2022_Monaco_Grand_Prix|NOR|3|fast,2022_Monaco_Grand_Prix,NOR,3,180002.844,180006.924,180007.689,4.080,4.846,0.250,0,fast_local,redis_cache,0.765,overtake
2022_Monaco_Grand_Prix|NOR|3|smart,2022_Monaco_Grand_Prix,NOR,3,180002.844,181255.237,181412.137,1252.393,1409.293,0.250,0,smart_cloud,cassandra,156.900,overtake
2022_Monaco_Grand_Prix|OCO|3|fast,2022_Monaco_Grand_Prix,OCO,3,180003.324,180007.689,180008.455,4.365,5.130,0.250,0,fast_local,redis_cache,0.765,overtake
2022_Monaco_Grand_Prix|OCO|3|smart,2022_Monaco_Grand_Prix,OCO,3,180003.324,181412.137,181569.037,1408.813,1565.713,0.250,0,smart_cloud,cassandra,156.900,overtake
2022_Monaco_Grand_Prix|PER|3|fast,2022_Monaco_Grand_Prix,PER,3,180003.349,180008.455,180009.220,5.106,5.871,0.300,0,fast_local,redis_cache,0.765,overtake
2022_Monaco_Grand_Prix|PER|3|smart,2022_Monaco_Grand_Prix,PER,3,180003.349,181569.037,181725.937,1565.688,1722.588,0.300,0,smart_cloud,cassandra,156.900,overtake
2022_Monaco_Grand_Prix|RIC|3|fast,2022_Monaco_Grand_Prix,RIC,3,180003.412,180009.220,180009.985,5.807,6.573,0.500,1,fast_local,redis_cache,0.765,overtake
2022_Monaco_Grand_Prix|RIC|3|smart,2022_Monaco_Grand_Prix,RIC,3,180003.412,181725.937,181882.837,1722.524,1879.424,0.500,1,smart_cloud,cassandra,156.900,overtake
2022_Monaco_Grand_Prix|RUS|3|fast,2022_Monaco_Grand_Prix,RUS,3,180003.501,180009.985,180010.750,6.484,7.249,0.300,0,fast_local,redis_cache,0.765,overtake
2022_Monaco_Grand_Prix|RUS|3|smart,2022_Monaco_Grand_Prix,RUS,3,180003.501,181882.837,182039.737,1879.335,2036.235,0.300,0,smart_cloud,cassandra,156.900,overtake
2022_Monaco_Grand_Prix|SAI|3|fast,2022_Monaco_Grand_Prix,SAI,3,180003.526,180010.750,180011.516,7.224,7.990,0.300,0,fast_local,redis_cache,0.765,overtake
2022_Monaco_Grand_Prix|SAI|3|smart,2022_Monaco_Grand_Prix,SAI,3,180003.526,182039.737,182196.637,2036.211,2193.111,0.300,0,smart_cloud,cassandra,156.900,overtake
2022_Monaco_Grand_Prix|STR|3|fast,2022_Monaco_Grand_Prix,STR,3,180003.904,180011.516,180012.281,7.612,8.377,0.100,0,fast_local,redis_cache,0.765,overtake
2022_Monaco_Grand_Prix|STR|3|smart,2022_Monaco_Grand_Prix,STR,3,180003.904,182196.637,182353.537,2192.733,2349.633,0.100,0,smart_cloud,cassandra,156.900,overtake
2022_Monaco_Grand_Prix|TSU|3|fast,2022_Monaco_Grand_Prix,TSU,3,180003.935,180012.281,180013.046,8.346,9.111,0.300,0,fast_local,redis_cache,0.765,overtake
2022_Monaco_Grand_Prix|TSU|3|smart,2022_Monaco_Grand_Prix,TSU,3,180003.935,182353.537,182510.437,2349.602,2506.502,0.300,0,smart_cloud,cassandra,156.900,overtake
2022_Monaco_Grand_Prix|VER|3|fast,2022_Monaco_Grand_Prix,VER,3,180004.024,180013.046,180013.811,9.022,9.788,0.150,0,fast_local,redis_cache,0.765,overtake
2022_Monaco_Grand_Prix|VER|3|smart,2022_Monaco_Grand_Prix,VER,3,180004.024,182510.437,182667.337,2506.413,2663.313,0.150,0,smart_cloud,cassandra,156.900,overtake
2022_Monaco_Grand_Prix|VET|3|fast,2022_Monaco_Grand_Prix,VET,3,180004.161,180013.811,180014.577,9.650,10.415,0.150,0,fast_local,redis_cache,0.765,overtake
2022_Monaco_Grand_Prix|VET|3|smart,2022_Monaco_Grand_Prix,VET,3,180004.161,182667.337,182824.237,2663.176,2820.076,0.150,0,smart_cloud,cassandra,156.900,overtake
2022_Monaco_Grand_Prix|ZHO|3|fast,2022_Monaco_Grand_Prix,ZHO,3,180004.163,180014.577,180015.342,10.413,11.178,0.500,1,fast_local,redis_cache,0.765,overtake
2022_Monaco_Grand_Prix|ZHO|3|smart,2022_Monaco_Grand_Prix,ZHO,3,180004.163,182824.237,182981.137,2820.073,2976.973,0.500,1,smart_cloud,cassandra,156.900,overtake
2022_Monaco_Grand_Prix|ALB|4|fast,2022_Monaco_Grand_Prix,ALB,4,270000.154,270000.154,270000.919,0.000,0.765,0.300,0,fast_local,redis_cache,0.765,overtake
2022_Monaco_Grand_Prix|ALB|4|smart,2022_Monaco_Grand_Prix,ALB,4,270000.154,270000.154,270157.054,0.000,156.900,0.300,0,smart_cloud,cassandra,156.900,overtake
2022_Monaco_Grand_Prix|ALO|4|fast,2022_Monaco_Grand_Prix,ALO,4,270000.292,270000.919,270001.685,0.628,1.393,0.300,0,fast_local,redis_cache,0.765,overtake
2022_Monaco_Grand_Prix|ALO|4|smart,2022_Monaco_Grand_Prix,ALO,4,270000.292,270157.054,270313.954,156.763,313.663,0.300,0,smart_cloud,cassandra,156.900,overtake
2022_Monaco_Grand_Prix|BOT|4|fast,2022_Monaco_Grand_Prix,BOT,4,270000.573,270001.685,270002.450,1.112,1.877,0.600,1,fast_local,redis_cache,0.765,overtake
2022_Monaco_Grand_Prix|GAS|4|fast,2022_Monaco_Grand_Prix,GAS,4,270001.073,270002.450,270003.215,1.377,2.142,0.250,0,fast_local,redis_cache,0.765,overtake
2022_Monaco_Grand_Prix|GAS|4|smart,2022_Monaco_Grand_Prix,GAS,4,270001.073,270313.954,270470.854,312.881,469.781,0.250,0,smart_cloud,cassandra,156.900,overtake
2022_Monaco_Grand_Prix|HAM|4|fast,2022_Monaco_Grand_Prix,HAM,4,270001.170,270003.215,270003.980,2.045,2.811,0.150,0,fast_local,redis_cache,0.765,overtake
2022_Monaco_Grand_Prix|HAM|4|smart,2022_Monaco_Grand_Prix,HAM,4,270001.170,270470.854,270627.754,469.684,626.584,0.150,0,smart_cloud,cassandra,156.900,overtake
2022_Monaco_Grand_Prix|LAT|4|fast,2022_Monaco_Grand_Prix,LAT,4,270001.407,270003.980,270004.746,2.573,3.339,0.100,0,fast_local,redis_cache,0.765,overtake
2022_Monaco_Grand_Prix|LAT|4|smart,2022_Monaco_Grand_Prix,LAT,4,270001.407,270627.754,270784.654,626.347,783.247,0.100,0,smart_cloud,cassandra,156.900,overtake
2022_Monaco_Grand_Prix|LEC|4|fast,2022_Monaco_Grand_Prix,LEC,4,270001.468,270004.746,270005.511,3.278,4.043,0.250,0,fast_local,redis_cache,0.765,overtake
2022_Monaco_Grand_Prix|LEC|4|smart,2022_Monaco_Grand_Prix,LEC,4,270001.468,270784.654,270941.554,783.186,940.086,0.250,0,smart_cloud,cassandra,156.900,overtake
2022_Monaco_Grand_Prix|MAG|4|fast,2022_Monaco_Grand_Prix,MAG,4,270001.520,270005.511,270006.276,3.991,4.756,0.250,0,fast_local,redis_cache,0.765,overtake
2022_Monaco_Grand_Prix|MAG|4|smart,2022_Monaco_Grand_Prix,MAG,4,270001.520,270941.554,271098.454,940.034,1096.934,0.250,0,smart_cloud,cassandra,156.900,overtake
2022_Monaco_Grand_Prix|MSC|4|fast,2022_Monaco_Grand_Prix,MSC,4,270002.043,270006.276,270007.041,4.233,4.999,0.450,0,fast_local,redis_cache,0.765,overtake
2022_Monaco_Grand_Prix|MSC|4|smart,2022_Monaco_Grand_Prix,MSC,4,270002.043,271098.454,271255.354,1096.411,1253.311,0.450,0,smart_cloud,cassandra,156.900,overtake
2022_Monaco_Grand_Prix|NOR|4|fast,2022_Monaco_Grand_Prix,NOR,4,270002.184,270007.041,270007.807,4.858,5.623,0.250,0,fast_local,redis_cache,0.765,overtake
2022_Monaco_Grand_Prix|NOR|4|smart,2022_Monaco_Grand_Prix,NOR,4,270002.184,271255.354,271412.254,1253.171,1410.071,0.250,0,smart_cloud,cassandra,156.900,overtake
2022_Monaco_Grand_Prix|OCO|4|fast,2022_Monaco_Grand_Prix,OCO,4,270002.355,270007.807,270008.572,5.451,6.216,0.100,0,fast_local,redis_cache,0.765,overtake
2022_Monaco_Grand_Prix|OCO|4|smart,2022_Monaco_Grand_Prix,OCO,4,270002.355,271412.254,271569.154,1409.899,1566.799,0.100,0,smart_cloud,cassandra,156.900,overtake
2022_Monaco_Grand_Prix|PER|4|fast,2022_Monaco_Grand_Prix,PER,4,270002.768,270008.572,270009.337,5.804,6.569,0.500,1,fast_local,redis_cache,0.765,overtake
2022_Monaco_Grand_Prix|PER|4|smart,2022_Monaco_Grand_Prix,PER,4,270002.768,271569.154,271726.054,1566.386,1723.286,0.500,1,smart_cloud,cassandra,156.900,overtake
2022_Monaco_Grand_Prix|RIC|4|fast,2022_Monaco_Grand_Prix,RIC,4,270002.785,270009.337,270010.102,6.552,7.317,0.250,0,fast_local,redis_cache,0.765,overtake
2022_Monaco_Grand_Prix|RIC|4|smart,2022_Monaco_Grand_Prix,RIC,4,270002.785,271726.054,271882.954,1723.269,1880.169,0.250,0,smart_cloud,cassandra,156.900,overtake
2022_Monaco_Grand_Prix|RUS|4|fast,2022_Monaco_Grand_Prix,RUS,4,270002.796,270010.102,270010.868,7.306,8.072,0.300,0,fast_local,redis_cache,0.765,overtake
2022_Monaco_Grand_Prix|RUS|4|smart,2022_Monaco_Grand_Prix,RUS,4,270002.796,271882.954,272039.854,1880.158,2037.058,0.300,0,smart_cloud,cassandra,156.900,overtake
2022_Monaco_Grand_Prix|SAI|4|fast,2022_Monaco_Grand_Prix,SAI,4,270002.826,270010.868,270011.633,8.041,8.807,0.300,0,fast_local,redis_cache,0.765,overtake
2022_Monaco_Grand_Prix|SAI|4|smart,2022_Monaco_Grand_Prix,SAI,4,270002.826,272039.854,272196.754,2037.028,2193.928,0.300,0,smart_cloud,cassandra,156.900,overtake
2022_Monaco_Grand_Prix|STR|4|fast,2022_Monaco_Grand_Prix,STR,4,270003.174,270011.633,270012.398,8.459,9.225,0.100,0,fast_local,redis_cache,0.765,overtake
2022_Monaco_Grand_Prix|STR|4|smart,2022_Monaco_Grand_Prix,STR,4,270003.174,272196.754,272353.654,2193.580,2350.480,0.100,0,smart_cloud,cassandra,156.900,overtake
2022_Monaco_Grand_Prix|TSU|4|fast,2022_Monaco_Grand_Prix,TSU,4,270003.310,270012.398,270013.163,9.089,9.854,0.450,0,fast_local,redis_cache,0.765,overtake
2022_Monaco_Grand_Prix|TSU|4|smart,2022_Monaco_Grand_Prix,TSU,4,270003.310,272353.654,272510.554,2350.345,2507.245,0.450,0,smart_cloud,cassandra,156.900,overtake
2022_Monaco_Grand_Prix|VER|4|fast,2022_Monaco_Grand_Prix,VER,4,270003.342,270013.163,270013.929,9.821,10.587,0.250,0,fast_local,redis_cache,0.765,overtake
2022_Monaco_Grand_Prix|VER|4|smart,2022_Monaco_Grand_Prix,VER,4,270003.342,272510.554,272667.454,2507.212,2664.112,0.250,0,smart_cloud,cassandra,156.900,overtake
2022_Monaco_Grand_Prix|VET|4|fast,2022_Monaco_Grand_Prix,VET,4,270003.825,270013.929,270014.694,10.104,10.869,0.100,0,fast_local,redis_cache,0.765,overtake
2022_Monaco_Grand_Prix|VET|4|smart,2022_Monaco_Grand_Prix,VET,4,270003.825,272667.454,272824.354,2663.629,2820.529,0.100,0,smart_cloud,cassandra,156.900,overtake
2022_Monaco_Grand_Prix|ZHO|4|fast,2022_Monaco_Grand_Prix,ZHO,4,270004.267,270014.694,270015.459,10.427,11.192,0.150,0,fast_local,redis_cache,0.765,overtake
2022_Monaco_Grand_Prix|ZHO|4|smart,2022_Monaco_Grand_Prix,ZHO,4,270004.267,272824.354,272981.254,2820.087,2976.987,0.150,0,smart_cloud,cassandra,156.900,overtake
2022_Monaco_Grand_Prix|ALB|5|fast,2022_Monaco_Grand_Prix,ALB,5,360000.114,360000.114,360000.879,0.000,0.765,0.700,1,fast_local,redis_cache,0.765,caution+overtake
2022_Monaco_Grand_Prix|ALO|5|fast,2022_Monaco_Grand_Prix,ALO,5,360000.438,360000.879,360001.644,0.441,1.206,0.250,0,fast_local,redis_cache,0.765,caution+overtake
2022_Monaco_Grand_Prix|ALO|5|smart,2022_Monaco_Grand_Prix,ALO,5,360000.438,360000.438,360157.338,0.000,156.900,0.250,0,smart_cloud,cassandra,156.900,caution+overtake
2022_Monaco_Grand_Prix|BOT|5|fast,2022_Monaco_Grand_Prix,BOT,5,360000.450,360001.644,360002.409,1.194,1.959,0.600,1,fast_local,redis_cache,0.765,caution+overtake
2022_Monaco_Grand_Prix|GAS|5|fast,2022_Monaco_Grand_Prix,GAS,5,360000.590,360002.409,360003.175,1.819,2.585,0.550,1,fast_local,redis_cache,0.765,caution+overtake
2022_Monaco_Grand_Prix|HAM|5|fast,2022_Monaco_Grand_Prix,HAM,5,360000.762,360003.175,360003.940,2.413,3.178,0.150,0,fast_local,redis_cache,0.765,caution+overtake
2022_Monaco_Grand_Prix|HAM|5|smart,2022_Monaco_Grand_Prix,HAM,5,360000.762,360157.338,360314.238,156.577,313.477,0.150,0,smart_cloud,cassandra,156.900,caution+overtake
2022_Monaco_Grand_Prix|LAT|5|fast,2022_Monaco_Grand_Prix,LAT,5,360000.806,360003.940,360004.705,3.133,3.899,0.400,0,fast_local,redis_cache,0.765,caution+overtake
2022_Monaco_Grand_Prix|LAT|5|smart,2022_Monaco_Grand_Prix,LAT,5,360000.806,360314.238,360471.138,313.432,470.332,0.400,0,smart_cloud,cassandra,156.900,caution+overtake
2022_Monaco_Grand_Prix|LEC|5|fast,2022_Monaco_Grand_Prix,LEC,5,360000.835,360004.705,360005.470,3.870,4.635,0.100,0,fast_local,redis_cache,0.765,caution+overtake
2022_Monaco_Grand_Prix|LEC|5|smart,2022_Monaco_Grand_Prix,LEC,5,360000.835,360471.138,360628.038,470.303,627.203,0.100,0,smart_cloud,cassandra,156.900,caution+overtake
2022_Monaco_Grand_Prix|MAG|5|fast,2022_Monaco_Grand_Prix,MAG,5,360001.508,360005.470,360006.236,3.963,4.728,0.400,0,fast_local,redis_cache,0.765,caution+overtake
2022_Monaco_Grand_Prix|MAG|5|smart,2022_Monaco_Grand_Prix,MAG,5,360001.508,360628.038,360784.938,626.531,783.431,0.400,0,smart_cloud,cassandra,156.900,caution+overtake
2022_Monaco_Grand_Prix|MSC|5|fast,2022_Monaco_Grand_Prix,MSC,5,360001.809,360006.236,360007.001,4.427,5.192,0.400,0,fast_local,redis_cache,0.765,caution+overtake
2022_Monaco_Grand_Prix|MSC|5|smart,2022_Monaco_Grand_Prix,MSC,5,360001.809,360784.938,360941.838,783.129,940.029,0.400,0,smart_cloud,cassandra,156.900,caution+overtake
2022_Monaco_Grand_Prix|NOR|5|fast,2022_Monaco_Grand_Prix,NOR,5,360001.905,360007.001,360007.766,5.096,5.861,0.250,0,fast_local,redis_cache,0.765,caution+overtake
2022_Monaco_Grand_Prix|NOR|5|smart,2022_Monaco_Grand_Prix,NOR,5,360001.905,360941.838,361098.738,939.933,1096.833,0.250,0,smart_cloud,cassandra,156.900,caution+overtake
2022_Monaco_Grand_Prix|OCO|5|fast,2022_Monaco_Grand_Prix,OCO,5,360002.032,360007.766,360008.531,5.734,6.499,0.100,0,fast_local,redis_cache,0.765,caution+overtake
2022_Monaco_Grand_Prix|OCO|5|smart,2022_Monaco_Grand_Prix,OCO,5,360002.032,361098.738,361255.638,1096.706,1253.606,0.100,0,smart_cloud,cassandra,156.900,caution+overtake
2022_Monaco_Grand_Prix|PER|5|fast,2022_Monaco_Grand_Prix,PER,5,360002.231,360008.531,360009.297,6.301,7.066,0.300,0,fast_local,redis_cache,0.765,caution+overtake
2022_Monaco_Grand_Prix|PER|5|smart,2022_Monaco_Grand_Prix,PER,5,360002.231,361255.638,361412.538,1253.407,1410.307,0.300,0,smart_cloud,cassandra,156.900,caution+overtake
2022_Monaco_Grand_Prix|RIC|5|fast,2022_Monaco_Grand_Prix,RIC,5,360002.309,360009.297,360010.062,6.987,7.752,0.800,1,fast_local,redis_cache,0.765,caution+overtake
2022_Monaco_Grand_Prix|RUS|5|fast,2022_Monaco_Grand_Prix,RUS,5,360002.505,360010.062,360010.827,7.557,8.322,0.150,0,fast_local,redis_cache,0.765,caution+overtake
2022_Monaco_Grand_Prix|RUS|5|smart,2022_Monaco_Grand_Prix,RUS,5,360002.505,361412.538,361569.438,1410.033,1566.933,0.150,0,smart_cloud,cassandra,156.900,caution+overtake
2022_Monaco_Grand_Prix|SAI|5|fast,2022_Monaco_Grand_Prix,SAI,5,360003.151,360010.827,360011.592,7.676,8.441,0.250,0,fast_local,redis_cache,0.765,caution+overtake
2022_Monaco_Grand_Prix|SAI|5|smart,2022_Monaco_Grand_Prix,SAI,5,360003.151,361569.438,361726.338,1566.287,1723.187,0.250,0,smart_cloud,cassandra,156.900,caution+overtake
2022_Monaco_Grand_Prix|STR|5|fast,2022_Monaco_Grand_Prix,STR,5,360003.322,360011.592,360012.358,8.271,9.036,0.400,0,fast_local,redis_cache,0.765,caution+overtake
2022_Monaco_Grand_Prix|STR|5|smart,2022_Monaco_Grand_Prix,STR,5,360003.322,361726.338,361883.238,1723.017,1879.917,0.400,0,smart_cloud,cassandra,156.900,caution+overtake
2022_Monaco_Grand_Prix|TSU|5|fast,2022_Monaco_Grand_Prix,TSU,5,360003.482,360012.358,360013.123,8.876,9.641,0.450,0,fast_local,redis_cache,0.765,caution+overtake
2022_Monaco_Grand_Prix|TSU|5|smart,2022_Monaco_Grand_Prix,TSU,5,360003.482,361883.238,362040.138,1879.757,2036.657,0.450,0,smart_cloud,cassandra,156.900,caution+overtake
2022_Monaco_Grand_Prix|VER|5|fast,2022_Monaco_Grand_Prix,VER,5,360003.612,360013.123,360013.888,9.511,10.276,0.150,0,fast_local,redis_cache,0.765,caution+overtake
2022_Monaco_Grand_Prix|VER|5|smart,2022_Monaco_Grand_Prix,VER,5,360003.612,362040.138,362197.038,2036.526,2193.426,0.150,0,smart_cloud,cassandra,156.900,caution+overtake
2022_Monaco_Grand_Prix|VET|5|fast,2022_Monaco_Grand_Prix,VET,5,360003.919,360013.888,360014.653,9.969,10.734,0.100,0,fast_local,redis_cache,0.765,caution+overtake
2022_Monaco_Grand_Prix|VET|5|smart,2022_Monaco_Grand_Prix,VET,5,360003.919,362197.038,362353.938,2193.119,2350.019,0.100,0,smart_cloud,cassandra,156.900,caution+overtake
2022_Monaco_Grand_Prix|ZHO|5|fast,2022_Monaco_Grand_Prix,ZHO,5,360004.070,360014.653,360015.419,10.583,11.348,0.800,1,fast_local,redis_cache,0.765,caution+overtake
2022_Monaco_Grand_Prix|ALB|6|fast,2022_Monaco_Grand_Prix,ALB,6,450000.482,450000.482,450001.247,0.000,0.765,1.000,1,fast_local,redis_cache,0.765,caution+rain+overtake
2022_Monaco_Grand_Prix|ALO|6|fast,2022_Monaco_Grand_Prix,ALO,6,450000.884,450001.247,450002.012,0.363,1.129,0.600,1,fast_local,redis_cache,0.765,caution+rain+overtake
2022_Monaco_Grand_Prix|BOT|6|fast,2022_Monaco_Grand_Prix,BOT,6,450001.012,450002.012,450002.778,1.001,1.766,0.950,1,fast_local,redis_cache,0.765,caution+rain+overtake
2022_Monaco_Grand_Prix|GAS|6|fast,2022_Monaco_Grand_Prix,GAS,6,450001.329,450002.778,450003.543,1.448,2.214,0.450,0,fast_local,redis_cache,0.765,caution+rain+overtake
2022_Monaco_Grand_Prix|GAS|6|smart,2022_Monaco_Grand_Prix,GAS,6,450001.329,450001.329,450158.229,0.000,156.900,0.450,0,smart_cloud,cassandra,156.900,caution+rain+overtake
2022_Monaco_Grand_Prix|HAM|6|fast,2022_Monaco_Grand_Prix,HAM,6,450001.361,450003.543,450004.308,2.182,2.947,0.600,1,fast_local,redis_cache,0.765,caution+rain+overtake
2022_Monaco_Grand_Prix|LAT|6|fast,2022_Monaco_Grand_Prix,LAT,6,450001.530,450004.308,450005.073,2.778,3.544,0.300,0,fast_local,redis_cache,0.765,caution+rain+overtake
2022_Monaco_Grand_Prix|LAT|6|smart,2022_Monaco_Grand_Prix,LAT,6,450001.530,450158.229,450315.129,156.700,313.600,0.300,0,smart_cloud,cassandra,156.900,caution+rain+overtake
2022_Monaco_Grand_Prix|LEC|6|fast,2022_Monaco_Grand_Prix,LEC,6,450002.160,450005.073,450005.839,2.913,3.678,0.600,1,fast_local,redis_cache,0.765,caution+rain+overtake
2022_Monaco_Grand_Prix|MAG|6|fast,2022_Monaco_Grand_Prix,MAG,6,450002.247,450005.839,450006.604,3.592,4.357,0.900,1,fast_local,redis_cache,0.765,caution+rain+overtake
2022_Monaco_Grand_Prix|MSC|6|fast,2022_Monaco_Grand_Prix,MSC,6,450002.279,450006.604,450007.369,4.325,5.090,0.350,0,fast_local,redis_cache,0.765,caution+rain+overtake
2022_Monaco_Grand_Prix|MSC|6|smart,2022_Monaco_Grand_Prix,MSC,6,450002.279,450315.129,450472.029,312.850,469.750,0.350,0,smart_cloud,cassandra,156.900,caution+rain+overtake
2022_Monaco_Grand_Prix|NOR|6|fast,2022_Monaco_Grand_Prix,NOR,6,450002.896,450007.369,450008.134,4.473,5.238,0.950,1,fast_local,redis_cache,0.765,caution+rain+overtake
2022_Monaco_Grand_Prix|OCO|6|fast,2022_Monaco_Grand_Prix,OCO,6,450003.499,450008.134,450008.900,4.636,5.401,0.600,1,fast_local,redis_cache,0.765,caution+rain+overtake
2022_Monaco_Grand_Prix|PER|6|fast,2022_Monaco_Grand_Prix,PER,6,450003.584,450008.900,450009.665,5.315,6.081,0.800,1,fast_local,redis_cache,0.765,caution+rain+overtake
2022_Monaco_Grand_Prix|RIC|6|fast,2022_Monaco_Grand_Prix,RIC,6,450003.597,450009.665,450010.430,6.068,6.833,1.000,1,fast_local,redis_cache,0.765,caution+rain+overtake
2022_Monaco_Grand_Prix|RUS|6|fast,2022_Monaco_Grand_Prix,RUS,6,450003.793,450010.430,450011.195,6.638,7.403,0.750,1,fast_local,redis_cache,0.765,caution+rain+overtake
2022_Monaco_Grand_Prix|SAI|6|fast,2022_Monaco_Grand_Prix,SAI,6,450003.894,450011.195,450011.961,7.302,8.067,0.750,1,fast_local,redis_cache,0.765,caution+rain+overtake
2022_Monaco_Grand_Prix|STR|6|fast,2022_Monaco_Grand_Prix,STR,6,450004.283,450011.961,450012.726,7.678,8.443,0.300,0,fast_local,redis_cache,0.765,caution+rain+overtake
2022_Monaco_Grand_Prix|STR|6|smart,2022_Monaco_Grand_Prix,STR,6,450004.283,450472.029,450628.929,467.746,624.646,0.300,0,smart_cloud,cassandra,156.900,caution+rain+overtake
2022_Monaco_Grand_Prix|TSU|6|fast,2022_Monaco_Grand_Prix,TSU,6,450004.513,450012.726,450013.491,8.213,8.978,0.750,1,fast_local,redis_cache,0.765,caution+rain+overtake
2022_Monaco_Grand_Prix|VER|6|fast,2022_Monaco_Grand_Prix,VER,6,450004.543,450013.491,450014.256,8.948,9.714,0.650,1,fast_local,redis_cache,0.765,caution+rain+overtake
2022_Monaco_Grand_Prix|VET|6|fast,2022_Monaco_Grand_Prix,VET,6,450004.809,450014.256,450015.022,9.447,10.212,0.600,1,fast_local,redis_cache,0.765,caution+rain+overtake
2022_Monaco_Grand_Prix|ZHO|6|fast,2022_Monaco_Grand_Prix,ZHO,6,450004.846,450015.022,450015.787,10.176,10.941,0.800,1,fast_local,redis_cache,0.765,caution+rain+overtake
2022_Monaco_Grand_Prix|ALB|7|fast,2022_Monaco_Grand_Prix,ALB,7,540000.114,540000.114,540000.879,0.000,0.765,0.600,1,fast_local,redis_cache,0.765,rain+overtake
2022_Monaco_Grand_Prix|ALO|7|fast,2022_Monaco_Grand_Prix,ALO,7,540000.208,540000.879,540001.645,0.671,1.436,0.300,0,fast_local,redis_cache,0.765,rain+overtake
2022_Monaco_Grand_Prix|ALO|7|smart,2022_Monaco_Grand_Prix,ALO,7,540000.208,540000.208,540157.108,0.000,156.900,0.300,0,smart_cloud,cassandra,156.900,rain+overtake
2022_Monaco_Grand_Prix|BOT|7|fast,2022_Monaco_Grand_Prix,BOT,7,540000.422,540001.645,540002.410,1.222,1.988,0.650,1,fast_local,redis_cache,0.765,rain+overtake
2022_Monaco_Grand_Prix|GAS|7|fast,2022_Monaco_Grand_Prix,GAS,7,540000.517,540002.410,540003.175,1.893,2.658,0.450,0,fast_local,redis_cache,0.765,rain+overtake
2022_Monaco_Grand_Prix|GAS|7|smart,2022_Monaco_Grand_Prix,GAS,7,540000.517,540157.108,540314.008,156.591,313.491,0.450,0,smart_cloud,cassandra,156.900,rain+overtake
2022_Monaco_Grand_Prix|HAM|7|fast,2022_Monaco_Grand_Prix,HAM,7,540000.723,540003.175,540003.940,2.452,3.218,0.300,0,fast_local,redis_cache,0.765,rain+overtake
2022_Monaco_Grand_Prix|HAM|7|smart,2022_Monaco_Grand_Prix,HAM,7,540000.723,540314.008,540470.908,313.285,470.185,0.300,0,smart_cloud,cassandra,156.900,rain+overtake
2022_Monaco_Grand_Prix|LAT|7|fast,2022_Monaco_Grand_Prix,LAT,7,540000.853,540003.940,540004.706,3.087,3.853,0.300,0,fast_local,redis_cache,0.765,rain+overtake
2022_Monaco_Grand_Prix|LAT|7|smart,2022_Monaco_Grand_Prix,LAT,7,540000.853,540470.908,540627.808,470.055,626.955,0.300,0,smart_cloud,cassandra,156.900,rain+overtake
2022_Monaco_Grand_Prix|LEC|7|fast,2022_Monaco_Grand_Prix,LEC,7,540001.649,540004.706,540005.471,3.056,3.821,0.300,0,fast_local,redis_cache,0.765,rain+overtake
2022_Monaco_Grand_Prix|LEC|7|smart,2022_Monaco_Grand_Prix,LEC,7,540001.649,540627.808,540784.708,626.159,783.059,0.300,0,smart_cloud,cassandra,156.900,rain+overtake
2022_Monaco_Grand_Prix|MAG|7|fast,2022_Monaco_Grand_Prix,MAG,7,540001.734,540005.471,540006.236,3.736,4.502,0.450,0,fast_local,redis_cache,0.765,rain+overtake
2022_Monaco_Grand_Prix|MAG|7|smart,2022_Monaco_Grand_Prix,MAG,7,540001.734,540784.708,540941.608,782.974,939.874,0.450,0,smart_cloud,cassandra,156.900,rain+overtake
2022_Monaco_Grand_Prix|MSC|7|fast,2022_Monaco_Grand_Prix,MSC,7,540002.079,540006.236,540007.001,4.157,4.922,0.500,1,fast_local,redis_cache,0.765,rain+overtake
2022_Monaco_Grand_Prix|MSC|7|smart,2022_Monaco_Grand_Prix,MSC,7,540002.079,540941.608,541098.508,939.529,1096.429,0.500,1,smart_cloud,cassandra,156.900,rain+overtake
2022_Monaco_Grand_Prix|NOR|7|fast,2022_Monaco_Grand_Prix,NOR,7,540002.412,540007.001,540007.767,4.590,5.355,0.450,0,fast_local,redis_cache,0.765,rain+overtake
2022_Monaco_Grand_Prix|NOR|7|smart,2022_Monaco_Grand_Prix,NOR,7,540002.412,541098.508,541255.408,1096.097,1252.997,0.450,0,smart_cloud,cassandra,156.900,rain+overtake
2022_Monaco_Grand_Prix|OCO|7|fast,2022_Monaco_Grand_Prix,OCO,7,540002.470,540007.767,540008.532,5.297,6.062,0.300,0,fast_local,redis_cache,0.765,rain+overtake
2022_Monaco_Grand_Prix|OCO|7|smart,2022_Monaco_Grand_Prix,OCO,7,540002.470,541255.408,541412.308,1252.938,1409.838,0.300,0,smart_cloud,cassandra,156.900,rain+overtake
2022_Monaco_Grand_Prix|PER|7|fast,2022_Monaco_Grand_Prix,PER,7,540002.905,540008.532,540009.297,5.626,6.392,0.500,1,fast_local,redis_cache,0.765,rain+overtake
2022_Monaco_Grand_Prix|PER|7|smart,2022_Monaco_Grand_Prix,PER,7,540002.905,541412.308,541569.208,1409.403,1566.303,0.500,1,smart_cloud,cassandra,156.900,rain+overtake
2022_Monaco_Grand_Prix|RIC|7|fast,2022_Monaco_Grand_Prix,RIC,7,540002.920,540009.297,540010.062,6.377,7.142,0.650,1,fast_local,redis_cache,0.765,rain+overtake
2022_Monaco_Grand_Prix|RUS|7|fast,2022_Monaco_Grand_Prix,RUS,7,540002.938,540010.062,540010.828,7.124,7.889,0.350,0,fast_local,redis_cache,0.765,rain+overtake
2022_Monaco_Grand_Prix|RUS|7|smart,2022_Monaco_Grand_Prix,RUS,7,540002.938,541569.208,541726.108,1566.270,1723.170,0.350,0,smart_cloud,cassandra,156.900,rain+overtake
2022_Monaco_Grand_Prix|SAI|7|fast,2022_Monaco_Grand_Prix,SAI,7,540002.955,540010.828,540011.593,7.873,8.638,0.450,0,fast_local,redis_cache,0.765,rain+overtake
2022_Monaco_Grand_Prix|SAI|7|smart,2022_Monaco_Grand_Prix,SAI,7,540002.955,541726.108,541883.008,1723.153,1880.053,0.450,0,smart_cloud,cassandra,156.900,rain+overtake
2022_Monaco_Grand_Prix|STR|7|fast,2022_Monaco_Grand_Prix,STR,7,540003.137,540011.593,540012.358,8.456,9.221,0.300,0,fast_local,redis_cache,0.765,rain+overtake
2022_Monaco_Grand_Prix|STR|7|smart,2022_Monaco_Grand_Prix,STR,7,540003.137,541883.008,542039.908,1879.872,2036.772,0.300,0,smart_cloud,cassandra,156.900,rain+overtake
2022_Monaco_Grand_Prix|TSU|7|fast,2022_Monaco_Grand_Prix,TSU,7,540003.249,540012.358,540013.123,9.109,9.874,0.350,0,fast_local,redis_cache,0.765,rain+overtake
2022_Monaco_Grand_Prix|TSU|7|smart,2022_Monaco_Grand_Prix,TSU,7,540003.249,542039.908,542196.808,2036.659,2193.559,0.350,0,smart_cloud,cassandra,156.900,rain+overtake
2022_Monaco_Grand_Prix|VER|7|fast,2022_Monaco_Grand_Prix,VER,7,540003.914,540013.123,540013.889,9.210,9.975,0.350,0,fast_local,redis_cache,0.765,rain+overtake
2022_Monaco_Grand_Prix|VER|7|smart,2022_Monaco_Grand_Prix,VER,7,540003.914,542196.808,542353.708,2192.894,2349.794,0.350,0,smart_cloud,cassandra,156.900,rain+overtake
2022_Monaco_Grand_Prix|VET|7|fast,2022_Monaco_Grand_Prix,VET,7,540004.626,540013.889,540014.654,9.263,10.028,0.450,0,fast_local,redis_cache,0.765,rain+overtake
2022_Monaco_Grand_Prix|VET|7|smart,2022_Monaco_Grand_Prix,VET,7,540004.626,542353.708,542510.608,2349.082,2505.982,0.450,0,smart_cloud,cassandra,156.900,rain+overtake
2022_Monaco_Grand_Prix|ZHO|7|fast,2022_Monaco_Grand_Prix,ZHO,7,540004.793,540014.654,540015.419,9.861,10.626,0.700,1,fast_local,redis_cache,0.765,rain+overtake
2022_Monaco_Grand_Prix|ALB|8|fast,2022_Monaco_Grand_Prix,ALB,8,630000.108,630000.108,630000.873,0.000,0.765,0.800,1,fast_local,redis_cache,0.765,rain+overtake
2022_Monaco_Grand_Prix|ALO|8|fast,2022_Monaco_Grand_Prix,ALO,8,630000.414,630000.873,630001.639,0.460,1.225,0.300,0,fast_local,redis_cache,0.765,rain+overtake
2022_Monaco_Grand_Prix|ALO|8|smart,2022_Monaco_Grand_Prix,ALO,8,630000.414,630000.414,630157.314,0.000,156.900,0.300,0,smart_cloud,cassandra,156.900,rain+overtake
2022_Monaco_Grand_Prix|BOT|8|fast,2022_Monaco_Grand_Prix,BOT,8,630000.543,630001.639,630002.404,1.096,1.861,0.650,1,fast_local,redis_cache,0.765,rain+overtake
2022_Monaco_Grand_Prix|GAS|8|fast,2022_Monaco_Grand_Prix,GAS,8,630000.701,630002.404,630003.169,1.703,2.468,0.450,0,fast_local,redis_cache,0.765,rain+overtake
2022_Monaco_Grand_Prix|GAS|8|smart,2022_Monaco_Grand_Prix,GAS,8,630000.701,630157.314,630314.214,156.612,313.512,0.450,0,smart_cloud,cassandra,156.900,rain+overtake
2022_Monaco_Grand_Prix|HAM|8|fast,2022_Monaco_Grand_Prix,HAM,8,630001.335,630003.169,630003.934,1.834,2.599,0.300,0,fast_local,redis_cache,0.765,rain+overtake
2022_Monaco_Grand_Prix|HAM|8|smart,2022_Monaco_Grand_Prix,HAM,8,630001.335,630314.214,630471.114,312.879,469.779,0.300,0,smart_cloud,cassandra,156.900,rain+overtake
2022_Monaco_Grand_Prix|LAT|8|fast,2022_Monaco_Grand_Prix,LAT,8,630001.406,630003.934,630004.700,2.528,3.293,0.300,0,fast_local,redis_cache,0.765,rain+overtake
2022_Monaco_Grand_Prix|LAT|8|smart,2022_Monaco_Grand_Prix,LAT,8,630001.406,630471.114,630628.014,469.707,626.607,0.300,0,smart_cloud,cassandra,156.900,rain+overtake
2022_Monaco_Grand_Prix|LEC|8|fast,2022_Monaco_Grand_Prix,LEC,8,630001.658,630004.700,630005.465,3.042,3.807,0.300,0,fast_local,redis_cache,0.765,rain+overtake
2022_Monaco_Grand_Prix|LEC|8|smart,2022_Monaco_Grand_Prix,LEC,8,630001.658,630628.014,630784.914,626.356,783.256,0.300,0,smart_cloud,cassandra,156.900,rain+overtake
2022_Monaco_Grand_Prix|MAG|8|fast,2022_Monaco_Grand_Prix,MAG,8,630002.195,630005.465,630006.230,3.270,4.036,0.450,0,fast_local,redis_cache,0.765,rain+overtake
2022_Monaco_Grand_Prix|MAG|8|smart,2022_Monaco_Grand_Prix,MAG,8,630002.195,630784.914,630941.814,782.719,939.619,0.450,0,smart_cloud,cassandra,156.900,rain+overtake
2022_Monaco_Grand_Prix|MSC|8|fast,2022_Monaco_Grand_Prix,MSC,8,630002.367,630006.230,630006.995,3.863,4.628,0.450,0,fast_local,redis_cache,0.765,rain+overtake
2022_Monaco_Grand_Prix|MSC|8|smart,2022_Monaco_Grand_Prix,MSC,8,630002.367,630941.814,631098.714,939.446,1096.346,0.450,0,smart_cloud,cassandra,156.900,rain+overtake
2022_Monaco_Grand_Prix|NOR|8|fast,2022_Monaco_Grand_Prix,NOR,8,630002.433,630006.995,630007.761,4.562,5.327,0.450,0,fast_local,redis_cache,0.765,rain+overtake
2022_Monaco_Grand_Prix|NOR|8|smart,2022_Monaco_Grand_Prix,NOR,8,630002.433,631098.714,631255.614,1096.280,1253.180,0.450,0,smart_cloud,cassandra,156.900,rain+overtake
2022_Monaco_Grand_Prix|OCO|8|fast,2022_Monaco_Grand_Prix,OCO,8,630002.454,630007.761,630008.526,5.307,6.072,0.300,0,fast_local,redis_cache,0.765,rain+overtake
2022_Monaco_Grand_Prix|OCO|8|smart,2022_Monaco_Grand_Prix,OCO,8,630002.454,631255.614,631412.514,1253.160,1410.060,0.300,0,smart_cloud,cassandra,156.900,rain+overtake
2022_Monaco_Grand_Prix|PER|8|fast,2022_Monaco_Grand_Prix,PER,8,630002.603,630008.526,630009.291,5.922,6.688,0.500,1,fast_local,redis_cache,0.765,rain+overtake
2022_Monaco_Grand_Prix|PER|8|smart,2022_Monaco_Grand_Prix,PER,8,630002.603,631412.514,631569.414,1409.910,1566.810,0.500,1,smart_cloud,cassandra,156.900,rain+overtake
2022_Monaco_Grand_Prix|RIC|8|fast,2022_Monaco_Grand_Prix,RIC,8,630002.770,630009.291,630010.056,6.521,7.286,0.650,1,fast_local,redis_cache,0.765,rain+overtake
2022_Monaco_Grand_Prix|RUS|8|fast,2022_Monaco_Grand_Prix,RUS,8,630002.859,630010.056,630010.822,7.198,7.963,0.350,0,fast_local,redis_cache,0.765,rain+overtake
2022_Monaco_Grand_Prix|RUS|8|smart,2022_Monaco_Grand_Prix,RUS,8,630002.859,631569.414,631726.314,1566.555,1723.455,0.350,0,smart_cloud,cassandra,156.900,rain+overtake
2022_Monaco_Grand_Prix|SAI|8|fast,2022_Monaco_Grand_Prix,SAI,8,630003.297,630010.822,630011.587,7.524,8.290,0.450,0,fast_local,redis_cache,0.765,rain+overtake
2022_Monaco_Grand_Prix|SAI|8|smart,2022_Monaco_Grand_Prix,SAI,8,630003.297,631726.314,631883.214,1723.017,1879.917,0.450,0,smart_cloud,cassandra,156.900,rain+overtake
2022_Monaco_Grand_Prix|STR|8|fast,2022_Monaco_Grand_Prix,STR,8,630003.361,630011.587,630012.352,8.226,8.991,0.300,0,fast_local,redis_cache,0.765,rain+overtake
2022_Monaco_Grand_Prix|STR|8|smart,2022_Monaco_Grand_Prix,STR,8,630003.361,631883.214,632040.114,1879.852,2036.752,0.300,0,smart_cloud,cassandra,156.900,rain+overtake
2022_Monaco_Grand_Prix|TSU|8|fast,2022_Monaco_Grand_Prix,TSU,8,630003.635,630012.352,630013.117,8.717,9.482,0.350,0,fast_local,redis_cache,0.765,rain+overtake
2022_Monaco_Grand_Prix|TSU|8|smart,2022_Monaco_Grand_Prix,TSU,8,630003.635,632040.114,632197.014,2036.479,2193.379,0.350,0,smart_cloud,cassandra,156.900,rain+overtake
2022_Monaco_Grand_Prix|VER|8|fast,2022_Monaco_Grand_Prix,VER,8,630004.131,630013.117,630013.883,8.986,9.751,0.350,0,fast_local,redis_cache,0.765,rain+overtake
2022_Monaco_Grand_Prix|VER|8|smart,2022_Monaco_Grand_Prix,VER,8,630004.131,632197.014,632353.914,2192.882,2349.782,0.350,0,smart_cloud,cassandra,156.900,rain+overtake
2022_Monaco_Grand_Prix|VET|8|fast,2022_Monaco_Grand_Prix,VET,8,630004.481,630013.883,630014.648,9.402,10.167,0.300,0,fast_local,redis_cache,0.765,rain+overtake
2022_Monaco_Grand_Prix|VET|8|smart,2022_Monaco_Grand_Prix,VET,8,630004.481,632353.914,632510.814,2349.433,2506.333,0.300,0,smart_cloud,cassandra,156.900,rain+overtake
2022_Monaco_Grand_Prix|ZHO|8|fast,2022_Monaco_Grand_Prix,ZHO,8,630004.689,630014.648,630015.413,9.959,10.724,0.800,1,fast_local,redis_cache,0.765,rain+overtake
2022_Monaco_Grand_Prix|ALB|9|fast,2022_Monaco_Grand_Prix,ALB,9,720000.187,720000.187,720000.952,0.000,0.765,0.600,1,fast_local,redis_cache,0.765,rain+overtake
2022_Monaco_Grand_Prix|ALO|9|fast,2022_Monaco_Grand_Prix,ALO,9,720000.225,720000.952,720001.718,0.728,1.493,0.200,0,fast_local,redis_cache,0.765,rain+overtake
2022_Monaco_Grand_Prix|ALO|9|smart,2022_Monaco_Grand_Prix,ALO,9,720000.225,720000.225,720157.125,0.000,156.900,0.200,0,smart_cloud,cassandra,156.900,rain+overtake
2022_Monaco_Grand_Prix|BOT|9|fast,2022_Monaco_Grand_Prix,BOT,9,720000.539,720001.718,720002.483,1.179,1.944,0.350,0,fast_local,redis_cache,0.765,rain+overtake
2022_Monaco_Grand_Prix|BOT|9|smart,2022_Monaco_Grand_Prix,BOT,9,720000.539,720157.125,720314.025,156.586,313.486,0.350,0,smart_cloud,cassandra,156.900,rain+overtake
2022_Monaco_Grand_Prix|GAS|9|fast,2022_Monaco_Grand_Prix,GAS,9,720000.823,720002.483,720003.248,1.660,2.425,0.350,0,fast_local,redis_cache,0.765,rain+overtake
2022_Monaco_Grand_Prix|GAS|9|smart,2022_Monaco_Grand_Prix,GAS,9,720000.823,720314.025,720470.925,313.202,470.102,0.350,0,smart_cloud,cassandra,156.900,rain+overtake
2022_Monaco_Grand_Prix|HAM|9|fast,2022_Monaco_Grand_Prix,HAM,9,720001.151,720003.248,720004.013,2.097,2.862,0.200,0,fast_local,redis_cache,0.765,rain+overtake
2022_Monaco_Grand_Prix|HAM|9|smart,2022_Monaco_Grand_Prix,HAM,9,720001.151,720470.925,720627.825,469.773,626.673,0.200,0,smart_cloud,cassandra,156.900,rain+overtake
2022_Monaco_Grand_Prix|LAT|9|fast,2022_Monaco_Grand_Prix,LAT,9,720001.280,720004.013,720004.779,2.733,3.499,0.200,0,fast_local,redis_cache,0.765,rain+overtake
2022_Monaco_Grand_Prix|LAT|9|smart,2022_Monaco_Grand_Prix,LAT,9,720001.280,720627.825,720784.725,626.545,783.445,0.200,0,smart_cloud,cassandra,156.900,rain+overtake
2022_Monaco_Grand_Prix|LEC|9|fast,2022_Monaco_Grand_Prix,LEC,9,720001.455,720004.779,720005.544,3.324,4.089,0.200,0,fast_local,redis_cache,0.765,rain+overtake
2022_Monaco_Grand_Prix|LEC|9|smart,2022_Monaco_Grand_Prix,LEC,9,720001.455,720784.725,720941.625,783.270,940.170,0.200,0,smart_cloud,cassandra,156.900,rain+overtake
2022_Monaco_Grand_Prix|MAG|9|fast,2022_Monaco_Grand_Prix,MAG,9,720001.586,720005.544,720006.309,3.958,4.723,0.250,0,fast_local,redis_cache,0.765,rain+overtake
2022_Monaco_Grand_Prix|MAG|9|smart,2022_Monaco_Grand_Prix,MAG,9,720001.586,720941.625,721098.525,940.039,1096.939,0.250,0,smart_cloud,cassandra,156.900,rain+overtake
2022_Monaco_Grand_Prix|MSC|9|fast,2022_Monaco_Grand_Prix,MSC,9,720001.855,720006.309,720007.074,4.454,5.220,0.200,0,fast_local,redis_cache,0.765,rain+overtake
2022_Monaco_Grand_Prix|MSC|9|smart,2022_Monaco_Grand_Prix,MSC,9,720001.855,721098.525,721255.425,1096.670,1253.570,0.200,0,smart_cloud,cassandra,156.900,rain+overtake
2022_Monaco_Grand_Prix|NOR|9|fast,2022_Monaco_Grand_Prix,NOR,9,720002.175,720007.074,720007.840,4.899,5.664,0.350,0,fast_local,redis_cache,0.765,rain+overtake
2022_Monaco_Grand_Prix|NOR|9|smart,2022_Monaco_Grand_Prix,NOR,9,720002.175,721255.425,721412.325,1253.249,1410.149,0.350,0,smart_cloud,cassandra,156.900,rain+overtake
2022_Monaco_Grand_Prix|OCO|9|fast,2022_Monaco_Grand_Prix,OCO,9,720002.575,720007.840,720008.605,5.264,6.030,0.200,0,fast_local,redis_cache,0.765,rain+overtake
2022_Monaco_Grand_Prix|OCO|9|smart,2022_Monaco_Grand_Prix,OCO,9,720002.575,721412.325,721569.225,1409.749,1566.649,0.200,0,smart_cloud,cassandra,156.900,rain+overtake
2022_Monaco_Grand_Prix|PER|9|fast,2022_Monaco_Grand_Prix,PER,9,720002.774,720008.605,720009.370,5.831,6.596,0.400,0,fast_local,redis_cache,0.765,rain+overtake
2022_Monaco_Grand_Prix|PER|9|smart,2022_Monaco_Grand_Prix,PER,9,720002.774,721569.225,721726.125,1566.450,1723.350,0.400,0,smart_cloud,cassandra,156.900,rain+overtake
2022_Monaco_Grand_Prix|RIC|9|fast,2022_Monaco_Grand_Prix,RIC,9,720003.843,720009.370,720010.135,5.527,6.292,0.350,0,fast_local,redis_cache,0.765,rain+overtake
2022_Monaco_Grand_Prix|RIC|9|smart,2022_Monaco_Grand_Prix,RIC,9,720003.843,721726.125,721883.025,1722.281,1879.181,0.350,0,smart_cloud,cassandra,156.900,rain+overtake
2022_Monaco_Grand_Prix|RUS|9|fast,2022_Monaco_Grand_Prix,RUS,9,720004.041,720010.135,720010.901,6.094,6.859,0.250,0,fast_local,redis_cache,0.765,rain+overtake
2022_Monaco_Grand_Prix|RUS|9|smart,2022_Monaco_Grand_Prix,RUS,9,720004.041,721883.025,722039.925,1878.983,2035.883,0.250,0,smart_cloud,cassandra,156.900,rain+overtake
2022_Monaco_Grand_Prix|SAI|9|fast,2022_Monaco_Grand_Prix,SAI,9,720004.149,720010.901,720011.666,6.752,7.517,0.350,0,fast_local,redis_cache,0.765,rain+overtake
2022_Monaco_Grand_Prix|SAI|9|smart,2022_Monaco_Grand_Prix,SAI,9,720004.149,722039.925,722196.825,2035.776,2192.676,0.350,0,smart_cloud,cassandra,156.900,rain+overtake
2022_Monaco_Grand_Prix|STR|9|fast,2022_Monaco_Grand_Prix,STR,9,720004.458,720011.666,720012.431,7.207,7.973,0.200,0,fast_local,redis_cache,0.765,rain+overtake
2022_Monaco_Grand_Prix|STR|9|smart,2022_Monaco_Grand_Prix,STR,9,720004.458,722196.825,722353.725,2192.366,2349.266,0.200,0,smart_cloud,cassandra,156.900,rain+overtake
2022_Monaco_Grand_Prix|TSU|9|fast,2022_Monaco_Grand_Prix,TSU,9,720004.580,720012.431,720013.196,7.851,8.616,0.200,0,fast_local,redis_cache,0.765,rain+overtake
2022_Monaco_Grand_Prix|TSU|9|smart,2022_Monaco_Grand_Prix,TSU,9,720004.580,722353.725,722510.625,2349.144,2506.044,0.200,0,smart_cloud,cassandra,156.900,rain+overtake
2022_Monaco_Grand_Prix|VER|9|fast,2022_Monaco_Grand_Prix,VER,9,720004.680,720013.196,720013.962,8.516,9.281,0.250,0,fast_local,redis_cache,0.765,rain+overtake
2022_Monaco_Grand_Prix|VER|9|smart,2022_Monaco_Grand_Prix,VER,9,720004.680,722510.625,722667.525,2505.944,2662.844,0.250,0,smart_cloud,cassandra,156.900,rain+overtake
2022_Monaco_Grand_Prix|VET|9|fast,2022_Monaco_Grand_Prix,VET,9,720004.764,720013.962,720014.727,9.197,9.962,0.200,0,fast_local,redis_cache,0.765,rain+overtake
2022_Monaco_Grand_Prix|VET|9|smart,2022_Monaco_Grand_Prix,VET,9,720004.764,722667.525,722824.425,2662.760,2819.660,0.200,0,smart_cloud,cassandra,156.900,rain+overtake
2022_Monaco_Grand_Prix|ZHO|9|fast,2022_Monaco_Grand_Prix,ZHO,9,720004.962,720014.727,720015.492,9.765,10.530,0.700,1,fast_local,redis_cache,0.765,rain+overtake
2022_Monaco_Grand_Prix|ALB|10|fast,2022_Monaco_Grand_Prix,ALB,10,810000.472,810000.472,810001.238,0.000,0.765,0.800,1,fast_local,redis_cache,0.765,caution+rain+overtake
2022_Monaco_Grand_Prix|ALO|10|fast,2022_Monaco_Grand_Prix,ALO,10,810000.614,810001.238,810002.003,0.624,1.389,0.500,1,fast_local,redis_cache,0.765,caution+rain+overtake
2022_Monaco_Grand_Prix|ALO|10|smart,2022_Monaco_Grand_Prix,ALO,10,810000.614,810000.614,810157.514,0.000,156.900,0.500,1,smart_cloud,cassandra,156.900,caution+rain+overtake
2022_Monaco_Grand_Prix|BOT|10|fast,2022_Monaco_Grand_Prix,BOT,10,810000.766,810002.003,810002.768,1.236,2.002,0.650,1,fast_local,redis_cache,0.765,caution+rain+overtake
2022_Monaco_Grand_Prix|GAS|10|fast,2022_Monaco_Grand_Prix,GAS,10,810000.896,810002.768,810003.533,1.872,2.637,0.650,1,fast_local,redis_cache,0.765,caution+rain+overtake
2022_Monaco_Grand_Prix|HAM|10|fast,2022_Monaco_Grand_Prix,HAM,10,810000.982,810003.533,810004.299,2.551,3.316,0.500,1,fast_local,redis_cache,0.765,caution+rain+overtake
2022_Monaco_Grand_Prix|HAM|10|smart,2022_Monaco_Grand_Prix,HAM,10,810000.982,810157.514,810314.414,156.532,313.432,0.500,1,smart_cloud,cassandra,156.900,caution+rain+overtake
2022_Monaco_Grand_Prix|LAT|10|fast,2022_Monaco_Grand_Prix,LAT,10,810001.205,810004.299,810005.064,3.094,3.859,0.500,1,fast_local,redis_cache,0.765,caution+rain+overtake
2022_Monaco_Grand_Prix|LAT|10|smart,2022_Monaco_Grand_Prix,LAT,10,810001.205,810314.414,810471.314,313.209,470.109,0.500,1,smart_cloud,cassandra,156.900,caution+rain+overtake
2022_Monaco_Grand_Prix|LEC|10|fast,2022_Monaco_Grand_Prix,LEC,10,810001.312,810005.064,810005.829,3.752,4.517,0.500,1,fast_local,redis_cache,0.765,caution+rain+overtake
2022_Monaco_Grand_Prix|LEC|10|smart,2022_Monaco_Grand_Prix,LEC,10,810001.312,810471.314,810628.214,470.001,626.901,0.500,1,smart_cloud,cassandra,156.900,caution+rain+overtake
2022_Monaco_Grand_Prix|MAG|10|fast,2022_Monaco_Grand_Prix,MAG,10,810001.580,810005.829,810006.594,4.249,5.015,0.550,1,fast_local,redis_cache,0.765,caution+rain+overtake
2022_Monaco_Grand_Prix|MSC|10|fast,2022_Monaco_Grand_Prix,MSC,10,810001.868,810006.594,810007.360,4.726,5.491,0.650,1,fast_local,redis_cache,0.765,caution+rain+overtake
2022_Monaco_Grand_Prix|NOR|10|fast,2022_Monaco_Grand_Prix,NOR,10,810002.594,810007.360,810008.125,4.765,5.531,0.650,1,fast_local,redis_cache,0.765,caution+rain+overtake
2022_Monaco_Grand_Prix|OCO|10|fast,2022_Monaco_Grand_Prix,OCO,10,810002.997,810008.125,810008.890,5.128,5.893,0.500,1,fast_local,redis_cache,0.765,caution+rain+overtake
2022_Monaco_Grand_Prix|OCO|10|smart,2022_Monaco_Grand_Prix,OCO,10,810002.997,810628.214,810785.114,625.217,782.117,0.500,1,smart_cloud,cassandra,156.900,caution+rain+overtake
2022_Monaco_Grand_Prix|PER|10|fast,2022_Monaco_Grand_Prix,PER,10,810003.308,810008.890,810009.655,5.582,6.347,0.700,1,fast_local,redis_cache,0.765,caution+rain+overtake
2022_Monaco_Grand_Prix|RIC|10|fast,2022_Monaco_Grand_Prix,RIC,10,810003.734,810009.655,810010.421,5.921,6.687,0.850,1,fast_local,redis_cache,0.765,caution+rain+overtake
2022_Monaco_Grand_Prix|RUS|10|fast,2022_Monaco_Grand_Prix,RUS,10,810003.743,810010.421,810011.186,6.678,7.443,0.550,1,fast_local,redis_cache,0.765,caution+rain+overtake
2022_Monaco_Grand_Prix|SAI|10|fast,2022_Monaco_Grand_Prix,SAI,10,810003.860,810011.186,810011.951,7.326,8.091,0.650,1,fast_local,redis_cache,0.765,caution+rain+overtake
2022_Monaco_Grand_Prix|STR|10|fast,2022_Monaco_Grand_Prix,STR,10,810004.156,810011.951,810012.716,7.796,8.561,0.500,1,fast_local,redis_cache,0.765,caution+rain+overtake
2022_Monaco_Grand_Prix|STR|10|smart,2022_Monaco_Grand_Prix,STR,10,810004.156,810785.114,810942.014,780.958,937.858,0.500,1,smart_cloud,cassandra,156.900,caution+rain+overtake
2022_Monaco_Grand_Prix|TSU|10|fast,2022_Monaco_Grand_Prix,TSU,10,810004.373,810012.716,810013.482,8.344,9.109,0.550,1,fast_local,redis_cache,0.765,caution+rain+overtake
2022_Monaco_Grand_Prix|VER|10|fast,2022_Monaco_Grand_Prix,VER,10,810004.454,810013.482,810014.247,9.028,9.793,0.550,1,fast_local,redis_cache,0.765,caution+rain+overtake
2022_Monaco_Grand_Prix|VET|10|fast,2022_Monaco_Grand_Prix,VET,10,810004.467,810014.247,810015.012,9.780,10.545,0.500,1,fast_local,redis_cache,0.765,caution+rain+overtake
2022_Monaco_Grand_Prix|VET|10|smart,2022_Monaco_Grand_Prix,VET,10,810004.467,810942.014,811098.914,937.547,1094.447,0.500,1,smart_cloud,cassandra,156.900,caution+rain+overtake
2022_Monaco_Grand_Prix|ZHO|10|fast,2022_Monaco_Grand_Prix,ZHO,10,810004.684,810015.012,810015.777,10.328,11.093,0.900,1,fast_local,redis_cache,0.765,caution+rain+overtake
2022_Monaco_Grand_Prix|ALB|11|fast,2022_Monaco_Grand_Prix,ALB,11,900000.070,900000.070,900000.835,0.000,0.765,0.850,1,fast_local,redis_cache,0.765,caution+rain+overtake
2022_Monaco_Grand_Prix|ALO|11|fast,2022_Monaco_Grand_Prix,ALO,11,900000.609,900000.835,900001.600,0.226,0.991,0.650,1,fast_local,redis_cache,0.765,caution+rain+overtake
2022_Monaco_Grand_Prix|BOT|11|fast,2022_Monaco_Grand_Prix,BOT,11,900000.619,900001.600,900002.365,0.981,1.747,0.650,1,fast_local,redis_cache,0.765,caution+rain+overtake
2022_Monaco_Grand_Prix|GAS|11|fast,2022_Monaco_Grand_Prix,GAS,11,900000.655,900002.365,900003.131,1.710,2.475,0.650,1,fast_local,redis_cache,0.765,caution+rain+overtake
2022_Monaco_Grand_Prix|HAM|11|fast,2022_Monaco_Grand_Prix,HAM,11,900000.659,900003.131,900003.896,2.472,3.237,0.550,1,fast_local,redis_cache,0.765,caution+rain+overtake
2022_Monaco_Grand_Prix|LAT|11|fast,2022_Monaco_Grand_Prix,LAT,11,900000.719,900003.896,900004.661,3.176,3.942,0.200,0,fast_local,redis_cache,0.765,caution+rain+overtake
2022_Monaco_Grand_Prix|LAT|11|smart,2022_Monaco_Grand_Prix,LAT,11,900000.719,900000.719,900157.619,0.000,156.900,0.200,0,smart_cloud,cassandra,156.900,caution+rain+overtake
2022_Monaco_Grand_Prix|LEC|11|fast,2022_Monaco_Grand_Prix,LEC,11,900000.999,900004.661,900005.426,3.662,4.428,0.500,1,fast_local,redis_cache,0.765,caution+rain+overtake
2022_Monaco_Grand_Prix|LEC|11|smart,2022_Monaco_Grand_Prix,LEC,11,900000.999,900157.619,900314.519,156.621,313.521,0.500,1,smart_cloud,cassandra,156.900,caution+rain+overtake
2022_Monaco_Grand_Prix|MAG|11|fast,2022_Monaco_Grand_Prix,MAG,11,900001.148,900005.426,900006.192,4.278,5.043,0.550,1,fast_local,redis_cache,0.765,caution+rain+overtake
2022_Monaco_Grand_Prix|MSC|11|fast,2022_Monaco_Grand_Prix,MSC,11,900001.552,900006.192,900006.957,4.640,5.405,1.000,1,fast_local,redis_cache,0.765,caution+rain+overtake
2022_Monaco_Grand_Prix|NOR|11|fast,2022_Monaco_Grand_Prix,NOR,11,900002.504,900006.957,900007.722,4.453,5.218,0.650,1,fast_local,redis_cache,0.765,caution+rain+overtake
2022_Monaco_Grand_Prix|OCO|11|fast,2022_Monaco_Grand_Prix,OCO,11,900002.532,900007.722,900008.487,5.191,5.956,0.500,1,fast_local,redis_cache,0.765,caution+rain+overtake
2022_Monaco_Grand_Prix|OCO|11|smart,2022_Monaco_Grand_Prix,OCO,11,900002.532,900314.519,900471.419,311.988,468.888,0.500,1,smart_cloud,cassandra,156.900,caution+rain+overtake
2022_Monaco_Grand_Prix|PER|11|fast,2022_Monaco_Grand_Prix,PER,11,900002.906,900008.487,900009.253,5.582,6.347,0.700,1,fast_local,redis_cache,0.765,caution+rain+overtake
2022_Monaco_Grand_Prix|RIC|11|fast,2022_Monaco_Grand_Prix,RIC,11,900003.388,900009.253,900010.018,5.864,6.630,0.650,1,fast_local,redis_cache,0.765,caution+rain+overtake
2022_Monaco_Grand_Prix|RUS|11|fast,2022_Monaco_Grand_Prix,RUS,11,900003.471,900010.018,900010.783,6.547,7.312,0.550,1,fast_local,redis_cache,0.765,caution+rain+overtake
2022_Monaco_Grand_Prix|SAI|11|fast,2022_Monaco_Grand_Prix,SAI,11,900003.577,900010.783,900011.548,7.206,7.971,0.650,1,fast_local,redis_cache,0.765,caution+rain+overtake
2022_Monaco_Grand_Prix|STR|11|fast,2022_Monaco_Grand_Prix,STR,11,900003.695,900011.548,900012.314,7.854,8.619,0.200,0,fast_local,redis_cache,0.765,caution+rain+overtake
2022_Monaco_Grand_Prix|STR|11|smart,2022_Monaco_Grand_Prix,STR,11,900003.695,900471.419,900628.319,467.725,624.625,0.200,0,smart_cloud,cassandra,156.900,caution+rain+overtake
2022_Monaco_Grand_Prix|TSU|11|fast,2022_Monaco_Grand_Prix,TSU,11,900003.887,900012.314,900013.079,8.427,9.192,0.650,1,fast_local,redis_cache,0.765,caution+rain+overtake
2022_Monaco_Grand_Prix|VER|11|fast,2022_Monaco_Grand_Prix,VER,11,900004.021,900013.079,900013.844,9.058,9.824,0.550,1,fast_local,redis_cache,0.765,caution+rain+overtake
2022_Monaco_Grand_Prix|VET|11|fast,2022_Monaco_Grand_Prix,VET,11,900004.638,900013.844,900014.609,9.206,9.972,0.500,1,fast_local,redis_cache,0.765,caution+rain+overtake
2022_Monaco_Grand_Prix|VET|11|smart,2022_Monaco_Grand_Prix,VET,11,900004.638,900628.319,900785.219,623.682,780.582,0.500,1,smart_cloud,cassandra,156.900,caution+rain+overtake
2022_Monaco_Grand_Prix|ZHO|11|fast,2022_Monaco_Grand_Prix,ZHO,11,900004.859,900014.609,900015.375,9.750,10.516,0.900,1,fast_local,redis_cache,0.765,caution+rain+overtake
2022_Monaco_Grand_Prix|ALB|12|fast,2022_Monaco_Grand_Prix,ALB,12,990000.089,990000.089,990000.854,0.000,0.765,0.550,1,fast_local,redis_cache,0.765,rain+overtake
2022_Monaco_Grand_Prix|ALO|12|fast,2022_Monaco_Grand_Prix,ALO,12,990000.124,990000.854,990001.620,0.730,1.495,0.200,0,fast_local,redis_cache,0.765,rain+overtake
2022_Monaco_Grand_Prix|ALO|12|smart,2022_Monaco_Grand_Prix,ALO,12,990000.124,990000.124,990157.024,0.000,156.900,0.200,0,smart_cloud,cassandra,156.900,rain+overtake
2022_Monaco_Grand_Prix|BOT|12|fast,2022_Monaco_Grand_Prix,BOT,12,990000.529,990001.620,990002.385,1.090,1.855,0.550,1,fast_local,redis_cache,0.765,rain+overtake
2022_Monaco_Grand_Prix|GAS|12|fast,2022_Monaco_Grand_Prix,GAS,12,990000.702,990002.385,990003.150,1.683,2.448,0.350,0,fast_local,redis_cache,0.765,rain+overtake
2022_Monaco_Grand_Prix|GAS|12|smart,2022_Monaco_Grand_Prix,GAS,12,990000.702,990157.024,990313.924,156.323,313.223,0.350,0,smart_cloud,cassandra,156.900,rain+overtake
2022_Monaco_Grand_Prix|HAM|12|fast,2022_Monaco_Grand_Prix,HAM,12,990001.432,990003.150,990003.915,1.718,2.483,0.200,0,fast_local,redis_cache,0.765,rain+overtake
2022_Monaco_Grand_Prix|HAM|12|smart,2022_Monaco_Grand_Prix,HAM,12,990001.432,990313.924,990470.824,312.492,469.392,0.200,0,smart_cloud,cassandra,156.900,rain+overtake
2022_Monaco_Grand_Prix|LAT|12|fast,2022_Monaco_Grand_Prix,LAT,12,990001.505,990003.915,990004.681,2.411,3.176,0.200,0,fast_local,redis_cache,0.765,rain+overtake
2022_Monaco_Grand_Prix|LAT|12|smart,2022_Monaco_Grand_Prix,LAT,12,990001.505,990470.824,990627.724,469.320,626.220,0.200,0,smart_cloud,cassandra,156.900,rain+overtake
2022_Monaco_Grand_Prix|LEC|12|fast,2022_Monaco_Grand_Prix,LEC,12,990001.988,990004.681,990005.446,2.693,3.458,0.200,0,fast_local,redis_cache,0.765,rain+overtake
2022_Monaco_Grand_Prix|LEC|12|smart,2022_Monaco_Grand_Prix,LEC,12,990001.988,990627.724,990784.624,625.736,782.636,0.200,0,smart_cloud,cassandra,156.900,rain+overtake
2022_Monaco_Grand_Prix|MAG|12|fast,2022_Monaco_Grand_Prix,MAG,12,990002.096,990005.446,990006.211,3.350,4.116,0.350,0,fast_local,redis_cache,0.765,rain+overtake
2022_Monaco_Grand_Prix|MAG|12|smart,2022_Monaco_Grand_Prix,MAG,12,990002.096,990784.624,990941.524,782.529,939.429,0.350,0,smart_cloud,cassandra,156.900,rain+overtake
2022_Monaco_Grand_Prix|MSC|12|fast,2022_Monaco_Grand_Prix,MSC,12,990002.337,990006.211,990006.976,3.874,4.640,0.700,1,fast_local,redis_cache,0.765,rain+overtake
2022_Monaco_Grand_Prix|NOR|12|fast,2022_Monaco_Grand_Prix,NOR,12,990002.443,990006.976,990007.742,4.534,5.299,0.200,0,fast_local,redis_cache,0.765,rain+overtake
2022_Monaco_Grand_Prix|NOR|12|smart,2022_Monaco_Grand_Prix,NOR,12,990002.443,990941.524,991098.424,939.081,1095.981,0.200,0,smart_cloud,cassandra,156.900,rain+overtake
2022_Monaco_Grand_Prix|OCO|12|fast,2022_Monaco_Grand_Prix,OCO,12,990002.776,990007.742,990008.507,4.966,5.731,0.200,0,fast_local,redis_cache,0.765,rain+overtake
2022_Monaco_Grand_Prix|OCO|12|smart,2022_Monaco_Grand_Prix,OCO,12,990002.776,991098.424,991255.324,1095.648,1252.548,0.200,0,smart_cloud,cassandra,156.900,rain+overtake
2022_Monaco_Grand_Prix|PER|12|fast,2022_Monaco_Grand_Prix,PER,12,990002.980,990008.507,990009.272,5.527,6.292,0.400,0,fast_local,redis_cache,0.765,rain+overtake
2022_Monaco_Grand_Prix|PER|12|smart,2022_Monaco_Grand_Prix,PER,12,990002.980,991255.324,991412.224,1252.344,1409.244,0.400,0,smart_cloud,cassandra,156.900,rain+overtake
2022_Monaco_Grand_Prix|RIC|12|fast,2022_Monaco_Grand_Prix,RIC,12,990003.170,990009.272,990010.037,6.102,6.868,0.550,1,fast_local,redis_cache,0.765,rain+overtake
2022_Monaco_Grand_Prix|RUS|12|fast,2022_Monaco_Grand_Prix,RUS,12,990003.314,990010.037,990010.803,6.723,7.488,0.200,0,fast_local,redis_cache,0.765,rain+overtake
2022_Monaco_Grand_Prix|RUS|12|smart,2022_Monaco_Grand_Prix,RUS,12,990003.314,991412.224,991569.124,1408.910,1565.810,0.200,0,smart_cloud,cassandra,156.900,rain+overtake
2022_Monaco_Grand_Prix|SAI|12|fast,2022_Monaco_Grand_Prix,SAI,12,990003.924,990010.803,990011.568,6.879,7.644,0.350,0,fast_local,redis_cache,0.765,rain+overtake
2022_Monaco_Grand_Prix|SAI|12|smart,2022_Monaco_Grand_Prix,SAI,12,990003.924,991569.124,991726.024,1565.200,1722.100,0.350,0,smart_cloud,cassandra,156.900,rain+overtake
2022_Monaco_Grand_Prix|STR|12|fast,2022_Monaco_Grand_Prix,STR,12,990004.022,990011.568,990012.333,7.546,8.311,0.250,0,fast_local,redis_cache,0.765,rain+overtake
2022_Monaco_Grand_Prix|STR|12|smart,2022_Monaco_Grand_Prix,STR,12,990004.022,991726.024,991882.924,1722.002,1878.902,0.250,0,smart_cloud,cassandra,156.900,rain+overtake
2022_Monaco_Grand_Prix|TSU|12|fast,2022_Monaco_Grand_Prix,TSU,12,990004.624,990012.333,990013.098,7.709,8.474,0.500,1,fast_local,redis_cache,0.765,rain+overtake
2022_Monaco_Grand_Prix|TSU|12|smart,2022_Monaco_Grand_Prix,TSU,12,990004.624,991882.924,992039.824,1878.300,2035.200,0.500,1,smart_cloud,cassandra,156.900,rain+overtake
2022_Monaco_Grand_Prix|VER|12|fast,2022_Monaco_Grand_Prix,VER,12,990004.665,990013.098,990013.864,8.433,9.199,0.250,0,fast_local,redis_cache,0.765,rain+overtake
2022_Monaco_Grand_Prix|VER|12|smart,2022_Monaco_Grand_Prix,VER,12,990004.665,992039.824,992196.724,2035.159,2192.059,0.250,0,smart_cloud,cassandra,156.900,rain+overtake
2022_Monaco_Grand_Prix|VET|12|fast,2022_Monaco_Grand_Prix,VET,12,990004.778,990013.864,990014.629,9.086,9.851,0.350,0,fast_local,redis_cache,0.765,rain+overtake
2022_Monaco_Grand_Prix|VET|12|smart,2022_Monaco_Grand_Prix,VET,12,990004.778,992196.724,992353.624,2191.946,2348.846,0.350,0,smart_cloud,cassandra,156.900,rain+overtake
2022_Monaco_Grand_Prix|ZHO|12|fast,2022_Monaco_Grand_Prix,ZHO,12,990004.831,990014.629,990015.394,9.798,10.563,0.550,1,fast_local,redis_cache,0.765,rain+overtake
2022_Monaco_Grand_Prix|ALB|13|fast,2022_Monaco_Grand_Prix,ALB,13,1080000.333,1080000.333,1080001.098,0.000,0.765,0.550,1,fast_local,redis_cache,0.765,rain+overtake
2022_Monaco_Grand_Prix|ALO|13|fast,2022_Monaco_Grand_Prix,ALO,13,1080000.526,1080001.098,1080001.863,0.572,1.337,0.200,0,fast_local,redis_cache,0.765,rain+overtake
2022_Monaco_Grand_Prix|ALO|13|smart,2022_Monaco_Grand_Prix,ALO,13,1080000.526,1080000.526,1080157.426,0.000,156.900,0.200,0,smart_cloud,cassandra,156.900,rain+overtake
2022_Monaco_Grand_Prix|BOT|13|fast,2022_Monaco_Grand_Prix,BOT,13,1080000.546,1080001.863,1080002.629,1.318,2.083,0.550,1,fast_local,redis_cache,0.765,rain+overtake
2022_Monaco_Grand_Prix|GAS|13|fast,2022_Monaco_Grand_Prix,GAS,13,1080001.163,1080002.629,1080003.394,1.465,2.231,0.350,0,fast_local,redis_cache,0.765,rain+overtake
2022_Monaco_Grand_Prix|GAS|13|smart,2022_Monaco_Grand_Prix,GAS,13,1080001.163,1080157.426,1080314.326,156.263,313.163,0.350,0,smart_cloud,cassandra,156.900,rain+overtake
2022_Monaco_Grand_Prix|HAM|13|fast,2022_Monaco_Grand_Prix,HAM,13,1080001.183,1080003.394,1080004.159,2.210,2.976,0.200,0,fast_local,redis_cache,0.765,rain+overtake
2022_Monaco_Grand_Prix|HAM|13|smart,2022_Monaco_Grand_Prix,HAM,13,1080001.183,1080314.326,1080471.226,313.143,470.043,0.200,0,smart_cloud,cassandra,156.900,rain+overtake
2022_Monaco_Grand_Prix|LAT|13|fast,2022_Monaco_Grand_Prix,LAT,13,1080001.239,1080004.159,1080004.924,2.920,3.685,0.200,0,fast_local,redis_cache,0.765,rain+overtake
2022_Monaco_Grand_Prix|LAT|13|smart,2022_Monaco_Grand_Prix,LAT,13,1080001.239,1080471.226,1080628.126,469.987,626.887,0.200,0,smart_cloud,cassandra,156.900,rain+overtake
2022_Monaco_Grand_Prix|LEC|13|fast,2022_Monaco_Grand_Prix,LEC,13,1080001.871,1080004.924,1080005.690,3.053,3.819,0.200,0,fast_local,redis_cache,0.765,rain+overtake
2022_Monaco_Grand_Prix|LEC|13|smart,2022_Monaco_Grand_Prix,LEC,13,1080001.871,1080628.126,1080785.026,626.255,783.155,0.200,0,smart_cloud,cassandra,156.900,rain+overtake
2022_Monaco_Grand_Prix|MAG|13|fast,2022_Monaco_Grand_Prix,MAG,13,1080002.063,1080005.690,1080006.455,3.627,4.392,0.700,1,fast_local,redis_cache,0.765,rain+overtake
2022_Monaco_Grand_Prix|MSC|13|fast,2022_Monaco_Grand_Prix,MSC,13,1080002.129,1080006.455,1080007.220,4.325,5.091,0.700,1,fast_local,redis_cache,0.765,rain+overtake
2022_Monaco_Grand_Prix|NOR|13|fast,2022_Monaco_Grand_Prix,NOR,13,1080002.269,1080007.220,1080007.985,4.951,5.716,0.200,0,fast_local,redis_cache,0.765,rain+overtake
2022_Monaco_Grand_Prix|NOR|13|smart,2022_Monaco_Grand_Prix,NOR,13,1080002.269,1080785.026,1080941.926,782.757,939.657,0.200,0,smart_cloud,cassandra,156.900,rain+overtake
2022_Monaco_Grand_Prix|OCO|13|fast,2022_Monaco_Grand_Prix,OCO,13,1080002.654,1080007.985,1080008.751,5.331,6.097,0.200,0,fast_local,redis_cache,0.765,rain+overtake
2022_Monaco_Grand_Prix|OCO|13|smart,2022_Monaco_Grand_Prix,OCO,13,1080002.654,1080941.926,1081098.826,939.273,1096.173,0.200,0,smart_cloud,cassandra,156.900,rain+overtake
2022_Monaco_Grand_Prix|PER|13|fast,2022_Monaco_Grand_Prix,PER,13,1080003.016,1080008.751,1080009.516,5.735,6.500,0.350,0,fast_local,redis_cache,0.765,rain+overtake
2022_Monaco_Grand_Prix|PER|13|smart,2022_Monaco_Grand_Prix,PER,13,1080003.016,1081098.826,1081255.726,1095.811,1252.711,0.350,0,smart_cloud,cassandra,156.900,rain+overtake
2022_Monaco_Grand_Prix|RIC|13|fast,2022_Monaco_Grand_Prix,RIC,13,1080003.030,1080009.516,1080010.281,6.486,7.251,0.350,0,fast_local,redis_cache,0.765,rain+overtake
2022_Monaco_Grand_Prix|RIC|13|smart,2022_Monaco_Grand_Prix,RIC,13,1080003.030,1081255.726,1081412.626,1252.696,1409.596,0.350,0,smart_cloud,cassandra,156.900,rain+overtake
2022_Monaco_Grand_Prix|RUS|13|fast,2022_Monaco_Grand_Prix,RUS,13,1080003.260,1080010.281,1080011.046,7.021,7.787,0.200,0,fast_local,redis_cache,0.765,rain+overtake
2022_Monaco_Grand_Prix|RUS|13|smart,2022_Monaco_Grand_Prix,RUS,13,1080003.260,1081412.626,1081569.526,1409.367,1566.267,0.200,0,smart_cloud,cassandra,156.900,rain+overtake
2022_Monaco_Grand_Prix|SAI|13|fast,2022_Monaco_Grand_Prix,SAI,13,1080003.730,1080011.046,1080011.812,7.316,8.081,0.200,0,fast_local,redis_cache,0.765,rain+overtake
2022_Monaco_Grand_Prix|SAI|13|smart,2022_Monaco_Grand_Prix,SAI,13,1080003.730,1081569.526,1081726.426,1565.796,1722.696,0.200,0,smart_cloud,cassandra,156.900,rain+overtake
2022_Monaco_Grand_Prix|STR|13|fast,2022_Monaco_Grand_Prix,STR,13,1080003.984,1080011.812,1080012.577,7.827,8.593,0.350,0,fast_local,redis_cache,0.765,rain+overtake
2022_Monaco_Grand_Prix|STR|13|smart,2022_Monaco_Grand_Prix,STR,13,1080003.984,1081726.426,1081883.326,1722.442,1879.342,0.350,0,smart_cloud,cassandra,156.900,rain+overtake
2022_Monaco_Grand_Prix|TSU|13|fast,2022_Monaco_Grand_Prix,TSU,13,1080004.083,1080012.577,1080013.342,8.494,9.259,0.700,1,fast_local,redis_cache,0.765,rain+overtake
2022_Monaco_Grand_Prix|VER|13|fast,2022_Monaco_Grand_Prix,VER,13,1080004.147,1080013.342,1080014.107,9.195,9.960,0.250,0,fast_local,redis_cache,0.765,rain+overtake
2022_Monaco_Grand_Prix|VER|13|smart,2022_Monaco_Grand_Prix,VER,13,1080004.147,1081883.326,1082040.226,1879.179,2036.079,0.250,0,smart_cloud,cassandra,156.900,rain+overtake
2022_Monaco_Grand_Prix|VET|13|fast,2022_Monaco_Grand_Prix,VET,13,1080004.337,1080014.107,1080014.873,9.770,10.535,0.350,0,fast_local,redis_cache,0.765,rain+overtake
2022_Monaco_Grand_Prix|VET|13|smart,2022_Monaco_Grand_Prix,VET,13,1080004.337,1082040.226,1082197.126,2035.889,2192.789,0.350,0,smart_cloud,cassandra,156.900,rain+overtake
2022_Monaco_Grand_Prix|ZHO|13|fast,2022_Monaco_Grand_Prix,ZHO,13,1080004.339,1080014.873,1080015.638,10.534,11.299,0.600,1,fast_local,redis_cache,0.765,rain+overtake
2022_Monaco_Grand_Prix|ALB|14|fast,2022_Monaco_Grand_Prix,ALB,14,1170000.106,1170000.106,1170000.871,0.000,0.765,0.550,1,fast_local,redis_cache,0.765,rain+overtake
2022_Monaco_Grand_Prix|ALO|14|fast,2022_Monaco_Grand_Prix,ALO,14,1170000.267,1170000.871,1170001.636,0.604,1.369,0.200,0,fast_local,redis_cache,0.765,rain+overtake
2022_Monaco_Grand_Prix|ALO|14|smart,2022_Monaco_Grand_Prix,ALO,14,1170000.267,1170000.267,1170157.167,0.000,156.900,0.200,0,smart_cloud,cassandra,156.900,rain+overtake
2022_Monaco_Grand_Prix|BOT|14|fast,2022_Monaco_Grand_Prix,BOT,14,1170000.277,1170001.636,1170002.401,1.359,2.125,0.550,1,fast_local,redis_cache,0.765,rain+overtake
2022_Monaco_Grand_Prix|GAS|14|fast,2022_Monaco_Grand_Prix,GAS,14,1170000.577,1170002.401,1170003.167,1.824,2.589,0.350,0,fast_local,redis_cache,0.765,rain+overtake
2022_Monaco_Grand_Prix|GAS|14|smart,2022_Monaco_Grand_Prix,GAS,14,1170000.577,1170157.167,1170314.067,156.589,313.489,0.350,0,smart_cloud,cassandra,156.900,rain+overtake
2022_Monaco_Grand_Prix|HAM|14|fast,2022_Monaco_Grand_Prix,HAM,14,1170000.719,1170003.167,1170003.932,2.447,3.213,0.200,0,fast_local,redis_cache,0.765,rain+overtake
2022_Monaco_Grand_Prix|HAM|14|smart,2022_Monaco_Grand_Prix,HAM,14,1170000.719,1170314.067,1170470.967,313.348,470.248,0.200,0,smart_cloud,cassandra,156.900,rain+overtake
2022_Monaco_Grand_Prix|LAT|14|fast,2022_Monaco_Grand_Prix,LAT,14,1170000.731,1170003.932,1170004.697,3.201,3.966,0.200,0,fast_local,redis_cache,0.765,rain+overtake
2022_Monaco_Grand_Prix|LAT|14|smart,2022_Monaco_Grand_Prix,LAT,14,1170000.731,1170470.967,1170627.867,470.236,627.136,0.200,0,smart_cloud,cassandra,156.900,rain+overtake
2022_Monaco_Grand_Prix|LEC|14|fast,2022_Monaco_Grand_Prix,LEC,14,1170000.768,1170004.697,1170005.462,3.929,4.694,0.200,0,fast_local,redis_cache,0.765,rain+overtake
2022_Monaco_Grand_Prix|LEC|14|smart,2022_Monaco_Grand_Prix,LEC,14,1170000.768,1170627.867,1170784.767,627.099,783.999,0.200,0,smart_cloud,cassandra,156.900,rain+overtake
2022_Monaco_Grand_Prix|MAG|14|fast,2022_Monaco_Grand_Prix,MAG,14,1170000.828,1170005.462,1170006.228,4.635,5.400,0.700,1,fast_local,redis_cache,0.765,rain+overtake
2022_Monaco_Grand_Prix|MSC|14|fast,2022_Monaco_Grand_Prix,MSC,14,1170000.873,1170006.228,1170006.993,5.355,6.120,0.700,1,fast_local,redis_cache,0.765,rain+overtake
2022_Monaco_Grand_Prix|NOR|14|fast,2022_Monaco_Grand_Prix,NOR,14,1170001.424,1170006.993,1170007.758,5.569,6.335,0.200,0,fast_local,redis_cache,0.765,rain+overtake
2022_Monaco_Grand_Prix|NOR|14|smart,2022_Monaco_Grand_Prix,NOR,14,1170001.424,1170784.767,1170941.667,783.343,940.243,0.200,0,smart_cloud,cassandra,156.900,rain+overtake
2022_Monaco_Grand_Prix|OCO|14|fast,2022_Monaco_Grand_Prix,OCO,14,1170001.552,1170007.758,1170008.524,6.207,6.972,0.200,0,fast_local,redis_cache,0.765,rain+overtake
2022_Monaco_Grand_Prix|OCO|14|smart,2022_Monaco_Grand_Prix,OCO,14,1170001.552,1170941.667,1171098.567,940.115,1097.015,0.200,0,smart_cloud,cassandra,156.900,rain+overtake
2022_Monaco_Grand_Prix|PER|14|fast,2022_Monaco_Grand_Prix,PER,14,1170001.590,1170008.524,1170009.289,6.934,7.699,0.200,0,fast_local,redis_cache,0.765,rain+overtake
2022_Monaco_Grand_Prix|PER|14|smart,2022_Monaco_Grand_Prix,PER,14,1170001.590,1171098.567,1171255.467,1096.977,1253.877,0.200,0,smart_cloud,cassandra,156.900,rain+overtake
2022_Monaco_Grand_Prix|RIC|14|fast,2022_Monaco_Grand_Prix,RIC,14,1170001.968,1170009.289,1170010.054,7.321,8.086,0.550,1,fast_local,redis_cache,0.765,rain+overtake
2022_Monaco_Grand_Prix|RUS|14|fast,2022_Monaco_Grand_Prix,RUS,14,1170002.523,1170010.054,1170010.819,7.531,8.297,0.200,0,fast_local,redis_cache,0.765,rain+overtake
2022_Monaco_Grand_Prix|RUS|14|smart,2022_Monaco_Grand_Prix,RUS,14,1170002.523,1171255.467,1171412.367,1252.944,1409.844,0.200,0,smart_cloud,cassandra,156.900,rain+overtake
2022_Monaco_Grand_Prix|SAI|14|fast,2022_Monaco_Grand_Prix,SAI,14,1170002.956,1170010.819,1170011.585,7.864,8.629,0.200,0,fast_local,redis_cache,0.765,rain+overtake
2022_Monaco_Grand_Prix|SAI|14|smart,2022_Monaco_Grand_Prix,SAI,14,1170002.956,1171412.367,1171569.267,1409.411,1566.311,0.200,0,smart_cloud,cassandra,156.900,rain+overtake
2022_Monaco_Grand_Prix|STR|14|fast,2022_Monaco_Grand_Prix,STR,14,1170002.972,1170011.585,1170012.350,8.612,9.378,0.350,0,fast_local,redis_cache,0.765,rain+overtake
2022_Monaco_Grand_Prix|STR|14|smart,2022_Monaco_Grand_Prix,STR,14,1170002.972,1171569.267,1171726.167,1566.295,1723.195,0.350,0,smart_cloud,cassandra,156.900,rain+overtake
2022_Monaco_Grand_Prix|TSU|14|fast,2022_Monaco_Grand_Prix,TSU,14,1170003.404,1170012.350,1170013.115,8.946,9.711,0.700,1,fast_local,redis_cache,0.765,rain+overtake
2022_Monaco_Grand_Prix|VER|14|fast,2022_Monaco_Grand_Prix,VER,14,1170004.123,1170013.115,1170013.880,8.992,9.757,0.200,0,fast_local,redis_cache,0.765,rain+overtake
2022_Monaco_Grand_Prix|VER|14|smart,2022_Monaco_Grand_Prix,VER,14,1170004.123,1171726.167,1171883.067,1722.044,1878.944,0.200,0,smart_cloud,cassandra,156.900,rain+overtake
2022_Monaco_Grand_Prix|VET|14|fast,2022_Monaco_Grand_Prix,VET,14,1170004.375,1170013.880,1170014.646,9.505,10.270,0.350,0,fast_local,redis_cache,0.765,rain+overtake
2022_Monaco_Grand_Prix|VET|14|smart,2022_Monaco_Grand_Prix,VET,14,1170004.375,1171883.067,1172039.967,1878.692,2035.592,0.350,0,smart_cloud,cassandra,156.900,rain+overtake
2022_Monaco_Grand_Prix|ZHO|14|fast,2022_Monaco_Grand_Prix,ZHO,14,1170004.605,1170014.646,1170015.411,10.041,10.806,0.700,1,fast_local,redis_cache,0.765,rain+overtake
2022_Monaco_Grand_Prix|ALB|15|fast,2022_Monaco_Grand_Prix,ALB,15,1260000.217,1260000.217,1260000.983,0.000,0.765,0.600,1,fast_local,redis_cache,0.765,rain+overtake
2022_Monaco_Grand_Prix|ALO|15|fast,2022_Monaco_Grand_Prix,ALO,15,1260000.246,1260000.983,1260001.748,0.736,1.502,0.200,0,fast_local,redis_cache,0.765,rain+overtake
2022_Monaco_Grand_Prix|ALO|15|smart,2022_Monaco_Grand_Prix,ALO,15,1260000.246,1260000.246,1260157.146,0.000,156.900,0.200,0,smart_cloud,cassandra,156.900,rain+overtake
2022_Monaco_Grand_Prix|BOT|15|fast,2022_Monaco_Grand_Prix,BOT,15,1260000.260,1260001.748,1260002.513,1.488,2.253,0.550,1,fast_local,redis_cache,0.765,rain+overtake
2022_Monaco_Grand_Prix|GAS|15|fast,2022_Monaco_Grand_Prix,GAS,15,1260000.496,1260002.513,1260003.278,2.018,2.783,0.350,0,fast_local,redis_cache,0.765,rain+overtake
2022_Monaco_Grand_Prix|GAS|15|smart,2022_Monaco_Grand_Prix,GAS,15,1260000.496,1260157.146,1260314.046,156.651,313.551,0.350,0,smart_cloud,cassandra,156.900,rain+overtake
2022_Monaco_Grand_Prix|HAM|15|fast,2022_Monaco_Grand_Prix,HAM,15,1260000.508,1260003.278,1260004.044,2.770,3.535,0.200,0,fast_local,redis_cache,0.765,rain+overtake
2022_Monaco_Grand_Prix|HAM|15|smart,2022_Monaco_Grand_Prix,HAM,15,1260000.508,1260314.046,1260470.946,313.538,470.438,0.200,0,smart_cloud,cassandra,156.900,rain+overtake
2022_Monaco_Grand_Prix|LAT|15|fast,2022_Monaco_Grand_Prix,LAT,15,1260000.907,1260004.044,1260004.809,3.136,3.901,0.200,0,fast_local,redis_cache,0.765,rain+overtake
2022_Monaco_Grand_Prix|LAT|15|smart,2022_Monaco_Grand_Prix,LAT,15,1260000.907,1260470.946,1260627.846,470.039,626.939,0.200,0,smart_cloud,cassandra,156.900,rain+overtake
2022_Monaco_Grand_Prix|LEC|15|fast,2022_Monaco_Grand_Prix,LEC,15,1260001.184,1260004.809,1260005.574,3.625,4.390,0.200,0,fast_local,redis_cache,0.765,rain+overtake
2022_Monaco_Grand_Prix|LEC|15|smart,2022_Monaco_Grand_Prix,LEC,15,1260001.184,1260627.846,1260784.746,626.663,783.563,0.200,0,smart_cloud,cassandra,156.900,rain+overtake
2022_Monaco_Grand_Prix|MAG|15|fast,2022_Monaco_Grand_Prix,MAG,15,1260001.247,1260005.574,1260006.339,4.327,5.092,0.700,1,fast_local,redis_cache,0.765,rain+overtake
2022_Monaco_Grand_Prix|MSC|15|fast,2022_Monaco_Grand_Prix,MSC,15,1260001.868,1260006.339,1260007.105,4.471,5.237,0.700,1,fast_local,redis_cache,0.765,rain+overtake
2022_Monaco_Grand_Prix|NOR|15|fast,2022_Monaco_Grand_Prix,NOR,15,1260002.081,1260007.105,1260007.870,5.023,5.789,0.200,0,fast_local,redis_cache,0.765,rain+overtake
2022_Monaco_Grand_Prix|NOR|15|smart,2022_Monaco_Grand_Prix,NOR,15,1260002.081,1260784.746,1260941.646,782.665,939.565,0.200,0,smart_cloud,cassandra,156.900,rain+overtake
2022_Monaco_Grand_Prix|OCO|15|fast,2022_Monaco_Grand_Prix,OCO,15,1260002.619,1260007.870,1260008.635,5.251,6.016,0.200,0,fast_local,redis_cache,0.765,rain+overtake
2022_Monaco_Grand_Prix|OCO|15|smart,2022_Monaco_Grand_Prix,OCO,15,1260002.619,1260941.646,1261098.546,939.028,1095.928,0.200,0,smart_cloud,cassandra,156.900,rain+overtake
2022_Monaco_Grand_Prix|PER|15|fast,2022_Monaco_Grand_Prix,PER,15,1260002.856,1260008.635,1260009.400,5.779,6.544,0.200,0,fast_local,redis_cache,0.765,rain+overtake
2022_Monaco_Grand_Prix|PER|15|smart,2022_Monaco_Grand_Prix,PER,15,1260002.856,1261098.546,1261255.446,1095.690,1252.590,0.200,0,smart_cloud,cassandra,156.900,rain+overtake
2022_Monaco_Grand_Prix|RIC|15|fast,2022_Monaco_Grand_Prix,RIC,15,1260003.897,1260009.400,1260010.166,5.503,6.268,0.550,1,fast_local,redis_cache,0.765,rain+overtake
2022_Monaco_Grand_Prix|RUS|15|fast,2022_Monaco_Grand_Prix,RUS,15,1260004.010,1260010.166,1260010.931,6.156,6.921,0.200,0,fast_local,redis_cache,0.765,rain+overtake
2022_Monaco_Grand_Prix|RUS|15|smart,2022_Monaco_Grand_Prix,RUS,15,1260004.010,1261255.446,1261412.346,1251.436,1408.336,0.200,0,smart_cloud,cassandra,156.900,rain+overtake
2022_Monaco_Grand_Prix|SAI|15|fast,2022_Monaco_Grand_Prix,SAI,15,1260004.167,1260010.931,1260011.696,6.764,7.529,0.200,0,fast_local,redis_cache,0.765,rain+overtake
2022_Monaco_Grand_Prix|SAI|15|smart,2022_Monaco_Grand_Prix,SAI,15,1260004.167,1261412.346,1261569.246,1408.179,1565.079,0.200,0,smart_cloud,cassandra,156.900,rain+overtake
2022_Monaco_Grand_Prix|STR|15|fast,2022_Monaco_Grand_Prix,STR,15,1260004.218,1260011.696,1260012.461,7.478,8.244,0.350,0,fast_local,redis_cache,0.765,rain+overtake
2022_Monaco_Grand_Prix|STR|15|smart,2022_Monaco_Grand_Prix,STR,15,1260004.218,1261569.246,1261726.146,1565.028,1721.928,0.350,0,smart_cloud,cassandra,156.900,rain+overtake
2022_Monaco_Grand_Prix|TSU|15|fast,2022_Monaco_Grand_Prix,TSU,15,1260004.256,1260012.461,1260013.227,8.206,8.971,0.700,1,fast_local,redis_cache,0.765,rain+overtake
2022_Monaco_Grand_Prix|VER|15|fast,2022_Monaco_Grand_Prix,VER,15,1260004.513,1260013.227,1260013.992,8.713,9.479,0.200,0,fast_local,redis_cache,0.765,rain+overtake
2022_Monaco_Grand_Prix|VER|15|smart,2022_Monaco_Grand_Prix,VER,15,1260004.513,1261726.146,1261883.046,1721.633,1878.533,0.200,0,smart_cloud,cassandra,156.900,rain+overtake
2022_Monaco_Grand_Prix|VET|15|fast,2022_Monaco_Grand_Prix,VET,15,1260004.624,1260013.992,1260014.757,9.368,10.133,0.500,1,fast_local,redis_cache,0.765,rain+overtake
2022_Monaco_Grand_Prix|VET|15|smart,2022_Monaco_Grand_Prix,VET,15,1260004.624,1261883.046,1262039.946,1878.422,2035.322,0.500,1,smart_cloud,cassandra,156.900,rain+overtake
2022_Monaco_Grand_Prix|ZHO|15|fast,2022_Monaco_Grand_Prix,ZHO,15,1260004.898,1260014.757,1260015.522,9.859,10.625,0.700,1,fast_local,redis_cache,0.765,rain+overtake
2022_Monaco_Grand_Prix|ALB|16|fast,2022_Monaco_Grand_Prix,ALB,16,1350000.673,1350000.673,1350001.438,0.000,0.765,0.400,0,fast_local,redis_cache,0.765,rain+overtake
2022_Monaco_Grand_Prix|ALB|16|smart,2022_Monaco_Grand_Prix,ALB,16,1350000.673,1350000.673,1350157.573,0.000,156.900,0.400,0,smart_cloud,cassandra,156.900,rain+overtake
2022_Monaco_Grand_Prix|ALO|16|fast,2022_Monaco_Grand_Prix,ALO,16,1350000.699,1350001.438,1350002.203,0.739,1.504,0.200,0,fast_local,redis_cache,0.765,rain+overtake
2022_Monaco_Grand_Prix|ALO|16|smart,2022_Monaco_Grand_Prix,ALO,16,1350000.699,1350157.573,1350314.473,156.874,313.774,0.200,0,smart_cloud,cassandra,156.900,rain+overtake
2022_Monaco_Grand_Prix|BOT|16|fast,2022_Monaco_Grand_Prix,BOT,16,1350001.163,1350002.203,1350002.969,1.040,1.806,0.550,1,fast_local,redis_cache,0.765,rain+overtake
2022_Monaco_Grand_Prix|GAS|16|fast,2022_Monaco_Grand_Prix,GAS,16,1350001.332,1350002.969,1350003.734,1.636,2.401,0.350,0,fast_local,redis_cache,0.765,rain+overtake
2022_Monaco_Grand_Prix|GAS|16|smart,2022_Monaco_Grand_Prix,GAS,16,1350001.332,1350314.473,1350471.373,313.140,470.040,0.350,0,smart_cloud,cassandra,156.900,rain+overtake
2022_Monaco_Grand_Prix|HAM|16|fast,2022_Monaco_Grand_Prix,HAM,16,1350001.484,1350003.734,1350004.499,2.249,3.015,0.200,0,fast_local,redis_cache,0.765,rain+overtake
2022_Monaco_Grand_Prix|HAM|16|smart,2022_Monaco_Grand_Prix,HAM,16,1350001.484,1350471.373,1350628.273,469.888,626.788,0.200,0,smart_cloud,cassandra,156.900,rain+overtake
2022_Monaco_Grand_Prix|LAT|16|fast,2022_Monaco_Grand_Prix,LAT,16,1350001.637,1350004.499,1350005.264,2.862,3.627,0.000,0,fast_local,redis_cache,0.765,rain+overtake
2022_Monaco_Grand_Prix|LAT|16|smart,2022_Monaco_Grand_Prix,LAT,16,1350001.637,1350628.273,1350785.173,626.635,783.535,0.000,0,smart_cloud,cassandra,156.900,rain+overtake
2022_Monaco_Grand_Prix|LEC|16|fast,2022_Monaco_Grand_Prix,LEC,16,1350001.832,1350005.264,1350006.030,3.432,4.198,0.200,0,fast_local,redis_cache,0.765,rain+overtake
2022_Monaco_Grand_Prix|LEC|16|smart,2022_Monaco_Grand_Prix,LEC,16,1350001.832,1350785.173,1350942.073,783.341,940.241,0.200,0,smart_cloud,cassandra,156.900,rain+overtake
2022_Monaco_Grand_Prix|MAG|16|fast,2022_Monaco_Grand_Prix,MAG,16,1350001.838,1350006.030,1350006.795,4.192,4.957,0.700,1,fast_local,redis_cache,0.765,rain+overtake
2022_Monaco_Grand_Prix|MSC|16|fast,2022_Monaco_Grand_Prix,MSC,16,1350001.897,1350006.795,1350007.560,4.897,5.663,0.500,1,fast_local,redis_cache,0.765,rain+overtake
2022_Monaco_Grand_Prix|MSC|16|smart,2022_Monaco_Grand_Prix,MSC,16,1350001.897,1350942.073,1351098.973,940.175,1097.075,0.500,1,smart_cloud,cassandra,156.900,rain+overtake
2022_Monaco_Grand_Prix|NOR|16|fast,2022_Monaco_Grand_Prix,NOR,16,1350001.925,1350007.560,1350008.325,5.635,6.400,0.350,0,fast_local,redis_cache,0.765,rain+overtake
2022_Monaco_Grand_Prix|NOR|16|smart,2022_Monaco_Grand_Prix,NOR,16,1350001.925,1351098.973,1351255.873,1097.047,1253.947,0.350,0,smart_cloud,cassandra,156.900,rain+overtake
2022_Monaco_Grand_Prix|OCO|16|fast,2022_Monaco_Grand_Prix,OCO,16,1350002.084,1350008.325,1350009.091,6.241,7.006,0.200,0,fast_local,redis_cache,0.765,rain+overtake
2022_Monaco_Grand_Prix|OCO|16|smart,2022_Monaco_Grand_Prix,OCO,16,1350002.084,1351255.873,1351412.773,1253.788,1410.688,0.200,0,smart_cloud,cassandra,156.900,rain+overtake
2022_Monaco_Grand_Prix|PER|16|fast,2022_Monaco_Grand_Prix,PER,16,1350002.314,1350009.091,1350009.856,6.777,7.542,0.250,0,fast_local,redis_cache,0.765,rain+overtake
2022_Monaco_Grand_Prix|PER|16|smart,2022_Monaco_Grand_Prix,PER,16,1350002.314,1351412.773,1351569.673,1410.459,1567.359,0.250,0,smart_cloud,cassandra,156.900,rain+overtake
2022_Monaco_Grand_Prix|RIC|16|fast,2022_Monaco_Grand_Prix,RIC,16,1350002.389,1350009.856,1350010.621,7.466,8.232,0.150,0,fast_local,redis_cache,0.765,rain+overtake
2022_Monaco_Grand_Prix|RIC|16|smart,2022_Monaco_Grand_Prix,RIC,16,1350002.389,1351569.673,1351726.573,1567.283,1724.183,0.150,0,smart_cloud,cassandra,156.900,rain+overtake
2022_Monaco_Grand_Prix|RUS|16|fast,2022_Monaco_Grand_Prix,RUS,16,1350002.571,1350010.621,1350011.386,8.050,8.815,0.200,0,fast_local,redis_cache,0.765,rain+overtake
2022_Monaco_Grand_Prix|RUS|16|smart,2022_Monaco_Grand_Prix,RUS,16,1350002.571,1351726.573,1351883.473,1724.002,1880.902,0.200,0,smart_cloud,cassandra,156.900,rain+overtake
2022_Monaco_Grand_Prix|SAI|16|fast,2022_Monaco_Grand_Prix,SAI,16,1350002.680,1350011.386,1350012.152,8.706,9.471,0.200,0,fast_local,redis_cache,0.765,rain+overtake
2022_Monaco_Grand_Prix|SAI|16|smart,2022_Monaco_Grand_Prix,SAI,16,1350002.680,1351883.473,1352040.373,1880.792,2037.692,0.200,0,smart_cloud,cassandra,156.900,rain+overtake
2022_Monaco_Grand_Prix|STR|16|fast,2022_Monaco_Grand_Prix,STR,16,1350003.198,1350012.152,1350012.917,8.954,9.719,0.150,0,fast_local,redis_cache,0.765,rain+overtake
2022_Monaco_Grand_Prix|STR|16|smart,2022_Monaco_Grand_Prix,STR,16,1350003.198,1352040.373,1352197.273,2037.175,2194.075,0.150,0,smart_cloud,cassandra,156.900,rain+overtake
2022_Monaco_Grand_Prix|TSU|16|fast,2022_Monaco_Grand_Prix,TSU,16,1350003.212,1350012.917,1350013.682,9.704,10.470,0.500,1,fast_local,redis_cache,0.765,rain+overtake
2022_Monaco_Grand_Prix|TSU|16|smart,2022_Monaco_Grand_Prix,TSU,16,1350003.212,1352197.273,1352354.173,2194.060,2350.960,0.500,1,smart_cloud,cassandra,156.900,rain+overtake
2022_Monaco_Grand_Prix|VER|16|fast,2022_Monaco_Grand_Prix,VER,16,1350003.429,1350013.682,1350014.447,10.253,11.019,0.200,0,fast_local,redis_cache,0.765,rain+overtake
2022_Monaco_Grand_Prix|VER|16|smart,2022_Monaco_Grand_Prix,VER,16,1350003.429,1352354.173,1352511.073,2350.744,2507.644,0.200,0,smart_cloud,cassandra,156.900,rain+overtake
2022_Monaco_Grand_Prix|VET|16|fast,2022_Monaco_Grand_Prix,VET,16,1350003.895,1350014.447,1350015.213,10.552,11.318,0.300,0,fast_local,redis_cache,0.765,rain+overtake
2022_Monaco_Grand_Prix|VET|16|smart,2022_Monaco_Grand_Prix,VET,16,1350003.895,1352511.073,1352667.973,2507.178,2664.078,0.300,0,smart_cloud,cassandra,156.900,rain+overtake
2022_Monaco_Grand_Prix|ZHO|16|fast,2022_Monaco_Grand_Prix,ZHO,16,1350004.288,1350015.213,1350015.978,10.925,11.690,0.400,0,fast_local,redis_cache,0.765,rain+overtake
2022_Monaco_Grand_Prix|ZHO|16|smart,2022_Monaco_Grand_Prix,ZHO,16,1350004.288,1352667.973,1352824.873,2663.685,2820.585,0.400,0,smart_cloud,cassandra,156.900,rain+overtake
2022_Monaco_Grand_Prix|ALB|17|fast,2022_Monaco_Grand_Prix,ALB,17,1440000.422,1440000.422,1440001.188,0.000,0.765,1.000,1,fast_local,redis_cache,0.765,caution+rain+overtake
2022_Monaco_Grand_Prix|ALO|17|fast,2022_Monaco_Grand_Prix,ALO,17,1440000.475,1440001.188,1440001.953,0.712,1.477,0.400,0,fast_local,redis_cache,0.765,caution+rain+overtake
2022_Monaco_Grand_Prix|ALO|17|smart,2022_Monaco_Grand_Prix,ALO,17,1440000.475,1440000.475,1440157.375,0.000,156.900,0.400,0,smart_cloud,cassandra,156.900,caution+rain+overtake
2022_Monaco_Grand_Prix|BOT|17|fast,2022_Monaco_Grand_Prix,BOT,17,1440000.661,1440001.953,1440002.718,1.292,2.058,0.950,1,fast_local,redis_cache,0.765,caution+rain+overtake
2022_Monaco_Grand_Prix|GAS|17|fast,2022_Monaco_Grand_Prix,GAS,17,1440001.012,1440002.718,1440003.483,1.706,2.471,0.750,1,fast_local,redis_cache,0.765,caution+rain+overtake
2022_Monaco_Grand_Prix|HAM|17|fast,2022_Monaco_Grand_Prix,HAM,17,1440001.441,1440003.483,1440004.249,2.043,2.808,0.750,1,fast_local,redis_cache,0.765,caution+rain+overtake
2022_Monaco_Grand_Prix|LAT|17|fast,2022_Monaco_Grand_Prix,LAT,17,1440001.642,1440004.249,1440005.014,2.607,3.372,0.600,1,fast_local,redis_cache,0.765,caution+rain+overtake
2022_Monaco_Grand_Prix|LEC|17|fast,2022_Monaco_Grand_Prix,LEC,17,1440002.405,1440005.014,1440005.779,2.609,3.375,0.100,0,fast_local,redis_cache,0.765,caution+rain+overtake
2022_Monaco_Grand_Prix|LEC|17|smart,2022_Monaco_Grand_Prix,LEC,17,1440002.405,1440157.375,1440314.275,154.971,311.871,0.100,0,smart_cloud,cassandra,156.900,caution+rain+overtake
2022_Monaco_Grand_Prix|MAG|17|fast,2022_Monaco_Grand_Prix,MAG,17,1440002.664,1440005.779,1440006.544,3.116,3.881,1.000,1,fast_local,redis_cache,0.765,caution+rain+overtake
2022_Monaco_Grand_Prix|MSC|17|fast,2022_Monaco_Grand_Prix,MSC,17,1440002.677,1440006.544,1440007.310,3.867,4.633,0.600,1,fast_local,redis_cache,0.765,caution+rain+overtake
2022_Monaco_Grand_Prix|NOR|17|fast,2022_Monaco_Grand_Prix,NOR,17,1440003.072,1440007.310,1440008.075,4.238,5.003,0.600,1,fast_local,redis_cache,0.765,caution+rain+overtake
2022_Monaco_Grand_Prix|OCO|17|fast,2022_Monaco_Grand_Prix,OCO,17,1440003.165,1440008.075,1440008.840,4.910,5.676,0.950,1,fast_local,redis_cache,0.765,caution+rain+overtake
2022_Monaco_Grand_Prix|PER|17|fast,2022_Monaco_Grand_Prix,PER,17,1440003.263,1440008.840,1440009.605,5.577,6.343,0.400,0,fast_local,redis_cache,0.765,caution+rain+overtake
2022_Monaco_Grand_Prix|PER|17|smart,2022_Monaco_Grand_Prix,PER,17,1440003.263,1440314.275,1440471.175,311.013,467.913,0.400,0,smart_cloud,cassandra,156.900,caution+rain+overtake
2022_Monaco_Grand_Prix|RIC|17|fast,2022_Monaco_Grand_Prix,RIC,17,1440003.474,1440009.605,1440010.371,6.131,6.897,0.950,1,fast_local,redis_cache,0.765,caution+rain+overtake
2022_Monaco_Grand_Prix|RUS|17|fast,2022_Monaco_Grand_Prix,RUS,17,1440003.629,1440010.371,1440011.136,6.742,7.507,0.400,0,fast_local,redis_cache,0.765,caution+rain+overtake
2022_Monaco_Grand_Prix|RUS|17|smart,2022_Monaco_Grand_Prix,RUS,17,1440003.629,1440471.175,1440628.075,467.547,624.447,0.400,0,smart_cloud,cassandra,156.900,caution+rain+overtake
2022_Monaco_Grand_Prix|SAI|17|fast,2022_Monaco_Grand_Prix,SAI,17,1440003.674,1440011.136,1440011.901,7.462,8.227,0.100,0,fast_local,redis_cache,0.765,caution+rain+overtake
2022_Monaco_Grand_Prix|SAI|17|smart,2022_Monaco_Grand_Prix,SAI,17,1440003.674,1440628.075,1440784.975,624.401,781.301,0.100,0,smart_cloud,cassandra,156.900,caution+rain+overtake
2022_Monaco_Grand_Prix|STR|17|fast,2022_Monaco_Grand_Prix,STR,17,1440004.022,1440011.901,1440012.666,7.879,8.645,0.750,1,fast_local,redis_cache,0.765,caution+rain+overtake
2022_Monaco_Grand_Prix|TSU|17|fast,2022_Monaco_Grand_Prix,TSU,17,1440004.243,1440012.666,1440013.432,8.424,9.189,1.000,1,fast_local,redis_cache,0.765,caution+rain+overtake
2022_Monaco_Grand_Prix|VER|17|fast,2022_Monaco_Grand_Prix,VER,17,1440004.304,1440013.432,1440014.197,9.128,9.893,0.100,0,fast_local,redis_cache,0.765,caution+rain+overtake
2022_Monaco_Grand_Prix|VER|17|smart,2022_Monaco_Grand_Prix,VER,17,1440004.304,1440784.975,1440941.875,780.672,937.572,0.100,0,smart_cloud,cassandra,156.900,caution+rain+overtake
2022_Monaco_Grand_Prix|VET|17|fast,2022_Monaco_Grand_Prix,VET,17,1440004.582,1440014.197,1440014.962,9.615,10.380,1.000,1,fast_local,redis_cache,0.765,caution+rain+overtake
2022_Monaco_Grand_Prix|ZHO|17|fast,2022_Monaco_Grand_Prix,ZHO,17,1440004.744,1440014.962,1440015.727,10.218,10.983,0.900,1,fast_local,redis_cache,0.765,caution+rain+overtake
2022_Monaco_Grand_Prix|ALB|18|fast,2022_Monaco_Grand_Prix,ALB,18,1530000.475,1530000.475,1530001.240,0.000,0.765,0.300,0,fast_local,redis_cache,0.765,caution+rain+overtake+pit_window
2022_Monaco_Grand_Prix|ALB|18|smart,2022_Monaco_Grand_Prix,ALB,18,1530000.475,1530000.475,1530157.375,0.000,156.900,0.300,0,smart_cloud,cassandra,156.900,caution+rain+overtake+pit_window
2022_Monaco_Grand_Prix|ALO|18|fast,2022_Monaco_Grand_Prix,ALO,18,1530000.687,1530001.240,1530002.006,0.553,1.319,0.350,0,fast_local,redis_cache,0.765,caution+rain+overtake+pit_window
2022_Monaco_Grand_Prix|ALO|18|smart,2022_Monaco_Grand_Prix,ALO,18,1530000.687,1530157.375,1530314.275,156.688,313.588,0.350,0,smart_cloud,cassandra,156.900,caution+rain+overtake+pit_window
2022_Monaco_Grand_Prix|BOT|18|fast,2022_Monaco_Grand_Prix,BOT,18,1530000.856,1530002.006,1530002.771,1.149,1.915,0.650,1,fast_local,redis_cache,0.765,caution+rain+overtake+pit_window
2022_Monaco_Grand_Prix|GAS|18|fast,2022_Monaco_Grand_Prix,GAS,18,1530001.267,1530002.771,1530003.536,1.504,2.269,0.450,0,fast_local,redis_cache,0.765,caution+rain+overtake+pit_window
2022_Monaco_Grand_Prix|GAS|18|smart,2022_Monaco_Grand_Prix,GAS,18,1530001.267,1530314.275,1530471.175,313.008,469.908,0.450,0,smart_cloud,cassandra,156.900,caution+rain+overtake+pit_window
2022_Monaco_Grand_Prix|HAM|18|fast,2022_Monaco_Grand_Prix,HAM,18,1530002.330,1530003.536,1530004.302,1.206,1.972,0.450,0,fast_local,redis_cache,0.765,caution+rain+overtake+pit_window
2022_Monaco_Grand_Prix|HAM|18|smart,2022_Monaco_Grand_Prix,HAM,18,1530002.330,1530471.175,1530628.075,468.845,625.745,0.450,0,smart_cloud,cassandra,156.900,caution+rain+overtake+pit_window
2022_Monaco_Grand_Prix|LAT|18|fast,2022_Monaco_Grand_Prix,LAT,18,1530002.461,1530004.302,1530005.067,1.841,2.606,0.450,0,fast_local,redis_cache,0.765,caution+rain+overtake+pit_window
2022_Monaco_Grand_Prix|LAT|18|smart,2022_Monaco_Grand_Prix,LAT,18,1530002.461,1530628.075,1530784.975,625.614,782.514,0.450,0,smart_cloud,cassandra,156.900,caution+rain+overtake+pit_window
2022_Monaco_Grand_Prix|LEC|18|fast,2022_Monaco_Grand_Prix,LEC,18,1530002.613,1530005.067,1530005.832,2.454,3.219,0.750,1,fast_local,redis_cache,0.765,caution+rain+overtake+pit_window
2022_Monaco_Grand_Prix|MAG|18|fast,2022_Monaco_Grand_Prix,MAG,18,1530002.825,1530005.832,1530006.597,3.007,3.773,0.800,1,fast_local,redis_cache,0.765,caution+rain+overtake+pit_window
2022_Monaco_Grand_Prix|MSC|18|fast,2022_Monaco_Grand_Prix,MSC,18,1530002.862,1530006.597,1530007.363,3.735,4.500,0.300,0,fast_local,redis_cache,0.765,caution+rain+overtake+pit_window
2022_Monaco_Grand_Prix|MSC|18|smart,2022_Monaco_Grand_Prix,MSC,18,1530002.862,1530784.975,1530941.875,782.113,939.013,0.300,0,smart_cloud,cassandra,156.900,caution+rain+overtake+pit_window
2022_Monaco_Grand_Prix|NOR|18|fast,2022_Monaco_Grand_Prix,NOR,18,1530002.950,1530007.363,1530008.128,4.412,5.177,0.300,0,fast_local,redis_cache,0.765,caution+rain+overtake+pit_window
2022_Monaco_Grand_Prix|NOR|18|smart,2022_Monaco_Grand_Prix,NOR,18,1530002.950,1530941.875,1531098.775,938.925,1095.825,0.300,0,smart_cloud,cassandra,156.900,caution+rain+overtake+pit_window
2022_Monaco_Grand_Prix|OCO|18|fast,2022_Monaco_Grand_Prix,OCO,18,1530002.968,1530008.128,1530008.893,5.159,5.925,0.650,1,fast_local,redis_cache,0.765,caution+rain+overtake+pit_window
2022_Monaco_Grand_Prix|PER|18|fast,2022_Monaco_Grand_Prix,PER,18,1530003.081,1530008.893,1530009.658,5.812,6.577,0.650,1,fast_local,redis_cache,0.765,caution+rain+overtake+pit_window
2022_Monaco_Grand_Prix|RIC|18|fast,2022_Monaco_Grand_Prix,RIC,18,1530003.820,1530009.658,1530010.424,5.839,6.604,0.650,1,fast_local,redis_cache,0.765,caution+rain+overtake+pit_window
2022_Monaco_Grand_Prix|RUS|18|fast,2022_Monaco_Grand_Prix,RUS,18,1530003.913,1530010.424,1530011.189,6.510,7.276,0.450,0,fast_local,redis_cache,0.765,caution+rain+overtake+pit_window
2022_Monaco_Grand_Prix|RUS|18|smart,2022_Monaco_Grand_Prix,RUS,18,1530003.913,1531098.775,1531255.675,1094.862,1251.762,0.450,0,smart_cloud,cassandra,156.900,caution+rain+overtake+pit_window
2022_Monaco_Grand_Prix|SAI|18|fast,2022_Monaco_Grand_Prix,SAI,18,1530003.976,1530011.189,1530011.954,7.213,7.978,0.600,1,fast_local,redis_cache,0.765,caution+rain+overtake+pit_window
2022_Monaco_Grand_Prix|STR|18|fast,2022_Monaco_Grand_Prix,STR,18,1530003.996,1530011.954,1530012.719,7.958,8.723,0.800,1,fast_local,redis_cache,0.765,caution+rain+overtake+pit_window
2022_Monaco_Grand_Prix|TSU|18|fast,2022_Monaco_Grand_Prix,TSU,18,1530004.004,1530012.719,1530013.485,8.715,9.480,0.650,1,fast_local,redis_cache,0.765,caution+rain+overtake+pit_window
2022_Monaco_Grand_Prix|VER|18|fast,2022_Monaco_Grand_Prix,VER,18,1530004.680,1530013.485,1530014.250,8.805,9.570,0.600,1,fast_local,redis_cache,0.765,caution+rain+overtake+pit_window
2022_Monaco_Grand_Prix|VET|18|fast,2022_Monaco_Grand_Prix,VET,18,1530004.730,1530014.250,1530015.015,9.520,10.285,0.800,1,fast_local,redis_cache,0.765,caution+rain+overtake+pit_window
2022_Monaco_Grand_Prix|ZHO|18|fast,2022_Monaco_Grand_Prix,ZHO,18,1530004.794,1530015.015,1530015.780,10.221,10.986,0.450,0,fast_local,redis_cache,0.765,caution+rain+overtake+pit_window
2022_Monaco_Grand_Prix|ZHO|18|smart,2022_Monaco_Grand_Prix,ZHO,18,1530004.794,1531255.675,1531412.575,1250.881,1407.781,0.450,0,smart_cloud,cassandra,156.900,caution+rain+overtake+pit_window
2022_Monaco_Grand_Prix|ALB|19|fast,2022_Monaco_Grand_Prix,ALB,19,1620000.439,1620000.439,1620001.204,0.000,0.765,0.350,0,fast_local,redis_cache,0.765,caution+rain+overtake+pit_window
2022_Monaco_Grand_Prix|ALB|19|smart,2022_Monaco_Grand_Prix,ALB,19,1620000.439,1620000.439,1620157.339,0.000,156.900,0.350,0,smart_cloud,cassandra,156.900,caution+rain+overtake+pit_window
2022_Monaco_Grand_Prix|ALO|19|fast,2022_Monaco_Grand_Prix,ALO,19,1620000.586,1620001.204,1620001.969,0.618,1.384,0.350,0,fast_local,redis_cache,0.765,caution+rain+overtake+pit_window
2022_Monaco_Grand_Prix|ALO|19|smart,2022_Monaco_Grand_Prix,ALO,19,1620000.586,1620157.339,1620314.239,156.753,313.653,0.350,0,smart_cloud,cassandra,156.900,caution+rain+overtake+pit_window
2022_Monaco_Grand_Prix|BOT|19|fast,2022_Monaco_Grand_Prix,BOT,19,1620000.599,1620001.969,1620002.734,1.370,2.136,0.650,1,fast_local,redis_cache,0.765,caution+rain+overtake+pit_window
2022_Monaco_Grand_Prix|GAS|19|fast,2022_Monaco_Grand_Prix,GAS,19,1620000.739,1620002.734,1620003.500,1.995,2.761,0.450,0,fast_local,redis_cache,0.765,caution+rain+overtake+pit_window
2022_Monaco_Grand_Prix|GAS|19|smart,2022_Monaco_Grand_Prix,GAS,19,1620000.739,1620314.239,1620471.139,313.500,470.400,0.450,0,smart_cloud,cassandra,156.900,caution+rain+overtake+pit_window
2022_Monaco_Grand_Prix|HAM|19|fast,2022_Monaco_Grand_Prix,HAM,19,1620000.788,1620003.500,1620004.265,2.711,3.477,0.450,0,fast_local,redis_cache,0.765,caution+rain+overtake+pit_window
2022_Monaco_Grand_Prix|HAM|19|smart,2022_Monaco_Grand_Prix,HAM,19,1620000.788,1620471.139,1620628.039,470.350,627.250,0.450,0,smart_cloud,cassandra,156.900,caution+rain+overtake+pit_window
2022_Monaco_Grand_Prix|LAT|19|fast,2022_Monaco_Grand_Prix,LAT,19,1620001.353,1620004.265,1620005.030,2.912,3.677,0.300,0,fast_local,redis_cache,0.765,caution+rain+overtake+pit_window
2022_Monaco_Grand_Prix|LAT|19|smart,2022_Monaco_Grand_Prix,LAT,19,1620001.353,1620628.039,1620784.939,626.686,783.586,0.300,0,smart_cloud,cassandra,156.900,caution+rain+overtake+pit_window
2022_Monaco_Grand_Prix|LEC|19|fast,2022_Monaco_Grand_Prix,LEC,19,1620001.572,1620005.030,1620005.795,3.458,4.223,0.300,0,fast_local,redis_cache,0.765,caution+rain+overtake+pit_window
2022_Monaco_Grand_Prix|LEC|19|smart,2022_Monaco_Grand_Prix,LEC,19,1620001.572,1620784.939,1620941.839,783.366,940.266,0.300,0,smart_cloud,cassandra,156.900,caution+rain+overtake+pit_window
2022_Monaco_Grand_Prix|MAG|19|fast,2022_Monaco_Grand_Prix,MAG,19,1620001.668,1620005.795,1620006.561,4.127,4.892,0.300,0,fast_local,redis_cache,0.765,caution+rain+overtake+pit_window
2022_Monaco_Grand_Prix|MAG|19|smart,2022_Monaco_Grand_Prix,MAG,19,1620001.668,1620941.839,1621098.739,940.170,1097.070,0.300,0,smart_cloud,cassandra,156.900,caution+rain+overtake+pit_window
2022_Monaco_Grand_Prix|MSC|19|fast,2022_Monaco_Grand_Prix,MSC,19,1620001.821,1620006.561,1620007.326,4.740,5.505,0.600,1,fast_local,redis_cache,0.765,caution+rain+overtake+pit_window
2022_Monaco_Grand_Prix|NOR|19|fast,2022_Monaco_Grand_Prix,NOR,19,1620001.917,1620007.326,1620008.091,5.409,6.174,0.300,0,fast_local,redis_cache,0.765,caution+rain+overtake+pit_window
2022_Monaco_Grand_Prix|NOR|19|smart,2022_Monaco_Grand_Prix,NOR,19,1620001.917,1621098.739,1621255.639,1096.822,1253.722,0.300,0,smart_cloud,cassandra,156.900,caution+rain+overtake+pit_window
2022_Monaco_Grand_Prix|OCO|19|fast,2022_Monaco_Grand_Prix,OCO,19,1620002.093,1620008.091,1620008.856,5.998,6.763,0.650,1,fast_local,redis_cache,0.765,caution+rain+overtake+pit_window
2022_Monaco_Grand_Prix|PER|19|fast,2022_Monaco_Grand_Prix,PER,19,1620002.190,1620008.856,1620009.622,6.667,7.432,0.300,0,fast_local,redis_cache,0.765,caution+rain+overtake+pit_window
2022_Monaco_Grand_Prix|PER|19|smart,2022_Monaco_Grand_Prix,PER,19,1620002.190,1621255.639,1621412.539,1253.449,1410.349,0.300,0,smart_cloud,cassandra,156.900,caution+rain+overtake+pit_window
2022_Monaco_Grand_Prix|RIC|19|fast,2022_Monaco_Grand_Prix,RIC,19,1620002.998,1620009.622,1620010.387,6.624,7.389,0.650,1,fast_local,redis_cache,0.765,caution+rain+overtake+pit_window
2022_Monaco_Grand_Prix|RUS|19|fast,2022_Monaco_Grand_Prix,RUS,19,1620003.289,1620010.387,1620011.152,7.097,7.863,0.450,0,fast_local,redis_cache,0.765,caution+rain+overtake+pit_window
2022_Monaco_Grand_Prix|RUS|19|smart,2022_Monaco_Grand_Prix,RUS,19,1620003.289,1621412.539,1621569.439,1409.249,1566.149,0.450,0,smart_cloud,cassandra,156.900,caution+rain+overtake+pit_window
2022_Monaco_Grand_Prix|SAI|19|fast,2022_Monaco_Grand_Prix,SAI,19,1620003.356,1620011.152,1620011.917,7.796,8.561,0.300,0,fast_local,redis_cache,0.765,caution+rain+overtake+pit_window
2022_Monaco_Grand_Prix|SAI|19|smart,2022_Monaco_Grand_Prix,SAI,19,1620003.356,1621569.439,1621726.339,1566.082,1722.982,0.300,0,smart_cloud,cassandra,156.900,caution+rain+overtake+pit_window
2022_Monaco_Grand_Prix|STR|19|fast,2022_Monaco_Grand_Prix,STR,19,1620003.813,1620011.917,1620012.683,8.105,8.870,0.450,0,fast_local,redis_cache,0.765,caution+rain+overtake+pit_window
2022_Monaco_Grand_Prix|STR|19|smart,2022_Monaco_Grand_Prix,STR,19,1620003.813,1621726.339,1621883.239,1722.526,1879.426,0.450,0,smart_cloud,cassandra,156.900,caution+rain+overtake+pit_window
2022_Monaco_Grand_Prix|TSU|19|fast,2022_Monaco_Grand_Prix,TSU,19,1620003.872,1620012.683,1620013.448,8.811,9.576,0.350,0,fast_local,redis_cache,0.765,caution+rain+overtake+pit_window
2022_Monaco_Grand_Prix|TSU|19|smart,2022_Monaco_Grand_Prix,TSU,19,1620003.872,1621883.239,1622040.139,1879.367,2036.267,0.350,0,smart_cloud,cassandra,156.900,caution+rain+overtake+pit_window
2022_Monaco_Grand_Prix|VER|19|fast,2022_Monaco_Grand_Prix,VER,19,1620004.492,1620013.448,1620014.213,8.956,9.721,0.300,0,fast_local,redis_cache,0.765,caution+rain+overtake+pit_window
2022_Monaco_Grand_Prix|VER|19|smart,2022_Monaco_Grand_Prix,VER,19,1620004.492,1622040.139,1622197.039,2035.647,2192.547,0.300,0,smart_cloud,cassandra,156.900,caution+rain+overtake+pit_window
2022_Monaco_Grand_Prix|VET|19|fast,2022_Monaco_Grand_Prix,VET,19,1620004.656,1620014.213,1620014.978,9.557,10.322,0.300,0,fast_local,redis_cache,0.765,caution+rain+overtake+pit_window
2022_Monaco_Grand_Prix|VET|19|smart,2022_Monaco_Grand_Prix,VET,19,1620004.656,1622197.039,1622353.939,2192.382,2349.282,0.300,0,smart_cloud,cassandra,156.900,caution+rain+overtake+pit_window
2022_Monaco_Grand_Prix|ZHO|19|fast,2022_Monaco_Grand_Prix,ZHO,19,1620004.681,1620014.978,1620015.744,10.298,11.063,0.600,1,fast_local,redis_cache,0.765,caution+rain+overtake+pit_window
2022_Monaco_Grand_Prix|ALB|20|fast,2022_Monaco_Grand_Prix,ALB,20,1710000.062,1710000.062,1710000.827,0.000,0.765,1.000,1,fast_local,redis_cache,0.765,caution+rain+overtake+pit_window
2022_Monaco_Grand_Prix|ALO|20|fast,2022_Monaco_Grand_Prix,ALO,20,1710000.592,1710000.827,1710001.592,0.234,1.000,1.000,1,fast_local,redis_cache,0.765,caution+rain+overtake+pit_window
2022_Monaco_Grand_Prix|BOT|20|fast,2022_Monaco_Grand_Prix,BOT,20,1710000.610,1710001.592,1710002.357,0.982,1.748,0.900,1,fast_local,redis_cache,0.765,caution+rain+overtake+pit_window
2022_Monaco_Grand_Prix|GAS|20|fast,2022_Monaco_Grand_Prix,GAS,20,1710001.477,1710002.357,1710003.123,0.880,1.646,0.750,1,fast_local,redis_cache,0.765,caution+rain+overtake+pit_window
2022_Monaco_Grand_Prix|HAM|20|fast,2022_Monaco_Grand_Prix,HAM,20,1710001.882,1710003.123,1710003.888,1.241,2.006,1.000,1,fast_local,redis_cache,0.765,caution+rain+overtake+pit_window
2022_Monaco_Grand_Prix|LAT|20|fast,2022_Monaco_Grand_Prix,LAT,20,1710002.272,1710003.888,1710004.653,1.616,2.381,0.600,1,fast_local,redis_cache,0.765,caution+rain+overtake+pit_window
2022_Monaco_Grand_Prix|LEC|20|fast,2022_Monaco_Grand_Prix,LEC,20,1710002.397,1710004.653,1710005.418,2.256,3.021,0.300,0,fast_local,redis_cache,0.765,caution+rain+overtake+pit_window
2022_Monaco_Grand_Prix|LEC|20|smart,2022_Monaco_Grand_Prix,LEC,20,1710002.397,1710002.397,1710159.297,0.000,156.900,0.300,0,smart_cloud,cassandra,156.900,caution+rain+overtake+pit_window
2022_Monaco_Grand_Prix|MSC|20|fast,2022_Monaco_Grand_Prix,MSC,20,1710002.765,1710005.418,1710006.184,2.653,3.419,0.750,1,fast_local,redis_cache,0.765,caution+rain+overtake+pit_window
2022_Monaco_Grand_Prix|NOR|20|fast,2022_Monaco_Grand_Prix,NOR,20,1710002.941,1710006.184,1710006.949,3.242,4.007,0.750,1,fast_local,redis_cache,0.765,caution+rain+overtake+pit_window
2022_Monaco_Grand_Prix|OCO|20|fast,2022_Monaco_Grand_Prix,OCO,20,1710003.185,1710006.949,1710007.714,3.763,4.529,1.000,1,fast_local,redis_cache,0.765,caution+rain+overtake+pit_window
2022_Monaco_Grand_Prix|PER|20|fast,2022_Monaco_Grand_Prix,PER,20,1710003.430,1710007.714,1710008.479,4.284,5.049,0.300,0,fast_local,redis_cache,0.765,caution+rain+overtake+pit_window
2022_Monaco_Grand_Prix|PER|20|smart,2022_Monaco_Grand_Prix,PER,20,1710003.430,1710159.297,1710316.197,155.866,312.766,0.300,0,smart_cloud,cassandra,156.900,caution+rain+overtake+pit_window
2022_Monaco_Grand_Prix|RIC|20|fast,2022_Monaco_Grand_Prix,RIC,20,1710003.589,1710008.479,1710009.245,4.890,5.656,0.750,1,fast_local,redis_cache,0.765,caution+rain+overtake+pit_window
2022_Monaco_Grand_Prix|RUS|20|fast,2022_Monaco_Grand_Prix,RUS,20,1710003.648,1710009.245,1710010.010,5.596,6.361,0.900,1,fast_local,redis_cache,0.765,caution+rain+overtake+pit_window
2022_Monaco_Grand_Prix|SAI|20|fast,2022_Monaco_Grand_Prix,SAI,20,1710003.902,1710010.010,1710010.775,6.108,6.874,0.450,0,fast_local,redis_cache,0.765,caution+rain+overtake+pit_window
2022_Monaco_Grand_Prix|SAI|20|smart,2022_Monaco_Grand_Prix,SAI,20,1710003.902,1710316.197,1710473.097,312.295,469.195,0.450,0,smart_cloud,cassandra,156.900,caution+rain+overtake+pit_window
2022_Monaco_Grand_Prix|STR|20|fast,2022_Monaco_Grand_Prix,STR,20,1710004.127,1710010.775,1710011.540,6.648,7.413,0.950,1,fast_local,redis_cache,0.765,caution+rain+overtake+pit_window
2022_Monaco_Grand_Prix|TSU|20|fast,2022_Monaco_Grand_Prix,TSU,20,1710004.253,1710011.540,1710012.306,7.288,8.053,0.600,1,fast_local,redis_cache,0.765,caution+rain+overtake+pit_window
2022_Monaco_Grand_Prix|VER|20|fast,2022_Monaco_Grand_Prix,VER,20,1710004.681,1710012.306,1710013.071,7.625,8.390,0.300,0,fast_local,redis_cache,0.765,caution+rain+overtake+pit_window
2022_Monaco_Grand_Prix|VER|20|smart,2022_Monaco_Grand_Prix,VER,20,1710004.681,1710473.097,1710629.997,468.416,625.316,0.300,0,smart_cloud,cassandra,156.900,caution+rain+overtake+pit_window
2022_Monaco_Grand_Prix|VET|20|fast,2022_Monaco_Grand_Prix,VET,20,1710004.756,1710013.071,1710013.836,8.315,9.080,0.600,1,fast_local,redis_cache,0.765,caution+rain+overtake+pit_window
2022_Monaco_Grand_Prix|ZHO|20|fast,2022_Monaco_Grand_Prix,ZHO,20,1710004.933,1710013.836,1710014.601,8.903,9.668,1.000,1,fast_local,redis_cache,0.765,caution+rain+overtake+pit_window
2022_Monaco_Grand_Prix|ALB|21|fast,2022_Monaco_Grand_Prix,ALB,21,1800000.145,1800000.145,1800000.910,0.000,0.765,0.650,1,fast_local,redis_cache,0.765,caution+rain+overtake+pit_window
2022_Monaco_Grand_Prix|ALO|21|fast,2022_Monaco_Grand_Prix,ALO,21,1800000.452,1800000.910,1800001.675,0.458,1.223,0.800,1,fast_local,redis_cache,0.765,caution+rain+overtake+pit_window
2022_Monaco_Grand_Prix|BOT|21|fast,2022_Monaco_Grand_Prix,BOT,21,1800000.532,1800001.675,1800002.441,1.143,1.909,0.300,0,fast_local,redis_cache,0.765,caution+rain+overtake+pit_window
2022_Monaco_Grand_Prix|BOT|21|smart,2022_Monaco_Grand_Prix,BOT,21,1800000.532,1800000.532,1800157.432,0.000,156.900,0.300,0,smart_cloud,cassandra,156.900,caution+rain+overtake+pit_window
2022_Monaco_Grand_Prix|GAS|21|fast,2022_Monaco_Grand_Prix,GAS,21,1800000.553,1800002.441,1800003.206,1.888,2.653,0.450,0,fast_local,redis_cache,0.765,caution+rain+overtake+pit_window
2022_Monaco_Grand_Prix|GAS|21|smart,2022_Monaco_Grand_Prix,GAS,21,1800000.553,1800157.432,1800314.332,156.879,313.779,0.450,0,smart_cloud,cassandra,156.900,caution+rain+overtake+pit_window
2022_Monaco_Grand_Prix|HAM|21|fast,2022_Monaco_Grand_Prix,HAM,21,1800000.715,1800003.206,1800003.971,2.491,3.256,0.450,0,fast_local,redis_cache,0.765,caution+rain+overtake+pit_window
2022_Monaco_Grand_Prix|HAM|21|smart,2022_Monaco_Grand_Prix,HAM,21,1800000.715,1800314.332,1800471.232,313.617,470.517,0.450,0,smart_cloud,cassandra,156.900,caution+rain+overtake+pit_window
2022_Monaco_Grand_Prix|LAT|21|fast,2022_Monaco_Grand_Prix,LAT,21,1800001.204,1800003.971,1800004.737,2.767,3.532,0.300,0,fast_local,redis_cache,0.765,caution+rain+overtake+pit_window
2022_Monaco_Grand_Prix|LAT|21|smart,2022_Monaco_Grand_Prix,LAT,21,1800001.204,1800471.232,1800628.132,470.028,626.928,0.300,0,smart_cloud,cassandra,156.900,caution+rain+overtake+pit_window
2022_Monaco_Grand_Prix|LEC|21|fast,2022_Monaco_Grand_Prix,LEC,21,1800001.420,1800004.737,1800005.502,3.317,4.082,0.600,1,fast_local,redis_cache,0.765,caution+rain+overtake+pit_window
2022_Monaco_Grand_Prix|MSC|21|fast,2022_Monaco_Grand_Prix,MSC,21,1800001.510,1800005.502,1800006.267,3.992,4.757,0.450,0,fast_local,redis_cache,0.765,caution+rain+overtake+pit_window
2022_Monaco_Grand_Prix|MSC|21|smart,2022_Monaco_Grand_Prix,MSC,21,1800001.510,1800628.132,1800785.032,626.622,783.522,0.450,0,smart_cloud,cassandra,156.900,caution+rain+overtake+pit_window
2022_Monaco_Grand_Prix|NOR|21|fast,2022_Monaco_Grand_Prix,NOR,21,1800002.212,1800006.267,1800007.032,4.055,4.821,0.300,0,fast_local,redis_cache,0.765,caution+rain+overtake+pit_window
2022_Monaco_Grand_Prix|NOR|21|smart,2022_Monaco_Grand_Prix,NOR,21,1800002.212,1800785.032,1800941.932,782.821,939.721,0.300,0,smart_cloud,cassandra,156.900,caution+rain+overtake+pit_window
2022_Monaco_Grand_Prix|OCO|21|fast,2022_Monaco_Grand_Prix,OCO,21,1800002.293,1800007.032,1800007.798,4.740,5.505,0.800,1,fast_local,redis_cache,0.765,caution+rain+overtake+pit_window
2022_Monaco_Grand_Prix|PER|21|fast,2022_Monaco_Grand_Prix,PER,21,1800003.251,1800007.798,1800008.563,4.547,5.312,0.600,1,fast_local,redis_cache,0.765,caution+rain+overtake+pit_window
2022_Monaco_Grand_Prix|RIC|21|fast,2022_Monaco_Grand_Prix,RIC,21,1800003.328,1800008.563,1800009.328,5.234,6.000,0.650,1,fast_local,redis_cache,0.765,caution+rain+overtake+pit_window
2022_Monaco_Grand_Prix|RUS|21|fast,2022_Monaco_Grand_Prix,RUS,21,1800003.906,1800009.328,1800010.093,5.422,6.187,0.450,0,fast_local,redis_cache,0.765,caution+rain+overtake+pit_window
2022_Monaco_Grand_Prix|RUS|21|smart,2022_Monaco_Grand_Prix,RUS,21,1800003.906,1800941.932,1801098.832,938.026,1094.926,0.450,0,smart_cloud,cassandra,156.900,caution+rain+overtake+pit_window
2022_Monaco_Grand_Prix|SAI|21|fast,2022_Monaco_Grand_Prix,SAI,21,1800004.184,1800010.093,1800010.859,5.909,6.674,0.750,1,fast_local,redis_cache,0.765,caution+rain+overtake+pit_window
2022_Monaco_Grand_Prix|STR|21|fast,2022_Monaco_Grand_Prix,STR,21,1800004.396,1800010.859,1800011.624,6.463,7.228,0.300,0,fast_local,redis_cache,0.765,caution+rain+overtake+pit_window
2022_Monaco_Grand_Prix|STR|21|smart,2022_Monaco_Grand_Prix,STR,21,1800004.396,1801098.832,1801255.732,1094.436,1251.336,0.300,0,smart_cloud,cassandra,156.900,caution+rain+overtake+pit_window
2022_Monaco_Grand_Prix|TSU|21|fast,2022_Monaco_Grand_Prix,TSU,21,1800004.485,1800011.624,1800012.389,7.139,7.904,0.450,0,fast_local,redis_cache,0.765,caution+rain+overtake+pit_window
2022_Monaco_Grand_Prix|TSU|21|smart,2022_Monaco_Grand_Prix,TSU,21,1800004.485,1801255.732,1801412.632,1251.247,1408.147,0.450,0,smart_cloud,cassandra,156.900,caution+rain+overtake+pit_window
2022_Monaco_Grand_Prix|VER|21|fast,2022_Monaco_Grand_Prix,VER,21,1800004.592,1800012.389,1800013.154,7.797,8.562,0.600,1,fast_local,redis_cache,0.765,caution+rain+overtake+pit_window
2022_Monaco_Grand_Prix|VET|21|fast,2022_Monaco_Grand_Prix,VET,21,1800004.985,1800013.154,1800013.920,8.169,8.934,0.300,0,fast_local,redis_cache,0.765,caution+rain+overtake+pit_window
2022_Monaco_Grand_Prix|VET|21|smart,2022_Monaco_Grand_Prix,VET,21,1800004.985,1801412.632,1801569.532,1407.647,1564.547,0.300,0,smart_cloud,cassandra,156.900,caution+rain+overtake+pit_window
2022_Monaco_Grand_Prix|ZHO|21|fast,2022_Monaco_Grand_Prix,ZHO,21,1800004.996,1800013.920,1800014.685,8.924,9.689,0.800,1,fast_local,redis_cache,0.765,caution+rain+overtake+pit_window
2022_Monaco_Grand_Prix|ALB|22|fast,2022_Monaco_Grand_Prix,ALB,22,1890000.027,1890000.027,1890000.792,0.000,0.765,0.300,0,fast_local,redis_cache,0.765,rain+overtake+pit_window
2022_Monaco_Grand_Prix|ALB|22|smart,2022_Monaco_Grand_Prix,ALB,22,1890000.027,1890000.027,1890156.927,0.000,156.900,0.300,0,smart_cloud,cassandra,156.900,rain+overtake+pit_window
2022_Monaco_Grand_Prix|ALO|22|fast,2022_Monaco_Grand_Prix,ALO,22,1890000.181,1890000.792,1890001.558,0.612,1.377,0.300,0,fast_local,redis_cache,0.765,rain+overtake+pit_window
2022_Monaco_Grand_Prix|ALO|22|smart,2022_Monaco_Grand_Prix,ALO,22,1890000.181,1890156.927,1890313.827,156.746,313.646,0.300,0,smart_cloud,cassandra,156.900,rain+overtake+pit_window
2022_Monaco_Grand_Prix|BOT|22|fast,2022_Monaco_Grand_Prix,BOT,22,1890000.201,1890001.558,1890002.323,1.357,2.122,0.650,1,fast_local,redis_cache,0.765,rain+overtake+pit_window
2022_Monaco_Grand_Prix|GAS|22|fast,2022_Monaco_Grand_Prix,GAS,22,1890000.258,1890002.323,1890003.088,2.065,2.830,0.600,1,fast_local,redis_cache,0.765,rain+overtake+pit_window
2022_Monaco_Grand_Prix|HAM|22|fast,2022_Monaco_Grand_Prix,HAM,22,1890000.286,1890003.088,1890003.853,2.802,3.567,0.300,0,fast_local,redis_cache,0.765,rain+overtake+pit_window
2022_Monaco_Grand_Prix|HAM|22|smart,2022_Monaco_Grand_Prix,HAM,22,1890000.286,1890313.827,1890470.727,313.541,470.441,0.300,0,smart_cloud,cassandra,156.900,rain+overtake+pit_window
2022_Monaco_Grand_Prix|LAT|22|fast,2022_Monaco_Grand_Prix,LAT,22,1890000.991,1890003.853,1890004.619,2.862,3.628,0.450,0,fast_local,redis_cache,0.765,rain+overtake+pit_window
2022_Monaco_Grand_Prix|LAT|22|smart,2022_Monaco_Grand_Prix,LAT,22,1890000.991,1890470.727,1890627.627,469.736,626.636,0.450,0,smart_cloud,cassandra,156.900,rain+overtake+pit_window
2022_Monaco_Grand_Prix|LEC|22|fast,2022_Monaco_Grand_Prix,LEC,22,1890001.009,1890004.619,1890005.384,3.610,4.375,0.300,0,fast_local,redis_cache,0.765,rain+overtake+pit_window
2022_Monaco_Grand_Prix|LEC|22|smart,2022_Monaco_Grand_Prix,LEC,22,1890001.009,1890627.627,1890784.527,626.618,783.518,0.300,0,smart_cloud,cassandra,156.900,rain+overtake+pit_window
2022_Monaco_Grand_Prix|MSC|22|fast,2022_Monaco_Grand_Prix,MSC,22,1890001.193,1890005.384,1890006.149,4.191,4.956,0.350,0,fast_local,redis_cache,0.765,rain+overtake+pit_window
2022_Monaco_Grand_Prix|MSC|22|smart,2022_Monaco_Grand_Prix,MSC,22,1890001.193,1890784.527,1890941.427,783.334,940.234,0.350,0,smart_cloud,cassandra,156.900,rain+overtake+pit_window
2022_Monaco_Grand_Prix|NOR|22|fast,2022_Monaco_Grand_Prix,NOR,22,1890003.030,1890006.149,1890006.914,3.120,3.885,0.300,0,fast_local,redis_cache,0.765,rain+overtake+pit_window
2022_Monaco_Grand_Prix|NOR|22|smart,2022_Monaco_Grand_Prix,NOR,22,1890003.030,1890941.427,1891098.327,938.398,1095.298,0.300,0,smart_cloud,cassandra,156.900,rain+overtake+pit_window
2022_Monaco_Grand_Prix|OCO|22|fast,2022_Monaco_Grand_Prix,OCO,22,1890003.281,1890006.914,1890007.680,3.633,4.398,0.300,0,fast_local,redis_cache,0.765,rain+overtake+pit_window
2022_Monaco_Grand_Prix|OCO|22|smart,2022_Monaco_Grand_Prix,OCO,22,1890003.281,1891098.327,1891255.227,1095.046,1251.946,0.300,0,smart_cloud,cassandra,156.900,rain+overtake+pit_window
2022_Monaco_Grand_Prix|PER|22|fast,2022_Monaco_Grand_Prix,PER,22,1890003.491,1890007.680,1890008.445,4.189,4.954,0.300,0,fast_local,redis_cache,0.765,rain+overtake+pit_window
2022_Monaco_Grand_Prix|PER|22|smart,2022_Monaco_Grand_Prix,PER,22,1890003.491,1891255.227,1891412.127,1251.737,1408.637,0.300,0,smart_cloud,cassandra,156.900,rain+overtake+pit_window
2022_Monaco_Grand_Prix|RIC|22|fast,2022_Monaco_Grand_Prix,RIC,22,1890003.861,1890008.445,1890009.210,4.584,5.350,0.300,0,fast_local,redis_cache,0.765,rain+overtake+pit_window
2022_Monaco_Grand_Prix|RIC|22|smart,2022_Monaco_Grand_Prix,RIC,22,1890003.861,1891412.127,1891569.027,1408.267,1565.167,0.300,0,smart_cloud,cassandra,156.900,rain+overtake+pit_window
2022_Monaco_Grand_Prix|RUS|22|fast,2022_Monaco_Grand_Prix,RUS,22,1890003.884,1890009.210,1890009.975,5.326,6.092,0.300,0,fast_local,redis_cache,0.765,rain+overtake+pit_window
2022_Monaco_Grand_Prix|RUS|22|smart,2022_Monaco_Grand_Prix,RUS,22,1890003.884,1891569.027,1891725.927,1565.143,1722.043,0.300,0,smart_cloud,cassandra,156.900,rain+overtake+pit_window
2022_Monaco_Grand_Prix|SAI|22|fast,2022_Monaco_Grand_Prix,SAI,22,1890004.005,1890009.975,1890010.741,5.971,6.736,0.450,0,fast_local,redis_cache,0.765,rain+overtake+pit_window
2022_Monaco_Grand_Prix|SAI|22|smart,2022_Monaco_Grand_Prix,SAI,22,1890004.005,1891725.927,1891882.827,1721.922,1878.822,0.450,0,smart_cloud,cassandra,156.900,rain+overtake+pit_window
2022_Monaco_Grand_Prix|STR|22|fast,2022_Monaco_Grand_Prix,STR,22,1890004.007,1890010.741,1890011.506,6.733,7.499,0.450,0,fast_local,redis_cache,0.765,rain+overtake+pit_window
2022_Monaco_Grand_Prix|STR|22|smart,2022_Monaco_Grand_Prix,STR,22,1890004.007,1891882.827,1892039.727,1878.820,2035.720,0.450,0,smart_cloud,cassandra,156.900,rain+overtake+pit_window
2022_Monaco_Grand_Prix|TSU|22|fast,2022_Monaco_Grand_Prix,TSU,22,1890004.190,1890011.506,1890012.271,7.316,8.081,0.300,0,fast_local,redis_cache,0.765,rain+overtake+pit_window
2022_Monaco_Grand_Prix|TSU|22|smart,2022_Monaco_Grand_Prix,TSU,22,1890004.190,1892039.727,1892196.627,2035.537,2192.437,0.300,0,smart_cloud,cassandra,156.900,rain+overtake+pit_window
2022_Monaco_Grand_Prix|VER|22|fast,2022_Monaco_Grand_Prix,VER,22,1890004.247,1890012.271,1890013.036,8.024,8.789,0.350,0,fast_local,redis_cache,0.765,rain+overtake+pit_window
2022_Monaco_Grand_Prix|VER|22|smart,2022_Monaco_Grand_Prix,VER,22,1890004.247,1892196.627,1892353.527,2192.380,2349.280,0.350,0,smart_cloud,cassandra,156.900,rain+overtake+pit_window
2022_Monaco_Grand_Prix|VET|22|fast,2022_Monaco_Grand_Prix,VET,22,1890004.553,1890013.036,1890013.802,8.483,9.248,0.300,0,fast_local,redis_cache,0.765,rain+overtake+pit_window
2022_Monaco_Grand_Prix|VET|22|smart,2022_Monaco_Grand_Prix,VET,22,1890004.553,1892353.527,1892510.427,2348.974,2505.874,0.300,0,smart_cloud,cassandra,156.900,rain+overtake+pit_window
2022_Monaco_Grand_Prix|ZHO|22|fast,2022_Monaco_Grand_Prix,ZHO,22,1890004.639,1890013.802,1890014.567,9.163,9.928,0.450,0,fast_local,redis_cache,0.765,rain+overtake+pit_window
2022_Monaco_Grand_Prix|ZHO|22|smart,2022_Monaco_Grand_Prix,ZHO,22,1890004.639,1892510.427,1892667.327,2505.788,2662.688,0.450,0,smart_cloud,cassandra,156.900,rain+overtake+pit_window
2022_Monaco_Grand_Prix|ALB|23|fast,2022_Monaco_Grand_Prix,ALB,23,1980000.212,1980000.212,1980000.977,0.000,0.765,0.300,0,fast_local,redis_cache,0.765,rain+overtake+pit_window
2022_Monaco_Grand_Prix|ALB|23|smart,2022_Monaco_Grand_Prix,ALB,23,1980000.212,1980000.212,1980157.112,0.000,156.900,0.300,0,smart_cloud,cassandra,156.900,rain+overtake+pit_window
2022_Monaco_Grand_Prix|ALO|23|fast,2022_Monaco_Grand_Prix,ALO,23,1980000.273,1980000.977,1980001.742,0.705,1.470,0.300,0,fast_local,redis_cache,0.765,rain+overtake+pit_window
2022_Monaco_Grand_Prix|ALO|23|smart,2022_Monaco_Grand_Prix,ALO,23,1980000.273,1980157.112,1980314.012,156.839,313.739,0.300,0,smart_cloud,cassandra,156.900,rain+overtake+pit_window
2022_Monaco_Grand_Prix|BOT|23|fast,2022_Monaco_Grand_Prix,BOT,23,1980000.459,1980001.742,1980002.508,1.284,2.049,0.450,0,fast_local,redis_cache,0.765,rain+overtake+pit_window
2022_Monaco_Grand_Prix|BOT|23|smart,2022_Monaco_Grand_Prix,BOT,23,1980000.459,1980314.012,1980470.912,313.553,470.453,0.450,0,smart_cloud,cassandra,156.900,rain+overtake+pit_window
2022_Monaco_Grand_Prix|GAS|23|fast,2022_Monaco_Grand_Prix,GAS,23,1980000.625,1980002.508,1980003.273,1.883,2.648,0.450,0,fast_local,redis_cache,0.765,rain+overtake+pit_window
2022_Monaco_Grand_Prix|GAS|23|smart,2022_Monaco_Grand_Prix,GAS,23,1980000.625,1980470.912,1980627.812,470.287,627.187,0.450,0,smart_cloud,cassandra,156.900,rain+overtake+pit_window
2022_Monaco_Grand_Prix|HAM|23|fast,2022_Monaco_Grand_Prix,HAM,23,1980000.776,1980003.273,1980004.038,2.497,3.262,0.300,0,fast_local,redis_cache,0.765,rain+overtake+pit_window
2022_Monaco_Grand_Prix|HAM|23|smart,2022_Monaco_Grand_Prix,HAM,23,1980000.776,1980627.812,1980784.712,627.036,783.936,0.300,0,smart_cloud,cassandra,156.900,rain+overtake+pit_window
2022_Monaco_Grand_Prix|LAT|23|fast,2022_Monaco_Grand_Prix,LAT,23,1980000.866,1980004.038,1980004.803,3.172,3.938,0.300,0,fast_local,redis_cache,0.765,rain+overtake+pit_window
2022_Monaco_Grand_Prix|LAT|23|smart,2022_Monaco_Grand_Prix,LAT,23,1980000.866,1980784.712,1980941.612,783.846,940.746,0.300,0,smart_cloud,cassandra,156.900,rain+overtake+pit_window
2022_Monaco_Grand_Prix|LEC|23|fast,2022_Monaco_Grand_Prix,LEC,23,1980000.965,1980004.803,1980005.569,3.838,4.603,0.350,0,fast_local,redis_cache,0.765,rain+overtake+pit_window
2022_Monaco_Grand_Prix|LEC|23|smart,2022_Monaco_Grand_Prix,LEC,23,1980000.965,1980941.612,1981098.512,940.647,1097.547,0.350,0,smart_cloud,cassandra,156.900,rain+overtake+pit_window
2022_Monaco_Grand_Prix|MSC|23|fast,2022_Monaco_Grand_Prix,MSC,23,1980001.354,1980005.569,1980006.334,4.215,4.980,0.300,0,fast_local,redis_cache,0.765,rain+overtake+pit_window
2022_Monaco_Grand_Prix|MSC|23|smart,2022_Monaco_Grand_Prix,MSC,23,1980001.354,1981098.512,1981255.412,1097.158,1254.058,0.300,0,smart_cloud,cassandra,156.900,rain+overtake+pit_window
2022_Monaco_Grand_Prix|NOR|23|fast,2022_Monaco_Grand_Prix,NOR,23,1980002.523,1980006.334,1980007.099,3.811,4.576,0.300,0,fast_local,redis_cache,0.765,rain+overtake+pit_window
2022_Monaco_Grand_Prix|NOR|23|smart,2022_Monaco_Grand_Prix,NOR,23,1980002.523,1981255.412,1981412.312,1252.889,1409.789,0.300,0,smart_cloud,cassandra,156.900,rain+overtake+pit_window
2022_Monaco_Grand_Prix|OCO|23|fast,2022_Monaco_Grand_Prix,OCO,23,1980003.058,1980007.099,1980007.864,4.041,4.807,0.300,0,fast_local,redis_cache,0.765,rain+overtake+pit_window
2022_Monaco_Grand_Prix|OCO|23|smart,2022_Monaco_Grand_Prix,OCO,23,1980003.058,1981412.312,1981569.212,1409.254,1566.154,0.300,0,smart_cloud,cassandra,156.900,rain+overtake+pit_window
2022_Monaco_Grand_Prix|PER|23|fast,2022_Monaco_Grand_Prix,PER,23,1980003.082,1980007.864,1980008.630,4.783,5.548,0.650,1,fast_local,redis_cache,0.765,rain+overtake+pit_window
2022_Monaco_Grand_Prix|RIC|23|fast,2022_Monaco_Grand_Prix,RIC,23,1980003.150,1980008.630,1980009.395,5.479,6.245,0.300,0,fast_local,redis_cache,0.765,rain+overtake+pit_window
2022_Monaco_Grand_Prix|RIC|23|smart,2022_Monaco_Grand_Prix,RIC,23,1980003.150,1981569.212,1981726.112,1566.062,1722.962,0.300,0,smart_cloud,cassandra,156.900,rain+overtake+pit_window
2022_Monaco_Grand_Prix|RUS|23|fast,2022_Monaco_Grand_Prix,RUS,23,1980003.548,1980009.395,1980010.160,5.847,6.612,0.300,0,fast_local,redis_cache,0.765,rain+overtake+pit_window
2022_Monaco_Grand_Prix|RUS|23|smart,2022_Monaco_Grand_Prix,RUS,23,1980003.548,1981726.112,1981883.012,1722.564,1879.464,0.300,0,smart_cloud,cassandra,156.900,rain+overtake+pit_window
2022_Monaco_Grand_Prix|SAI|23|fast,2022_Monaco_Grand_Prix,SAI,23,1980003.550,1980010.160,1980010.925,6.610,7.376,0.450,0,fast_local,redis_cache,0.765,rain+overtake+pit_window
2022_Monaco_Grand_Prix|SAI|23|smart,2022_Monaco_Grand_Prix,SAI,23,1980003.550,1981883.012,1982039.912,1879.462,2036.362,0.450,0,smart_cloud,cassandra,156.900,rain+overtake+pit_window
2022_Monaco_Grand_Prix|STR|23|fast,2022_Monaco_Grand_Prix,STR,23,1980003.673,1980010.925,1980011.691,7.252,8.017,0.450,0,fast_local,redis_cache,0.765,rain+overtake+pit_window
2022_Monaco_Grand_Prix|STR|23|smart,2022_Monaco_Grand_Prix,STR,23,1980003.673,1982039.912,1982196.812,2036.239,2193.139,0.450,0,smart_cloud,cassandra,156.900,rain+overtake+pit_window
2022_Monaco_Grand_Prix|TSU|23|fast,2022_Monaco_Grand_Prix,TSU,23,1980003.726,1980011.691,1980012.456,7.965,8.730,0.300,0,fast_local,redis_cache,0.765,rain+overtake+pit_window
2022_Monaco_Grand_Prix|TSU|23|smart,2022_Monaco_Grand_Prix,TSU,23,1980003.726,1982196.812,1982353.712,2193.086,2349.986,0.300,0,smart_cloud,cassandra,156.900,rain+overtake+pit_window
2022_Monaco_Grand_Prix|VER|23|fast,2022_Monaco_Grand_Prix,VER,23,1980004.256,1980012.456,1980013.221,8.200,8.965,0.450,0,fast_local,redis_cache,0.765,rain+overtake+pit_window
2022_Monaco_Grand_Prix|VER|23|smart,2022_Monaco_Grand_Prix,VER,23,1980004.256,1982353.712,1982510.612,2349.456,2506.356,0.450,0,smart_cloud,cassandra,156.900,rain+overtake+pit_window
2022_Monaco_Grand_Prix|VET|23|fast,2022_Monaco_Grand_Prix,VET,23,1980004.421,1980013.221,1980013.986,8.800,9.566,0.700,1,fast_local,redis_cache,0.765,rain+overtake+pit_window
2022_Monaco_Grand_Prix|ZHO|23|fast,2022_Monaco_Grand_Prix,ZHO,23,1980004.901,1980013.986,1980014.752,9.085,9.850,0.300,0,fast_local,redis_cache,0.765,rain+overtake+pit_window
2022_Monaco_Grand_Prix|ZHO|23|smart,2022_Monaco_Grand_Prix,ZHO,23,1980004.901,1982510.612,1982667.512,2505.711,2662.611,0.300,0,smart_cloud,cassandra,156.900,rain+overtake+pit_window
2022_Monaco_Grand_Prix|ALB|24|fast,2022_Monaco_Grand_Prix,ALB,24,2070000.596,2070000.596,2070001.361,0.000,0.765,0.300,0,fast_local,redis_cache,0.765,rain+overtake+pit_window
2022_Monaco_Grand_Prix|ALB|24|smart,2022_Monaco_Grand_Prix,ALB,24,2070000.596,2070000.596,2070157.496,0.000,156.900,0.300,0,smart_cloud,cassandra,156.900,rain+overtake+pit_window
2022_Monaco_Grand_Prix|ALO|24|fast,2022_Monaco_Grand_Prix,ALO,24,2070000.670,2070001.361,2070002.127,0.691,1.456,0.300,0,fast_local,redis_cache,0.765,rain+overtake+pit_window
2022_Monaco_Grand_Prix|ALO|24|smart,2022_Monaco_Grand_Prix,ALO,24,2070000.670,2070157.496,2070314.396,156.826,313.726,0.300,0,smart_cloud,cassandra,156.900,rain+overtake+pit_window
2022_Monaco_Grand_Prix|BOT|24|fast,2022_Monaco_Grand_Prix,BOT,24,2070000.726,2070002.127,2070002.892,1.401,2.166,0.300,0,fast_local,redis_cache,0.765,rain+overtake+pit_window
2022_Monaco_Grand_Prix|BOT|24|smart,2022_Monaco_Grand_Prix,BOT,24,2070000.726,2070314.396,2070471.296,313.670,470.570,0.300,0,smart_cloud,cassandra,156.900,rain+overtake+pit_window
2022_Monaco_Grand_Prix|GAS|24|fast,2022_Monaco_Grand_Prix,GAS,24,2070000.742,2070002.892,2070003.657,2.150,2.915,0.450,0,fast_local,redis_cache,0.765,rain+overtake+pit_window
2022_Monaco_Grand_Prix|GAS|24|smart,2022_Monaco_Grand_Prix,GAS,24,2070000.742,2070471.296,2070628.196,470.554,627.454,0.450,0,smart_cloud,cassandra,156.900,rain+overtake+pit_window
2022_Monaco_Grand_Prix|HAM|24|fast,2022_Monaco_Grand_Prix,HAM,24,2070000.918,2070003.657,2070004.422,2.739,3.505,0.300,0,fast_local,redis_cache,0.765,rain+overtake+pit_window
2022_Monaco_Grand_Prix|HAM|24|smart,2022_Monaco_Grand_Prix,HAM,24,2070000.918,2070628.196,2070785.096,627.278,784.178,0.300,0,smart_cloud,cassandra,156.900,rain+overtake+pit_window
2022_Monaco_Grand_Prix|LAT|24|fast,2022_Monaco_Grand_Prix,LAT,24,2070001.507,2070004.422,2070005.188,2.916,3.681,0.300,0,fast_local,redis_cache,0.765,rain+overtake+pit_window
2022_Monaco_Grand_Prix|LAT|24|smart,2022_Monaco_Grand_Prix,LAT,24,2070001.507,2070785.096,2070941.996,783.589,940.489,0.300,0,smart_cloud,cassandra,156.900,rain+overtake+pit_window
2022_Monaco_Grand_Prix|LEC|24|fast,2022_Monaco_Grand_Prix,LEC,24,2070002.020,2070005.188,2070005.953,3.167,3.933,0.450,0,fast_local,redis_cache,0.765,rain+overtake+pit_window
2022_Monaco_Grand_Prix|LEC|24|smart,2022_Monaco_Grand_Prix,LEC,24,2070002.020,2070941.996,2071098.896,939.976,1096.876,0.450,0,smart_cloud,cassandra,156.900,rain+overtake+pit_window
2022_Monaco_Grand_Prix|MSC|24|fast,2022_Monaco_Grand_Prix,MSC,24,2070002.293,2070005.953,2070006.718,3.660,4.425,0.450,0,fast_local,redis_cache,0.765,rain+overtake+pit_window
2022_Monaco_Grand_Prix|MSC|24|smart,2022_Monaco_Grand_Prix,MSC,24,2070002.293,2071098.896,2071255.796,1096.603,1253.503,0.450,0,smart_cloud,cassandra,156.900,rain+overtake+pit_window
2022_Monaco_Grand_Prix|NOR|24|fast,2022_Monaco_Grand_Prix,NOR,24,2070002.371,2070006.718,2070007.483,4.347,5.113,0.350,0,fast_local,redis_cache,0.765,rain+overtake+pit_window
2022_Monaco_Grand_Prix|NOR|24|smart,2022_Monaco_Grand_Prix,NOR,24,2070002.371,2071255.796,2071412.696,1253.425,1410.325,0.350,0,smart_cloud,cassandra,156.900,rain+overtake+pit_window
2022_Monaco_Grand_Prix|OCO|24|fast,2022_Monaco_Grand_Prix,OCO,24,2070002.542,2070007.483,2070008.249,4.942,5.707,0.300,0,fast_local,redis_cache,0.765,rain+overtake+pit_window
2022_Monaco_Grand_Prix|OCO|24|smart,2022_Monaco_Grand_Prix,OCO,24,2070002.542,2071412.696,2071569.596,1410.154,1567.054,0.300,0,smart_cloud,cassandra,156.900,rain+overtake+pit_window
2022_Monaco_Grand_Prix|PER|24|fast,2022_Monaco_Grand_Prix,PER,24,2070002.862,2070008.249,2070009.014,5.387,6.152,0.450,0,fast_local,redis_cache,0.765,rain+overtake+pit_window
2022_Monaco_Grand_Prix|PER|24|smart,2022_Monaco_Grand_Prix,PER,24,2070002.862,2071569.596,2071726.496,1566.734,1723.634,0.450,0,smart_cloud,cassandra,156.900,rain+overtake+pit_window
2022_Monaco_Grand_Prix|RIC|24|fast,2022_Monaco_Grand_Prix,RIC,24,2070002.890,2070009.014,2070009.779,6.124,6.889,0.450,0,fast_local,redis_cache,0.765,rain+overtake+pit_window
2022_Monaco_Grand_Prix|RIC|24|smart,2022_Monaco_Grand_Prix,RIC,24,2070002.890,2071726.496,2071883.396,1723.606,1880.506,0.450,0,smart_cloud,cassandra,156.900,rain+overtake+pit_window
2022_Monaco_Grand_Prix|RUS|24|fast,2022_Monaco_Grand_Prix,RUS,24,2070003.182,2070009.779,2070010.544,6.597,7.362,0.450,0,fast_local,redis_cache,0.765,rain+overtake+pit_window
2022_Monaco_Grand_Prix|RUS|24|smart,2022_Monaco_Grand_Prix,RUS,24,2070003.182,2071883.396,2072040.296,1880.214,2037.114,0.450,0,smart_cloud,cassandra,156.900,rain+overtake+pit_window
2022_Monaco_Grand_Prix|SAI|24|fast,2022_Monaco_Grand_Prix,SAI,24,2070003.246,2070010.544,2070011.310,7.298,8.063,0.700,1,fast_local,redis_cache,0.765,rain+overtake+pit_window
2022_Monaco_Grand_Prix|STR|24|fast,2022_Monaco_Grand_Prix,STR,24,2070003.499,2070011.310,2070012.075,7.811,8.576,0.500,1,fast_local,redis_cache,0.765,rain+overtake+pit_window
2022_Monaco_Grand_Prix|STR|24|smart,2022_Monaco_Grand_Prix,STR,24,2070003.499,2072040.296,2072197.196,2036.797,2193.697,0.500,1,smart_cloud,cassandra,156.900,rain+overtake+pit_window
2022_Monaco_Grand_Prix|TSU|24|fast,2022_Monaco_Grand_Prix,TSU,24,2070003.920,2070012.075,2070012.840,8.154,8.920,0.300,0,fast_local,redis_cache,0.765,rain+overtake+pit_window
2022_Monaco_Grand_Prix|TSU|24|smart,2022_Monaco_Grand_Prix,TSU,24,2070003.920,2072197.196,2072354.096,2193.276,2350.176,0.300,0,smart_cloud,cassandra,156.900,rain+overtake+pit_window
2022_Monaco_Grand_Prix|VER|24|fast,2022_Monaco_Grand_Prix,VER,24,2070004.703,2070012.840,2070013.605,8.137,8.902,0.800,1,fast_local,redis_cache,0.765,rain+overtake+pit_window
2022_Monaco_Grand_Prix|VET|24|fast,2022_Monaco_Grand_Prix,VET,24,2070004.730,2070013.605,2070014.371,8.875,9.640,0.650,1,fast_local,redis_cache,0.765,rain+overtake+pit_window
2022_Monaco_Grand_Prix|ZHO|24|fast,2022_Monaco_Grand_Prix,ZHO,24,2070004.900,2070014.371,2070015.136,9.470,10.236,0.650,1,fast_local,redis_cache,0.765,rain+overtake+pit_window
2022_Monaco_Grand_Prix|ALB|25|fast,2022_Monaco_Grand_Prix,ALB,25,2160000.180,2160000.180,2160000.946,0.000,0.765,0.600,1,fast_local,redis_cache,0.765,caution+rain+overtake
2022_Monaco_Grand_Prix|ALO|25|fast,2022_Monaco_Grand_Prix,ALO,25,2160001.088,2160001.088,2160001.853,0.000,0.765,0.300,0,fast_local,redis_cache,0.765,caution+rain+overtake
2022_Monaco_Grand_Prix|ALO|25|smart,2022_Monaco_Grand_Prix,ALO,25,2160001.088,2160001.088,2160157.988,0.000,156.900,0.300,0,smart_cloud,cassandra,156.900,caution+rain+overtake
2022_Monaco_Grand_Prix|BOT|25|fast,2022_Monaco_Grand_Prix,BOT,25,2160001.128,2160001.853,2160002.619,0.725,1.491,0.300,0,fast_local,redis_cache,0.765,caution+rain+overtake
2022_Monaco_Grand_Prix|BOT|25|smart,2022_Monaco_Grand_Prix,BOT,25,2160001.128,2160157.988,2160314.888,156.860,313.760,0.300,0,smart_cloud,cassandra,156.900,caution+rain+overtake
2022_Monaco_Grand_Prix|GAS|25|fast,2022_Monaco_Grand_Prix,GAS,25,2160001.390,2160002.619,2160003.384,1.228,1.994,0.450,0,fast_local,redis_cache,0.765,caution+rain+overtake
2022_Monaco_Grand_Prix|GAS|25|smart,2022_Monaco_Grand_Prix,GAS,25,2160001.390,2160314.888,2160471.788,313.498,470.398,0.450,0,smart_cloud,cassandra,156.900,caution+rain+overtake
2022_Monaco_Grand_Prix|HAM|25|fast,2022_Monaco_Grand_Prix,HAM,25,2160001.524,2160003.384,2160004.149,1.860,2.626,0.300,0,fast_local,redis_cache,0.765,caution+rain+overtake
2022_Monaco_Grand_Prix|HAM|25|smart,2022_Monaco_Grand_Prix,HAM,25,2160001.524,2160471.788,2160628.688,470.265,627.165,0.300,0,smart_cloud,cassandra,156.900,caution+rain+overtake
2022_Monaco_Grand_Prix|LAT|25|fast,2022_Monaco_Grand_Prix,LAT,25,2160001.585,2160004.149,2160004.914,2.564,3.329,0.600,1,fast_local,redis_cache,0.765,caution+rain+overtake
2022_Monaco_Grand_Prix|LEC|25|fast,2022_Monaco_Grand_Prix,LEC,25,2160002.044,2160004.914,2160005.680,2.870,3.636,0.450,0,fast_local,redis_cache,0.765,caution+rain+overtake
2022_Monaco_Grand_Prix|LEC|25|smart,2022_Monaco_Grand_Prix,LEC,25,2160002.044,2160628.688,2160785.588,626.644,783.544,0.450,0,smart_cloud,cassandra,156.900,caution+rain+overtake
2022_Monaco_Grand_Prix|NOR|25|fast,2022_Monaco_Grand_Prix,NOR,25,2160002.059,2160005.680,2160006.445,3.621,4.386,0.300,0,fast_local,redis_cache,0.765,caution+rain+overtake
2022_Monaco_Grand_Prix|NOR|25|smart,2022_Monaco_Grand_Prix,NOR,25,2160002.059,2160785.588,2160942.488,783.529,940.429,0.300,0,smart_cloud,cassandra,156.900,caution+rain+overtake
2022_Monaco_Grand_Prix|OCO|25|fast,2022_Monaco_Grand_Prix,OCO,25,2160002.092,2160006.445,2160007.210,4.353,5.118,0.300,0,fast_local,redis_cache,0.765,caution+rain+overtake
2022_Monaco_Grand_Prix|OCO|25|smart,2022_Monaco_Grand_Prix,OCO,25,2160002.092,2160942.488,2161099.388,940.396,1097.296,0.300,0,smart_cloud,cassandra,156.900,caution+rain+overtake
2022_Monaco_Grand_Prix|PER|25|fast,2022_Monaco_Grand_Prix,PER,25,2160002.140,2160007.210,2160007.975,5.071,5.836,0.450,0,fast_local,redis_cache,0.765,caution+rain+overtake
2022_Monaco_Grand_Prix|PER|25|smart,2022_Monaco_Grand_Prix,PER,25,2160002.140,2161099.388,2161256.288,1097.249,1254.149,0.450,0,smart_cloud,cassandra,156.900,caution+rain+overtake
2022_Monaco_Grand_Prix|RIC|25|fast,2022_Monaco_Grand_Prix,RIC,25,2160002.371,2160007.975,2160008.741,5.605,6.370,0.600,1,fast_local,redis_cache,0.765,caution+rain+overtake
2022_Monaco_Grand_Prix|RUS|25|fast,2022_Monaco_Grand_Prix,RUS,25,2160002.829,2160008.741,2160009.506,5.912,6.677,0.300,0,fast_local,redis_cache,0.765,caution+rain+overtake
2022_Monaco_Grand_Prix|RUS|25|smart,2022_Monaco_Grand_Prix,RUS,25,2160002.829,2161256.288,2161413.188,1253.459,1410.359,0.300,0,smart_cloud,cassandra,156.900,caution+rain+overtake
2022_Monaco_Grand_Prix|SAI|25|fast,2022_Monaco_Grand_Prix,SAI,25,2160002.862,2160009.506,2160010.271,6.644,7.409,0.500,1,fast_local,redis_cache,0.765,caution+rain+overtake
2022_Monaco_Grand_Prix|SAI|25|smart,2022_Monaco_Grand_Prix,SAI,25,2160002.862,2161413.188,2161570.088,1410.326,1567.226,0.500,1,smart_cloud,cassandra,156.900,caution+rain+overtake
2022_Monaco_Grand_Prix|STR|25|fast,2022_Monaco_Grand_Prix,STR,25,2160002.942,2160010.271,2160011.036,7.330,8.095,0.600,1,fast_local,redis_cache,0.765,caution+rain+overtake
2022_Monaco_Grand_Prix|TSU|25|fast,2022_Monaco_Grand_Prix,TSU,25,2160003.055,2160011.036,2160011.802,7.981,8.747,0.950,1,fast_local,redis_cache,0.765,caution+rain+overtake
2022_Monaco_Grand_Prix|VER|25|fast,2022_Monaco_Grand_Prix,VER,25,2160003.173,2160011.802,2160012.567,8.629,9.394,0.700,1,fast_local,redis_cache,0.765,caution+rain+overtake
2022_Monaco_Grand_Prix|VET|25|fast,2022_Monaco_Grand_Prix,VET,25,2160003.240,2160012.567,2160013.332,9.327,10.092,0.650,1,fast_local,redis_cache,0.765,caution+rain+overtake
2022_Monaco_Grand_Prix|ZHO|25|fast,2022_Monaco_Grand_Prix,ZHO,25,2160003.510,2160013.332,2160014.097,9.822,10.587,0.750,1,fast_local,redis_cache,0.765,caution+rain+overtake
2022_Monaco_Grand_Prix|ALB|26|fast,2022_Monaco_Grand_Prix,ALB,26,2250000.579,2250000.579,2250001.345,0.000,0.765,0.600,1,fast_local,redis_cache,0.765,caution+rain+overtake
2022_Monaco_Grand_Prix|ALO|26|fast,2022_Monaco_Grand_Prix,ALO,26,2250001.572,2250001.572,2250002.338,0.000,0.765,0.600,1,fast_local,redis_cache,0.765,caution+rain+overtake
2022_Monaco_Grand_Prix|BOT|26|fast,2022_Monaco_Grand_Prix,BOT,26,2250001.581,2250002.338,2250003.103,0.756,1.522,0.600,1,fast_local,redis_cache,0.765,caution+rain+overtake
2022_Monaco_Grand_Prix|GAS|26|fast,2022_Monaco_Grand_Prix,GAS,26,2250001.803,2250003.103,2250003.868,1.299,2.065,0.750,1,fast_local,redis_cache,0.765,caution+rain+overtake
2022_Monaco_Grand_Prix|HAM|26|fast,2022_Monaco_Grand_Prix,HAM,26,2250002.157,2250003.868,2250004.633,1.711,2.476,0.600,1,fast_local,redis_cache,0.765,caution+rain+overtake
2022_Monaco_Grand_Prix|LAT|26|fast,2022_Monaco_Grand_Prix,LAT,26,2250002.471,2250004.633,2250005.399,2.163,2.928,0.600,1,fast_local,redis_cache,0.765,caution+rain+overtake
2022_Monaco_Grand_Prix|LEC|26|fast,2022_Monaco_Grand_Prix,LEC,26,2250002.518,2250005.399,2250006.164,2.880,3.646,0.750,1,fast_local,redis_cache,0.765,caution+rain+overtake
2022_Monaco_Grand_Prix|NOR|26|fast,2022_Monaco_Grand_Prix,NOR,26,2250002.564,2250006.164,2250006.929,3.600,4.365,0.600,1,fast_local,redis_cache,0.765,caution+rain+overtake
2022_Monaco_Grand_Prix|OCO|26|fast,2022_Monaco_Grand_Prix,OCO,26,2250002.601,2250006.929,2250007.694,4.328,5.093,0.600,1,fast_local,redis_cache,0.765,caution+rain+overtake
2022_Monaco_Grand_Prix|PER|26|fast,2022_Monaco_Grand_Prix,PER,26,2250002.746,2250007.694,2250008.460,4.949,5.714,0.750,1,fast_local,redis_cache,0.765,caution+rain+overtake
2022_Monaco_Grand_Prix|RIC|26|fast,2022_Monaco_Grand_Prix,RIC,26,2250003.130,2250008.460,2250009.225,5.329,6.095,0.600,1,fast_local,redis_cache,0.765,caution+rain+overtake
2022_Monaco_Grand_Prix|RUS|26|fast,2022_Monaco_Grand_Prix,RUS,26,2250003.262,2250009.225,2250009.990,5.963,6.728,0.600,1,fast_local,redis_cache,0.765,caution+rain+overtake
2022_Monaco_Grand_Prix|SAI|26|fast,2022_Monaco_Grand_Prix,SAI,26,2250003.684,2250009.990,2250010.755,6.306,7.072,1.000,1,fast_local,redis_cache,0.765,caution+rain+overtake
2022_Monaco_Grand_Prix|STR|26|fast,2022_Monaco_Grand_Prix,STR,26,2250003.937,2250010.755,2250011.521,6.818,7.583,0.600,1,fast_local,redis_cache,0.765,caution+rain+overtake
2022_Monaco_Grand_Prix|TSU|26|fast,2022_Monaco_Grand_Prix,TSU,26,2250003.999,2250011.521,2250012.286,7.521,8.286,0.750,1,fast_local,redis_cache,0.765,caution+rain+overtake
2022_Monaco_Grand_Prix|VER|26|fast,2022_Monaco_Grand_Prix,VER,26,2250004.187,2250012.286,2250013.051,8.099,8.864,1.000,1,fast_local,redis_cache,0.765,caution+rain+overtake
2022_Monaco_Grand_Prix|VET|26|fast,2022_Monaco_Grand_Prix,VET,26,2250004.432,2250013.051,2250013.816,8.619,9.384,0.950,1,fast_local,redis_cache,0.765,caution+rain+overtake
2022_Monaco_Grand_Prix|ZHO|26|fast,2022_Monaco_Grand_Prix,ZHO,26,2250004.605,2250013.816,2250014.582,9.211,9.976,0.650,1,fast_local,redis_cache,0.765,caution+rain+overtake
2022_Monaco_Grand_Prix|ALB|27|fast,2022_Monaco_Grand_Prix,ALB,27,2340000.073,2340000.073,2340000.839,0.000,0.765,0.500,1,fast_local,redis_cache,0.765,caution+rain+overtake
2022_Monaco_Grand_Prix|ALB|27|smart,2022_Monaco_Grand_Prix,ALB,27,2340000.073,2340000.073,2340156.973,0.000,156.900,0.500,1,smart_cloud,cassandra,156.900,caution+rain+overtake
2022_Monaco_Grand_Prix|ALO|27|fast,2022_Monaco_Grand_Prix,ALO,27,2340000.278,2340000.839,2340001.604,0.561,1.326,0.500,1,fast_local,redis_cache,0.765,caution+rain+overtake
2022_Monaco_Grand_Prix|ALO|27|smart,2022_Monaco_Grand_Prix,ALO,27,2340000.278,2340156.973,2340313.873,156.696,313.596,0.500,1,smart_cloud,cassandra,156.900,caution+rain+overtake
2022_Monaco_Grand_Prix|BOT|27|fast,2022_Monaco_Grand_Prix,BOT,27,2340000.360,2340001.604,2340002.369,1.244,2.009,0.500,1,fast_local,redis_cache,0.765,caution+rain+overtake
2022_Monaco_Grand_Prix|BOT|27|smart,2022_Monaco_Grand_Prix,BOT,27,2340000.360,2340313.873,2340470.773,313.513,470.413,0.500,1,smart_cloud,cassandra,156.900,caution+rain+overtake
2022_Monaco_Grand_Prix|GAS|27|fast,2022_Monaco_Grand_Prix,GAS,27,2340000.598,2340002.369,2340003.134,1.771,2.536,0.650,1,fast_local,redis_cache,0.765,caution+rain+overtake
2022_Monaco_Grand_Prix|HAM|27|fast,2022_Monaco_Grand_Prix,HAM,27,2340000.768,2340003.134,2340003.900,2.366,3.132,0.500,1,fast_local,redis_cache,0.765,caution+rain+overtake
2022_Monaco_Grand_Prix|HAM|27|smart,2022_Monaco_Grand_Prix,HAM,27,2340000.768,2340470.773,2340627.673,470.005,626.905,0.500,1,smart_cloud,cassandra,156.900,caution+rain+overtake
2022_Monaco_Grand_Prix|LAT|27|fast,2022_Monaco_Grand_Prix,LAT,27,2340000.865,2340003.900,2340004.665,3.035,3.800,0.500,1,fast_local,redis_cache,0.765,caution+rain+overtake
2022_Monaco_Grand_Prix|LAT|27|smart,2022_Monaco_Grand_Prix,LAT,27,2340000.865,2340627.673,2340784.573,626.808,783.708,0.500,1,smart_cloud,cassandra,156.900,caution+rain+overtake
2022_Monaco_Grand_Prix|LEC|27|fast,2022_Monaco_Grand_Prix,LEC,27,2340001.403,2340004.665,2340005.430,3.262,4.027,0.500,1,fast_local,redis_cache,0.765,caution+rain+overtake
2022_Monaco_Grand_Prix|LEC|27|smart,2022_Monaco_Grand_Prix,LEC,27,2340001.403,2340784.573,2340941.473,783.170,940.070,0.500,1,smart_cloud,cassandra,156.900,caution+rain+overtake
2022_Monaco_Grand_Prix|NOR|27|fast,2022_Monaco_Grand_Prix,NOR,27,2340001.569,2340005.430,2340006.195,3.861,4.626,0.500,1,fast_local,redis_cache,0.765,caution+rain+overtake
2022_Monaco_Grand_Prix|NOR|27|smart,2022_Monaco_Grand_Prix,NOR,27,2340001.569,2340941.473,2341098.373,939.904,1096.804,0.500,1,smart_cloud,cassandra,156.900,caution+rain+overtake
2022_Monaco_Grand_Prix|OCO|27|fast,2022_Monaco_Grand_Prix,OCO,27,2340001.671,2340006.195,2340006.961,4.525,5.290,0.500,1,fast_local,redis_cache,0.765,caution+rain+overtake
2022_Monaco_Grand_Prix|OCO|27|smart,2022_Monaco_Grand_Prix,OCO,27,2340001.671,2341098.373,2341255.273,1096.703,1253.603,0.500,1,smart_cloud,cassandra,156.900,caution+rain+overtake
2022_Monaco_Grand_Prix|PER|27|fast,2022_Monaco_Grand_Prix,PER,27,2340001.825,2340006.961,2340007.726,5.136,5.901,0.500,1,fast_local,redis_cache,0.765,caution+rain+overtake
2022_Monaco_Grand_Prix|PER|27|smart,2022_Monaco_Grand_Prix,PER,27,2340001.825,2341255.273,2341412.173,1253.449,1410.349,0.500,1,smart_cloud,cassandra,156.900,caution+rain+overtake
2022_Monaco_Grand_Prix|RIC|27|fast,2022_Monaco_Grand_Prix,RIC,27,2340001.861,2340007.726,2340008.491,5.865,6.630,0.500,1,fast_local,redis_cache,0.765,caution+rain+overtake
2022_Monaco_Grand_Prix|RIC|27|smart,2022_Monaco_Grand_Prix,RIC,27,2340001.861,2341412.173,2341569.073,1410.312,1567.212,0.500,1,smart_cloud,cassandra,156.900,caution+rain+overtake
2022_Monaco_Grand_Prix|RUS|27|fast,2022_Monaco_Grand_Prix,RUS,27,2340003.004,2340008.491,2340009.256,5.487,6.252,0.500,1,fast_local,redis_cache,0.765,caution+rain+overtake
2022_Monaco_Grand_Prix|RUS|27|smart,2022_Monaco_Grand_Prix,RUS,27,2340003.004,2341569.073,2341725.973,1566.069,1722.969,0.500,1,smart_cloud,cassandra,156.900,caution+rain+overtake
2022_Monaco_Grand_Prix|SAI|27|fast,2022_Monaco_Grand_Prix,SAI,27,2340003.713,2340009.256,2340010.022,5.543,6.308,0.500,1,fast_local,redis_cache,0.765,caution+rain+overtake
2022_Monaco_Grand_Prix|SAI|27|smart,2022_Monaco_Grand_Prix,SAI,27,2340003.713,2341725.973,2341882.873,1722.260,1879.160,0.500,1,smart_cloud,cassandra,156.900,caution+rain+overtake
2022_Monaco_Grand_Prix|STR|27|fast,2022_Monaco_Grand_Prix,STR,27,2340004.136,2340010.022,2340010.787,5.886,6.651,0.500,1,fast_local,redis_cache,0.765,caution+rain+overtake
2022_Monaco_Grand_Prix|STR|27|smart,2022_Monaco_Grand_Prix,STR,27,2340004.136,2341882.873,2342039.773,1878.738,2035.638,0.500,1,smart_cloud,cassandra,156.900,caution+rain+overtake
2022_Monaco_Grand_Prix|TSU|27|fast,2022_Monaco_Grand_Prix,TSU,27,2340004.210,2340010.787,2340011.552,6.577,7.342,0.650,1,fast_local,redis_cache,0.765,caution+rain+overtake
2022_Monaco_Grand_Prix|VER|27|fast,2022_Monaco_Grand_Prix,VER,27,2340004.283,2340011.552,2340012.317,7.269,8.035,0.500,1,fast_local,redis_cache,0.765,caution+rain+overtake
2022_Monaco_Grand_Prix|VER|27|smart,2022_Monaco_Grand_Prix,VER,27,2340004.283,2342039.773,2342196.673,2035.491,2192.391,0.500,1,smart_cloud,cassandra,156.900,caution+rain+overtake
2022_Monaco_Grand_Prix|VET|27|fast,2022_Monaco_Grand_Prix,VET,27,2340004.792,2340012.317,2340013.083,7.525,8.291,0.850,1,fast_local,redis_cache,0.765,caution+rain+overtake
2022_Monaco_Grand_Prix|ZHO|27|fast,2022_Monaco_Grand_Prix,ZHO,27,2340004.977,2340013.083,2340013.848,8.105,8.871,0.550,1,fast_local,redis_cache,0.765,caution+rain+overtake
2022_Monaco_Grand_Prix|ALB|28|fast,2022_Monaco_Grand_Prix,ALB,28,2430000.054,2430000.054,2430000.819,0.000,0.765,0.500,1,fast_local,redis_cache,0.765,caution+rain+overtake
2022_Monaco_Grand_Prix|ALB|28|smart,2022_Monaco_Grand_Prix,ALB,28,2430000.054,2430000.054,2430156.954,0.000,156.900,0.500,1,smart_cloud,cassandra,156.900,caution+rain+overtake
2022_Monaco_Grand_Prix|ALO|28|fast,2022_Monaco_Grand_Prix,ALO,28,2430000.708,2430000.819,2430001.584,0.111,0.876,0.500,1,fast_local,redis_cache,0.765,caution+rain+overtake
2022_Monaco_Grand_Prix|ALO|28|smart,2022_Monaco_Grand_Prix,ALO,28,2430000.708,2430156.954,2430313.854,156.246,313.146,0.500,1,smart_cloud,cassandra,156.900,caution+rain+overtake
2022_Monaco_Grand_Prix|BOT|28|fast,2022_Monaco_Grand_Prix,BOT,28,2430000.819,2430001.584,2430002.349,0.765,1.531,0.500,1,fast_local,redis_cache,0.765,caution+rain+overtake
2022_Monaco_Grand_Prix|BOT|28|smart,2022_Monaco_Grand_Prix,BOT,28,2430000.819,2430313.854,2430470.754,313.035,469.935,0.500,1,smart_cloud,cassandra,156.900,caution+rain+overtake
2022_Monaco_Grand_Prix|GAS|28|fast,2022_Monaco_Grand_Prix,GAS,28,2430000.830,2430002.349,2430003.115,1.520,2.285,0.650,1,fast_local,redis_cache,0.765,caution+rain+overtake
2022_Monaco_Grand_Prix|HAM|28|fast,2022_Monaco_Grand_Prix,HAM,28,2430001.045,2430003.115,2430003.880,2.069,2.835,0.500,1,fast_local,redis_cache,0.765,caution+rain+overtake
2022_Monaco_Grand_Prix|HAM|28|smart,2022_Monaco_Grand_Prix,HAM,28,2430001.045,2430470.754,2430627.654,469.708,626.608,0.500,1,smart_cloud,cassandra,156.900,caution+rain+overtake
2022_Monaco_Grand_Prix|LAT|28|fast,2022_Monaco_Grand_Prix,LAT,28,2430001.555,2430003.880,2430004.645,2.325,3.090,0.500,1,fast_local,redis_cache,0.765,caution+rain+overtake
2022_Monaco_Grand_Prix|LAT|28|smart,2022_Monaco_Grand_Prix,LAT,28,2430001.555,2430627.654,2430784.554,626.099,782.999,0.500,1,smart_cloud,cassandra,156.900,caution+rain+overtake
2022_Monaco_Grand_Prix|LEC|28|fast,2022_Monaco_Grand_Prix,LEC,28,2430001.939,2430004.645,2430005.410,2.706,3.471,0.500,1,fast_local,redis_cache,0.765,caution+rain+overtake
2022_Monaco_Grand_Prix|LEC|28|smart,2022_Monaco_Grand_Prix,LEC,28,2430001.939,2430784.554,2430941.454,782.614,939.514,0.500,1,smart_cloud,cassandra,156.900,caution+rain+overtake
2022_Monaco_Grand_Prix|NOR|28|fast,2022_Monaco_Grand_Prix,NOR,28,2430002.241,2430005.410,2430006.176,3.169,3.934,0.500,1,fast_local,redis_cache,0.765,caution+rain+overtake
2022_Monaco_Grand_Prix|NOR|28|smart,2022_Monaco_Grand_Prix,NOR,28,2430002.241,2430941.454,2431098.354,939.212,1096.112,0.500,1,smart_cloud,cassandra,156.900,caution+rain+overtake
2022_Monaco_Grand_Prix|OCO|28|fast,2022_Monaco_Grand_Prix,OCO,28,2430002.625,2430006.176,2430006.941,3.550,4.315,0.500,1,fast_local,redis_cache,0.765,caution+rain+overtake
2022_Monaco_Grand_Prix|OCO|28|smart,2022_Monaco_Grand_Prix,OCO,28,2430002.625,2431098.354,2431255.254,1095.728,1252.628,0.500,1,smart_cloud,cassandra,156.900,caution+rain+overtake
2022_Monaco_Grand_Prix|PER|28|fast,2022_Monaco_Grand_Prix,PER,28,2430002.780,2430006.941,2430007.706,4.161,4.926,0.650,1,fast_local,redis_cache,0.765,caution+rain+overtake
2022_Monaco_Grand_Prix|RIC|28|fast,2022_Monaco_Grand_Prix,RIC,28,2430003.204,2430007.706,2430008.471,4.502,5.267,0.500,1,fast_local,redis_cache,0.765,caution+rain+overtake
2022_Monaco_Grand_Prix|RIC|28|smart,2022_Monaco_Grand_Prix,RIC,28,2430003.204,2431255.254,2431412.154,1252.049,1408.949,0.500,1,smart_cloud,cassandra,156.900,caution+rain+overtake
2022_Monaco_Grand_Prix|RUS|28|fast,2022_Monaco_Grand_Prix,RUS,28,2430003.438,2430008.471,2430009.237,5.033,5.798,0.500,1,fast_local,redis_cache,0.765,caution+rain+overtake
2022_Monaco_Grand_Prix|RUS|28|smart,2022_Monaco_Grand_Prix,RUS,28,2430003.438,2431412.154,2431569.054,1408.715,1565.615,0.500,1,smart_cloud,cassandra,156.900,caution+rain+overtake
2022_Monaco_Grand_Prix|SAI|28|fast,2022_Monaco_Grand_Prix,SAI,28,2430003.527,2430009.237,2430010.002,5.710,6.475,0.700,1,fast_local,redis_cache,0.765,caution+rain+overtake
2022_Monaco_Grand_Prix|STR|28|fast,2022_Monaco_Grand_Prix,STR,28,2430003.861,2430010.002,2430010.767,6.141,6.907,0.500,1,fast_local,redis_cache,0.765,caution+rain+overtake
2022_Monaco_Grand_Prix|STR|28|smart,2022_Monaco_Grand_Prix,STR,28,2430003.861,2431569.054,2431725.954,1565.193,1722.093,0.500,1,smart_cloud,cassandra,156.900,caution+rain+overtake
2022_Monaco_Grand_Prix|TSU|28|fast,2022_Monaco_Grand_Prix,TSU,28,2430004.182,2430010.767,2430011.532,6.586,7.351,0.650,1,fast_local,redis_cache,0.765,caution+rain+overtake
2022_Monaco_Grand_Prix|VER|28|fast,2022_Monaco_Grand_Prix,VER,28,2430004.195,2430011.532,2430012.298,7.337,8.102,0.550,1,fast_local,redis_cache,0.765,caution+rain+overtake
2022_Monaco_Grand_Prix|VET|28|fast,2022_Monaco_Grand_Prix,VET,28,2430004.946,2430012.298,2430013.063,7.352,8.117,0.850,1,fast_local,redis_cache,0.765,caution+rain+overtake
2022_Monaco_Grand_Prix|ZHO|28|fast,2022_Monaco_Grand_Prix,ZHO,28,2430004.952,2430013.063,2430013.828,8.111,8.877,0.550,1,fast_local,redis_cache,0.765,caution+rain+overtake
2022_Monaco_Grand_Prix|ALO|29|fast,2022_Monaco_Grand_Prix,ALO,29,2520000.223,2520000.223,2520000.988,0.000,0.765,0.500,1,fast_local,redis_cache,0.765,caution+rain+overtake
2022_Monaco_Grand_Prix|ALO|29|smart,2022_Monaco_Grand_Prix,ALO,29,2520000.223,2520000.223,2520157.123,0.000,156.900,0.500,1,smart_cloud,cassandra,156.900,caution+rain+overtake
2022_Monaco_Grand_Prix|BOT|29|fast,2022_Monaco_Grand_Prix,BOT,29,2520000.400,2520000.988,2520001.754,0.588,1.354,0.300,0,fast_local,redis_cache,0.765,caution+rain+overtake
2022_Monaco_Grand_Prix|BOT|29|smart,2022_Monaco_Grand_Prix,BOT,29,2520000.400,2520157.123,2520314.023,156.723,313.623,0.300,0,smart_cloud,cassandra,156.900,caution+rain+overtake
2022_Monaco_Grand_Prix|GAS|29|fast,2022_Monaco_Grand_Prix,GAS,29,2520000.753,2520001.754,2520002.519,1.000,1.766,0.450,0,fast_local,redis_cache,0.765,caution+rain+overtake
2022_Monaco_Grand_Prix|GAS|29|smart,2022_Monaco_Grand_Prix,GAS,29,2520000.753,2520314.023,2520470.923,313.270,470.170,0.450,0,smart_cloud,cassandra,156.900,caution+rain+overtake
2022_Monaco_Grand_Prix|HAM|29|fast,2022_Monaco_Grand_Prix,HAM,29,2520000.905,2520002.519,2520003.284,1.614,2.380,0.500,1,fast_local,redis_cache,0.765,caution+rain+overtake
2022_Monaco_Grand_Prix|HAM|29|smart,2022_Monaco_Grand_Prix,HAM,29,2520000.905,2520470.923,2520627.823,470.019,626.919,0.500,1,smart_cloud,cassandra,156.900,caution+rain+overtake
2022_Monaco_Grand_Prix|LEC|29|fast,2022_Monaco_Grand_Prix,LEC,29,2520001.164,2520003.284,2520004.050,2.120,2.885,0.500,1,fast_local,redis_cache,0.765,caution+rain+overtake
2022_Monaco_Grand_Prix|LEC|29|smart,2022_Monaco_Grand_Prix,LEC,29,2520001.164,2520627.823,2520784.723,626.659,783.559,0.500,1,smart_cloud,cassandra,156.900,caution+rain+overtake
2022_Monaco_Grand_Prix|NOR|29|fast,2022_Monaco_Grand_Prix,NOR,29,2520001.460,2520004.050,2520004.815,2.589,3.354,0.500,1,fast_local,redis_cache,0.765,caution+rain+overtake
2022_Monaco_Grand_Prix|NOR|29|smart,2022_Monaco_Grand_Prix,NOR,29,2520001.460,2520784.723,2520941.623,783.263,940.163,0.500,1,smart_cloud,cassandra,156.900,caution+rain+overtake
2022_Monaco_Grand_Prix|OCO|29|fast,2022_Monaco_Grand_Prix,OCO,29,2520001.963,2520004.815,2520005.580,2.852,3.617,0.500,1,fast_local,redis_cache,0.765,caution+rain+overtake
2022_Monaco_Grand_Prix|OCO|29|smart,2022_Monaco_Grand_Prix,OCO,29,2520001.963,2520941.623,2521098.523,939.660,1096.560,0.500,1,smart_cloud,cassandra,156.900,caution+rain+overtake
2022_Monaco_Grand_Prix|PER|29|fast,2022_Monaco_Grand_Prix,PER,29,2520002.169,2520005.580,2520006.345,3.411,4.176,0.650,1,fast_local,redis_cache,0.765,caution+rain+overtake
2022_Monaco_Grand_Prix|RIC|29|fast,2022_Monaco_Grand_Prix,RIC,29,2520002.347,2520006.345,2520007.111,3.999,4.764,0.300,0,fast_local,redis_cache,0.765,caution+rain+overtake
2022_Monaco_Grand_Prix|RIC|29|smart,2022_Monaco_Grand_Prix,RIC,29,2520002.347,2521098.523,2521255.423,1096.177,1253.077,0.300,0,smart_cloud,cassandra,156.900,caution+rain+overtake
2022_Monaco_Grand_Prix|RUS|29|fast,2022_Monaco_Grand_Prix,RUS,29,2520002.451,2520007.111,2520007.876,4.660,5.425,0.500,1,fast_local,redis_cache,0.765,caution+rain+overtake
2022_Monaco_Grand_Prix|RUS|29|smart,2022_Monaco_Grand_Prix,RUS,29,2520002.451,2521255.423,2521412.323,1252.972,1409.872,0.500,1,smart_cloud,cassandra,156.900,caution+rain+overtake
2022_Monaco_Grand_Prix|SAI|29|fast,2022_Monaco_Grand_Prix,SAI,29,2520002.932,2520007.876,2520008.641,4.944,5.709,0.900,1,fast_local,redis_cache,0.765,caution+rain+overtake
2022_Monaco_Grand_Prix|VER|29|fast,2022_Monaco_Grand_Prix,VER,29,2520003.777,2520008.641,2520009.406,4.864,5.630,0.650,1,fast_local,redis_cache,0.765,caution+rain+overtake
2022_Monaco_Grand_Prix|VET|29|fast,2022_Monaco_Grand_Prix,VET,29,2520004.536,2520009.406,2520010.172,4.871,5.636,0.650,1,fast_local,redis_cache,0.765,caution+rain+overtake
2022_Monaco_Grand_Prix|ALB|30|fast,2022_Monaco_Grand_Prix,ALB,30,2610000.421,2610000.421,2610001.186,0.000,0.765,0.000,0,fast_local,redis_cache,0.765,overtake
2022_Monaco_Grand_Prix|ALB|30|smart,2022_Monaco_Grand_Prix,ALB,30,2610000.421,2610000.421,2610157.321,0.000,156.900,0.000,0,smart_cloud,cassandra,156.900,overtake
2022_Monaco_Grand_Prix|LAT|30|fast,2022_Monaco_Grand_Prix,LAT,30,2610001.218,2610001.218,2610001.984,0.000,0.765,0.000,0,fast_local,redis_cache,0.765,overtake
2022_Monaco_Grand_Prix|LAT|30|smart,2022_Monaco_Grand_Prix,LAT,30,2610001.218,2610157.321,2610314.221,156.102,313.002,0.000,0,smart_cloud,cassandra,156.900,overtake
2022_Monaco_Grand_Prix|STR|30|fast,2022_Monaco_Grand_Prix,STR,30,2610002.466,2610002.466,2610003.232,0.000,0.765,0.350,0,fast_local,redis_cache,0.765,overtake
2022_Monaco_Grand_Prix|STR|30|smart,2022_Monaco_Grand_Prix,STR,30,2610002.466,2610314.221,2610471.121,311.754,468.654,0.350,0,smart_cloud,cassandra,156.900,overtake
2022_Monaco_Grand_Prix|TSU|30|fast,2022_Monaco_Grand_Prix,TSU,30,2610003.188,2610003.232,2610003.997,0.044,0.809,0.150,0,fast_local,redis_cache,0.765,overtake
2022_Monaco_Grand_Prix|TSU|30|smart,2022_Monaco_Grand_Prix,TSU,30,2610003.188,2610471.121,2610628.021,467.933,624.833,0.150,0,smart_cloud,cassandra,156.900,overtake
2022_Monaco_Grand_Prix|ZHO|30|fast,2022_Monaco_Grand_Prix,ZHO,30,2610004.218,2610004.218,2610004.983,0.000,0.765,0.000,0,fast_local,redis_cache,0.765,overtake
2022_Monaco_Grand_Prix|ZHO|30|smart,2022_Monaco_Grand_Prix,ZHO,30,2610004.218,2610628.021,2610784.921,623.803,780.703,0.000,0,smart_cloud,cassandra,156.900,overtake
2022_Monaco_Grand_Prix|ALB|31|fast,2022_Monaco_Grand_Prix,ALB,31,2700000.291,2700000.291,2700001.056,0.000,0.765,0.000,0,fast_local,redis_cache,0.765,overtake
2022_Monaco_Grand_Prix|ALB|31|smart,2022_Monaco_Grand_Prix,ALB,31,2700000.291,2700000.291,2700157.191,0.000,156.900,0.000,0,smart_cloud,cassandra,156.900,overtake
2022_Monaco_Grand_Prix|ALO|31|fast,2022_Monaco_Grand_Prix,ALO,31,2700001.692,2700001.692,2700002.458,0.000,0.765,0.350,0,fast_local,redis_cache,0.765,overtake
2022_Monaco_Grand_Prix|ALO|31|smart,2022_Monaco_Grand_Prix,ALO,31,2700001.692,2700157.191,2700314.091,155.498,312.398,0.350,0,smart_cloud,cassandra,156.900,overtake
2022_Monaco_Grand_Prix|BOT|31|fast,2022_Monaco_Grand_Prix,BOT,31,2700001.833,2700002.458,2700003.223,0.624,1.390,0.000,0,fast_local,redis_cache,0.765,overtake
2022_Monaco_Grand_Prix|BOT|31|smart,2022_Monaco_Grand_Prix,BOT,31,2700001.833,2700314.091,2700470.991,312.258,469.158,0.000,0,smart_cloud,cassandra,156.900,overtake
2022_Monaco_Grand_Prix|GAS|31|fast,2022_Monaco_Grand_Prix,GAS,31,2700002.413,2700003.223,2700003.988,0.810,1.575,0.150,0,fast_local,redis_cache,0.765,overtake
2022_Monaco_Grand_Prix|GAS|31|smart,2022_Monaco_Grand_Prix,GAS,31,2700002.413,2700470.991,2700627.891,468.578,625.478,0.150,0,smart_cloud,cassandra,156.900,overtake
2022_Monaco_Grand_Prix|HAM|31|fast,2022_Monaco_Grand_Prix,HAM,31,2700002.524,2700003.988,2700004.753,1.464,2.229,0.150,0,fast_local,redis_cache,0.765,overtake
2022_Monaco_Grand_Prix|HAM|31|smart,2022_Monaco_Grand_Prix,HAM,31,2700002.524,2700627.891,2700784.791,625.367,782.267,0.150,0,smart_cloud,cassandra,156.900,overtake
2022_Monaco_Grand_Prix|LAT|31|fast,2022_Monaco_Grand_Prix,LAT,31,2700002.698,2700004.753,2700005.519,2.056,2.821,0.000,0,fast_local,redis_cache,0.765,overtake
2022_Monaco_Grand_Prix|LAT|31|smart,2022_Monaco_Grand_Prix,LAT,31,2700002.698,2700784.791,2700941.691,782.093,938.993,0.000,0,smart_cloud,cassandra,156.900,overtake
2022_Monaco_Grand_Prix|NOR|31|fast,2022_Monaco_Grand_Prix,NOR,31,2700002.936,2700005.519,2700006.284,2.583,3.348,0.150,0,fast_local,redis_cache,0.765,overtake
2022_Monaco_Grand_Prix|NOR|31|smart,2022_Monaco_Grand_Prix,NOR,31,2700002.936,2700941.691,2701098.591,938.755,1095.655,0.150,0,smart_cloud,cassandra,156.900,overtake
2022_Monaco_Grand_Prix|OCO|31|fast,2022_Monaco_Grand_Prix,OCO,31,2700003.246,2700006.284,2700007.049,3.038,3.803,0.000,0,fast_local,redis_cache,0.765,overtake
2022_Monaco_Grand_Prix|OCO|31|smart,2022_Monaco_Grand_Prix,OCO,31,2700003.246,2701098.591,2701255.491,1095.345,1252.245,0.000,0,smart_cloud,cassandra,156.900,overtake
2022_Monaco_Grand_Prix|RIC|31|fast,2022_Monaco_Grand_Prix,RIC,31,2700003.351,2700007.049,2700007.814,3.698,4.463,0.350,0,fast_local,redis_cache,0.765,overtake
2022_Monaco_Grand_Prix|RIC|31|smart,2022_Monaco_Grand_Prix,RIC,31,2700003.351,2701255.491,2701412.391,1252.140,1409.040,0.350,0,smart_cloud,cassandra,156.900,overtake
2022_Monaco_Grand_Prix|RUS|31|fast,2022_Monaco_Grand_Prix,RUS,31,2700003.815,2700007.814,2700008.580,4.000,4.765,0.350,0,fast_local,redis_cache,0.765,overtake
2022_Monaco_Grand_Prix|RUS|31|smart,2022_Monaco_Grand_Prix,RUS,31,2700003.815,2701412.391,2701569.291,1408.576,1565.476,0.350,0,smart_cloud,cassandra,156.900,overtake
2022_Monaco_Grand_Prix|STR|31|fast,2022_Monaco_Grand_Prix,STR,31,2700003.843,2700008.580,2700009.345,4.736,5.502,0.500,1,fast_local,redis_cache,0.765,overtake
2022_Monaco_Grand_Prix|STR|31|smart,2022_Monaco_Grand_Prix,STR,31,2700003.843,2701569.291,2701726.191,1565.447,1722.347,0.500,1,smart_cloud,cassandra,156.900,overtake
2022_Monaco_Grand_Prix|TSU|31|fast,2022_Monaco_Grand_Prix,TSU,31,2700004.222,2700009.345,2700010.110,5.122,5.888,0.150,0,fast_local,redis_cache,0.765,overtake
2022_Monaco_Grand_Prix|TSU|31|smart,2022_Monaco_Grand_Prix,TSU,31,2700004.222,2701726.191,2701883.091,1721.968,1878.868,0.150,0,smart_cloud,cassandra,156.900,overtake
2022_Monaco_Grand_Prix|VET|31|fast,2022_Monaco_Grand_Prix,VET,31,2700004.260,2700010.110,2700010.875,5.850,6.615,0.350,0,fast_local,redis_cache,0.765,overtake
2022_Monaco_Grand_Prix|VET|31|smart,2022_Monaco_Grand_Prix,VET,31,2700004.260,2701883.091,2702039.991,1878.830,2035.730,0.350,0,smart_cloud,cassandra,156.900,overtake
2022_Monaco_Grand_Prix|ZHO|31|fast,2022_Monaco_Grand_Prix,ZHO,31,2700004.548,2700010.875,2700011.641,6.328,7.093,0.000,0,fast_local,redis_cache,0.765,overtake
2022_Monaco_Grand_Prix|ZHO|31|smart,2022_Monaco_Grand_Prix,ZHO,31,2700004.548,2702039.991,2702196.891,2035.443,2192.343,0.000,0,smart_cloud,cassandra,156.900,overtake
2022_Monaco_Grand_Prix|ALB|32|fast,2022_Monaco_Grand_Prix,ALB,32,2790000.037,2790000.037,2790000.802,0.000,0.765,0.000,0,fast_local,redis_cache,0.765,overtake
2022_Monaco_Grand_Prix|ALB|32|smart,2022_Monaco_Grand_Prix,ALB,32,2790000.037,2790000.037,2790156.937,0.000,156.900,0.000,0,smart_cloud,cassandra,156.900,overtake
2022_Monaco_Grand_Prix|ALO|32|fast,2022_Monaco_Grand_Prix,ALO,32,2790000.124,2790000.802,2790001.567,0.678,1.443,0.500,1,fast_local,redis_cache,0.765,overtake
2022_Monaco_Grand_Prix|ALO|32|smart,2022_Monaco_Grand_Prix,ALO,32,2790000.124,2790156.937,2790313.837,156.812,313.712,0.500,1,smart_cloud,cassandra,156.900,overtake
2022_Monaco_Grand_Prix|BOT|32|fast,2022_Monaco_Grand_Prix,BOT,32,2790000.525,2790001.567,2790002.332,1.042,1.807,0.000,0,fast_local,redis_cache,0.765,overtake
2022_Monaco_Grand_Prix|BOT|32|smart,2022_Monaco_Grand_Prix,BOT,32,2790000.525,2790313.837,2790470.737,313.312,470.212,0.000,0,smart_cloud,cassandra,156.900,overtake
2022_Monaco_Grand_Prix|GAS|32|fast,2022_Monaco_Grand_Prix,GAS,32,2790000.888,2790002.332,2790003.098,1.445,2.210,0.150,0,fast_local,redis_cache,0.765,overtake
2022_Monaco_Grand_Prix|GAS|32|smart,2022_Monaco_Grand_Prix,GAS,32,2790000.888,2790470.737,2790627.637,469.849,626.749,0.150,0,smart_cloud,cassandra,156.900,overtake
2022_Monaco_Grand_Prix|HAM|32|fast,2022_Monaco_Grand_Prix,HAM,32,2790000.958,2790003.098,2790003.863,2.140,2.905,0.150,0,fast_local,redis_cache,0.765,overtake
2022_Monaco_Grand_Prix|HAM|32|smart,2022_Monaco_Grand_Prix,HAM,32,2790000.958,2790627.637,2790784.537,626.679,783.579,0.150,0,smart_cloud,cassandra,156.900,overtake
2022_Monaco_Grand_Prix|LAT|32|fast,2022_Monaco_Grand_Prix,LAT,32,2790001.390,2790003.863,2790004.628,2.473,3.238,0.000,0,fast_local,redis_cache,0.765,overtake
2022_Monaco_Grand_Prix|LAT|32|smart,2022_Monaco_Grand_Prix,LAT,32,2790001.390,2790784.537,2790941.437,783.146,940.046,0.000,0,smart_cloud,cassandra,156.900,overtake
2022_Monaco_Grand_Prix|LEC|32|fast,2022_Monaco_Grand_Prix,LEC,32,2790001.538,2790004.628,2790005.393,3.090,3.856,0.050,0,fast_local,redis_cache,0.765,overtake
2022_Monaco_Grand_Prix|LEC|32|smart,2022_Monaco_Grand_Prix,LEC,32,2790001.538,2790941.437,2791098.337,939.899,1096.799,0.050,0,smart_cloud,cassandra,156.900,overtake
2022_Monaco_Grand_Prix|NOR|32|fast,2022_Monaco_Grand_Prix,NOR,32,2790001.694,2790005.393,2790006.159,3.699,4.464,0.500,1,fast_local,redis_cache,0.765,overtake
2022_Monaco_Grand_Prix|NOR|32|smart,2022_Monaco_Grand_Prix,NOR,32,2790001.694,2791098.337,2791255.237,1096.642,1253.542,0.500,1,smart_cloud,cassandra,156.900,overtake
2022_Monaco_Grand_Prix|OCO|32|fast,2022_Monaco_Grand_Prix,OCO,32,2790001.703,2790006.159,2790006.924,4.456,5.221,0.000,0,fast_local,redis_cache,0.765,overtake
2022_Monaco_Grand_Prix|OCO|32|smart,2022_Monaco_Grand_Prix,OCO,32,2790001.703,2791255.237,2791412.137,1253.534,1410.434,0.000,0,smart_cloud,cassandra,156.900,overtake
2022_Monaco_Grand_Prix|PER|32|fast,2022_Monaco_Grand_Prix,PER,32,2790001.993,2790006.924,2790007.689,4.931,5.696,0.350,0,fast_local,redis_cache,0.765,overtake
2022_Monaco_Grand_Prix|PER|32|smart,2022_Monaco_Grand_Prix,PER,32,2790001.993,2791412.137,2791569.037,1410.144,1567.044,0.350,0,smart_cloud,cassandra,156.900,overtake
2022_Monaco_Grand_Prix|RIC|32|fast,2022_Monaco_Grand_Prix,RIC,32,2790002.241,2790007.689,2790008.454,5.448,6.213,0.350,0,fast_local,redis_cache,0.765,overtake
2022_Monaco_Grand_Prix|RIC|32|smart,2022_Monaco_Grand_Prix,RIC,32,2790002.241,2791569.037,2791725.937,1566.796,1723.696,0.350,0,smart_cloud,cassandra,156.900,overtake
2022_Monaco_Grand_Prix|RUS|32|fast,2022_Monaco_Grand_Prix,RUS,32,2790002.494,2790008.454,2790009.220,5.960,6.725,0.350,0,fast_local,redis_cache,0.765,overtake
2022_Monaco_Grand_Prix|RUS|32|smart,2022_Monaco_Grand_Prix,RUS,32,2790002.494,2791725.937,2791882.837,1723.442,1880.342,0.350,0,smart_cloud,cassandra,156.900,overtake
2022_Monaco_Grand_Prix|SAI|32|fast,2022_Monaco_Grand_Prix,SAI,32,2790002.657,2790009.220,2790009.985,6.563,7.328,0.500,1,fast_local,redis_cache,0.765,overtake
2022_Monaco_Grand_Prix|SAI|32|smart,2022_Monaco_Grand_Prix,SAI,32,2790002.657,2791882.837,2792039.737,1880.180,2037.080,0.500,1,smart_cloud,cassandra,156.900,overtake
2022_Monaco_Grand_Prix|STR|32|fast,2022_Monaco_Grand_Prix,STR,32,2790002.992,2790009.985,2790010.750,6.992,7.758,0.500,1,fast_local,redis_cache,0.765,overtake
2022_Monaco_Grand_Prix|STR|32|smart,2022_Monaco_Grand_Prix,STR,32,2790002.992,2792039.737,2792196.637,2036.744,2193.644,0.500,1,smart_cloud,cassandra,156.900,overtake
2022_Monaco_Grand_Prix|TSU|32|fast,2022_Monaco_Grand_Prix,TSU,32,2790003.154,2790010.750,2790011.515,7.596,8.361,0.150,0,fast_local,redis_cache,0.765,overtake
2022_Monaco_Grand_Prix|TSU|32|smart,2022_Monaco_Grand_Prix,TSU,32,2790003.154,2792196.637,2792353.537,2193.482,2350.382,0.150,0,smart_cloud,cassandra,156.900,overtake
2022_Monaco_Grand_Prix|VER|32|fast,2022_Monaco_Grand_Prix,VER,32,2790004.251,2790011.515,2790012.281,7.264,8.029,0.300,0,fast_local,redis_cache,0.765,overtake
2022_Monaco_Grand_Prix|VER|32|smart,2022_Monaco_Grand_Prix,VER,32,2790004.251,2792353.537,2792510.437,2349.285,2506.185,0.300,0,smart_cloud,cassandra,156.900,overtake
2022_Monaco_Grand_Prix|VET|32|fast,2022_Monaco_Grand_Prix,VET,32,2790004.587,2790012.281,2790013.046,7.694,8.459,0.350,0,fast_local,redis_cache,0.765,overtake
2022_Monaco_Grand_Prix|VET|32|smart,2022_Monaco_Grand_Prix,VET,32,2790004.587,2792510.437,2792667.337,2505.850,2662.750,0.350,0,smart_cloud,cassandra,156.900,overtake
2022_Monaco_Grand_Prix|ZHO|32|fast,2022_Monaco_Grand_Prix,ZHO,32,2790004.637,2790013.046,2790013.811,8.409,9.174,0.000,0,fast_local,redis_cache,0.765,overtake
2022_Monaco_Grand_Prix|ZHO|32|smart,2022_Monaco_Grand_Prix,ZHO,32,2790004.637,2792667.337,2792824.237,2662.699,2819.599,0.000,0,smart_cloud,cassandra,156.900,overtake
2022_Monaco_Grand_Prix|ALB|33|fast,2022_Monaco_Grand_Prix,ALB,33,2880000.571,2880000.571,2880001.336,0.000,0.765,0.000,0,fast_local,redis_cache,0.765,overtake
2022_Monaco_Grand_Prix|ALB|33|smart,2022_Monaco_Grand_Prix,ALB,33,2880000.571,2880000.571,2880157.471,0.000,156.900,0.000,0,smart_cloud,cassandra,156.900,overtake
2022_Monaco_Grand_Prix|ALO|33|fast,2022_Monaco_Grand_Prix,ALO,33,2880002.200,2880002.200,2880002.966,0.000,0.765,0.400,0,fast_local,redis_cache,0.765,overtake
2022_Monaco_Grand_Prix|ALO|33|smart,2022_Monaco_Grand_Prix,ALO,33,2880002.200,2880157.471,2880314.371,155.270,312.170,0.400,0,smart_cloud,cassandra,156.900,overtake
2022_Monaco_Grand_Prix|BOT|33|fast,2022_Monaco_Grand_Prix,BOT,33,2880002.388,2880002.966,2880003.731,0.578,1.343,0.000,0,fast_local,redis_cache,0.765,overtake
2022_Monaco_Grand_Prix|BOT|33|smart,2022_Monaco_Grand_Prix,BOT,33,2880002.388,2880314.371,2880471.271,311.983,468.883,0.000,0,smart_cloud,cassandra,156.900,overtake
2022_Monaco_Grand_Prix|GAS|33|fast,2022_Monaco_Grand_Prix,GAS,33,2880002.766,2880003.731,2880004.496,0.965,1.731,0.150,0,fast_local,redis_cache,0.765,overtake
2022_Monaco_Grand_Prix|GAS|33|smart,2022_Monaco_Grand_Prix,GAS,33,2880002.766,2880471.271,2880628.171,468.505,625.405,0.150,0,smart_cloud,cassandra,156.900,overtake
2022_Monaco_Grand_Prix|HAM|33|fast,2022_Monaco_Grand_Prix,HAM,33,2880003.102,2880004.496,2880005.261,1.394,2.160,0.150,0,fast_local,redis_cache,0.765,overtake
2022_Monaco_Grand_Prix|HAM|33|smart,2022_Monaco_Grand_Prix,HAM,33,2880003.102,2880628.171,2880785.071,625.069,781.969,0.150,0,smart_cloud,cassandra,156.900,overtake
2022_Monaco_Grand_Prix|LAT|33|fast,2022_Monaco_Grand_Prix,LAT,33,2880003.169,2880005.261,2880006.027,2.093,2.858,0.000,0,fast_local,redis_cache,0.765,overtake
2022_Monaco_Grand_Prix|LAT|33|smart,2022_Monaco_Grand_Prix,LAT,33,2880003.169,2880785.071,2880941.971,781.902,938.802,0.000,0,smart_cloud,cassandra,156.900,overtake
2022_Monaco_Grand_Prix|LEC|33|fast,2022_Monaco_Grand_Prix,LEC,33,2880003.271,2880006.027,2880006.792,2.756,3.521,0.150,0,fast_local,redis_cache,0.765,overtake
2022_Monaco_Grand_Prix|LEC|33|smart,2022_Monaco_Grand_Prix,LEC,33,2880003.271,2880941.971,2881098.871,938.700,1095.600,0.150,0,smart_cloud,cassandra,156.900,overtake
2022_Monaco_Grand_Prix|NOR|33|fast,2022_Monaco_Grand_Prix,NOR,33,2880003.515,2880006.792,2880007.557,3.277,4.042,0.300,0,fast_local,redis_cache,0.765,overtake
2022_Monaco_Grand_Prix|NOR|33|smart,2022_Monaco_Grand_Prix,NOR,33,2880003.515,2881098.871,2881255.771,1095.355,1252.255,0.300,0,smart_cloud,cassandra,156.900,overtake
2022_Monaco_Grand_Prix|OCO|33|fast,2022_Monaco_Grand_Prix,OCO,33,2880003.603,2880007.557,2880008.322,3.954,4.719,0.000,0,fast_local,redis_cache,0.765,overtake
2022_Monaco_Grand_Prix|OCO|33|smart,2022_Monaco_Grand_Prix,OCO,33,2880003.603,2881255.771,2881412.671,1252.167,1409.067,0.000,0,smart_cloud,cassandra,156.900,overtake
2022_Monaco_Grand_Prix|PER|33|fast,2022_Monaco_Grand_Prix,PER,33,2880003.662,2880008.322,2880009.088,4.660,5.426,0.150,0,fast_local,redis_cache,0.765,overtake
2022_Monaco_Grand_Prix|PER|33|smart,2022_Monaco_Grand_Prix,PER,33,2880003.662,2881412.671,2881569.571,1409.008,1565.908,0.150,0,smart_cloud,cassandra,156.900,overtake
2022_Monaco_Grand_Prix|RIC|33|fast,2022_Monaco_Grand_Prix,RIC,33,2880003.807,2880009.088,2880009.853,5.281,6.046,0.350,0,fast_local,redis_cache,0.765,overtake
2022_Monaco_Grand_Prix|RIC|33|smart,2022_Monaco_Grand_Prix,RIC,33,2880003.807,2881569.571,2881726.471,1565.763,1722.663,0.350,0,smart_cloud,cassandra,156.900,overtake
2022_Monaco_Grand_Prix|RUS|33|fast,2022_Monaco_Grand_Prix,RUS,33,2880003.910,2880009.853,2880010.618,5.943,6.708,0.350,0,fast_local,redis_cache,0.765,overtake
2022_Monaco_Grand_Prix|RUS|33|smart,2022_Monaco_Grand_Prix,RUS,33,2880003.910,2881726.471,2881883.371,1722.560,1879.460,0.350,0,smart_cloud,cassandra,156.900,overtake
2022_Monaco_Grand_Prix|SAI|33|fast,2022_Monaco_Grand_Prix,SAI,33,2880004.334,2880010.618,2880011.383,6.284,7.049,0.400,0,fast_local,redis_cache,0.765,overtake
2022_Monaco_Grand_Prix|SAI|33|smart,2022_Monaco_Grand_Prix,SAI,33,2880004.334,2881883.371,2882040.271,1879.037,2035.937,0.400,0,smart_cloud,cassandra,156.900,overtake
2022_Monaco_Grand_Prix|STR|33|fast,2022_Monaco_Grand_Prix,STR,33,2880004.517,2880011.383,2880012.149,6.867,7.632,0.500,1,fast_local,redis_cache,0.765,overtake
2022_Monaco_Grand_Prix|STR|33|smart,2022_Monaco_Grand_Prix,STR,33,2880004.517,2882040.271,2882197.171,2035.754,2192.654,0.500,1,smart_cloud,cassandra,156.900,overtake
2022_Monaco_Grand_Prix|TSU|33|fast,2022_Monaco_Grand_Prix,TSU,33,2880004.816,2880012.149,2880012.914,7.333,8.098,0.300,0,fast_local,redis_cache,0.765,overtake
2022_Monaco_Grand_Prix|TSU|33|smart,2022_Monaco_Grand_Prix,TSU,33,2880004.816,2882197.171,2882354.071,2192.354,2349.254,0.300,0,smart_cloud,cassandra,156.900,overtake
2022_Monaco_Grand_Prix|VER|33|fast,2022_Monaco_Grand_Prix,VER,33,2880004.849,2880012.914,2880013.679,8.065,8.830,0.500,1,fast_local,redis_cache,0.765,overtake
2022_Monaco_Grand_Prix|VER|33|smart,2022_Monaco_Grand_Prix,VER,33,2880004.849,2882354.071,2882510.971,2349.221,2506.121,0.500,1,smart_cloud,cassandra,156.900,overtake
2022_Monaco_Grand_Prix|VET|33|fast,2022_Monaco_Grand_Prix,VET,33,2880004.909,2880013.679,2880014.444,8.770,9.535,0.350,0,fast_local,redis_cache,0.765,overtake
2022_Monaco_Grand_Prix|VET|33|smart,2022_Monaco_Grand_Prix,VET,33,2880004.909,2882510.971,2882667.871,2506.061,2662.961,0.350,0,smart_cloud,cassandra,156.900,overtake
2022_Monaco_Grand_Prix|ZHO|33|fast,2022_Monaco_Grand_Prix,ZHO,33,2880004.923,2880014.444,2880015.210,9.522,10.287,0.050,0,fast_local,redis_cache,0.765,overtake
2022_Monaco_Grand_Prix|ZHO|33|smart,2022_Monaco_Grand_Prix,ZHO,33,2880004.923,2882667.871,2882824.771,2662.948,2819.848,0.050,0,smart_cloud,cassandra,156.900,overtake
2022_Monaco_Grand_Prix|ALB|34|fast,2022_Monaco_Grand_Prix,ALB,34,2970000.205,2970000.205,2970000.970,0.000,0.765,0.000,0,fast_local,redis_cache,0.765,overtake
2022_Monaco_Grand_Prix|ALB|34|smart,2022_Monaco_Grand_Prix,ALB,34,2970000.205,2970000.205,2970157.105,0.000,156.900,0.000,0,smart_cloud,cassandra,156.900,overtake
2022_Monaco_Grand_Prix|ALO|34|fast,2022_Monaco_Grand_Prix,ALO,34,2970000.424,2970000.970,2970001.735,0.546,1.311,0.350,0,fast_local,redis_cache,0.765,overtake
2022_Monaco_Grand_Prix|ALO|34|smart,2022_Monaco_Grand_Prix,ALO,34,2970000.424,2970157.105,2970314.005,156.681,313.581,0.350,0,smart_cloud,cassandra,156.900,overtake
2022_Monaco_Grand_Prix|BOT|34|fast,2022_Monaco_Grand_Prix,BOT,34,2970000.619,2970001.735,2970002.500,1.116,1.881,0.000,0,fast_local,redis_cache,0.765,overtake
2022_Monaco_Grand_Prix|BOT|34|smart,2022_Monaco_Grand_Prix,BOT,34,2970000.619,2970314.005,2970470.905,313.385,470.285,0.000,0,smart_cloud,cassandra,156.900,overtake
2022_Monaco_Grand_Prix|GAS|34|fast,2022_Monaco_Grand_Prix,GAS,34,2970001.441,2970002.500,2970003.266,1.059,1.825,0.150,0,fast_local,redis_cache,0.765,overtake
2022_Monaco_Grand_Prix|GAS|34|smart,2022_Monaco_Grand_Prix,GAS,34,2970001.441,2970470.905,2970627.805,469.464,626.364,0.150,0,smart_cloud,cassandra,156.900,overtake
2022_Monaco_Grand_Prix|HAM|34|fast,2022_Monaco_Grand_Prix,HAM,34,2970001.732,2970003.266,2970004.031,1.533,2.299,0.150,0,fast_local,redis_cache,0.765,overtake
2022_Monaco_Grand_Prix|HAM|34|smart,2022_Monaco_Grand_Prix,HAM,34,2970001.732,2970627.805,2970784.705,626.072,782.972,0.150,0,smart_cloud,cassandra,156.900,overtake
2022_Monaco_Grand_Prix|LAT|34|fast,2022_Monaco_Grand_Prix,LAT,34,2970002.058,2970004.031,2970004.796,1.973,2.738,0.000,0,fast_local,redis_cache,0.765,overtake
2022_Monaco_Grand_Prix|LAT|34|smart,2022_Monaco_Grand_Prix,LAT,34,2970002.058,2970784.705,2970941.605,782.647,939.547,0.000,0,smart_cloud,cassandra,156.900,overtake
2022_Monaco_Grand_Prix|LEC|34|fast,2022_Monaco_Grand_Prix,LEC,34,2970002.325,2970004.796,2970005.561,2.471,3.237,0.050,0,fast_local,redis_cache,0.765,overtake
2022_Monaco_Grand_Prix|LEC|34|smart,2022_Monaco_Grand_Prix,LEC,34,2970002.325,2970941.605,2971098.505,939.280,1096.180,0.050,0,smart_cloud,cassandra,156.900,overtake
2022_Monaco_Grand_Prix|NOR|34|fast,2022_Monaco_Grand_Prix,NOR,34,2970002.448,2970005.561,2970006.327,3.113,3.878,0.150,0,fast_local,redis_cache,0.765,overtake
2022_Monaco_Grand_Prix|NOR|34|smart,2022_Monaco_Grand_Prix,NOR,34,2970002.448,2971098.505,2971255.405,1096.056,1252.956,0.150,0,smart_cloud,cassandra,156.900,overtake
2022_Monaco_Grand_Prix|OCO|34|fast,2022_Monaco_Grand_Prix,OCO,34,2970002.777,2970006.327,2970007.092,3.549,4.315,0.000,0,fast_local,redis_cache,0.765,overtake
2022_Monaco_Grand_Prix|OCO|34|smart,2022_Monaco_Grand_Prix,OCO,34,2970002.777,2971255.405,2971412.305,1252.627,1409.527,0.000,0,smart_cloud,cassandra,156.900,overtake
2022_Monaco_Grand_Prix|PER|34|fast,2022_Monaco_Grand_Prix,PER,34,2970003.669,2970007.092,2970007.857,3.423,4.188,0.150,0,fast_local,redis_cache,0.765,overtake
2022_Monaco_Grand_Prix|PER|34|smart,2022_Monaco_Grand_Prix,PER,34,2970003.669,2971412.305,2971569.205,1408.636,1565.536,0.150,0,smart_cloud,cassandra,156.900,overtake
2022_Monaco_Grand_Prix|RIC|34|fast,2022_Monaco_Grand_Prix,RIC,34,2970003.750,2970007.857,2970008.622,4.107,4.873,0.350,0,fast_local,redis_cache,0.765,overtake
2022_Monaco_Grand_Prix|RIC|34|smart,2022_Monaco_Grand_Prix,RIC,34,2970003.750,2971569.205,2971726.105,1565.455,1722.355,0.350,0,smart_cloud,cassandra,156.900,overtake
2022_Monaco_Grand_Prix|RUS|34|fast,2022_Monaco_Grand_Prix,RUS,34,2970003.887,2970008.622,2970009.388,4.736,5.501,0.350,0,fast_local,redis_cache,0.765,overtake
2022_Monaco_Grand_Prix|RUS|34|smart,2022_Monaco_Grand_Prix,RUS,34,2970003.887,2971726.105,2971883.005,1722.218,1879.118,0.350,0,smart_cloud,cassandra,156.900,overtake
2022_Monaco_Grand_Prix|SAI|34|fast,2022_Monaco_Grand_Prix,SAI,34,2970003.968,2970009.388,2970010.153,5.419,6.185,0.400,0,fast_local,redis_cache,0.765,overtake
2022_Monaco_Grand_Prix|SAI|34|smart,2022_Monaco_Grand_Prix,SAI,34,2970003.968,2971883.005,2972039.905,1879.036,2035.936,0.400,0,smart_cloud,cassandra,156.900,overtake
2022_Monaco_Grand_Prix|STR|34|fast,2022_Monaco_Grand_Prix,STR,34,2970004.010,2970010.153,2970010.918,6.143,6.908,0.500,1,fast_local,redis_cache,0.765,overtake
2022_Monaco_Grand_Prix|STR|34|smart,2022_Monaco_Grand_Prix,STR,34,2970004.010,2972039.905,2972196.805,2035.894,2192.794,0.500,1,smart_cloud,cassandra,156.900,overtake
2022_Monaco_Grand_Prix|TSU|34|fast,2022_Monaco_Grand_Prix,TSU,34,2970004.113,2970010.918,2970011.683,6.805,7.571,0.500,1,fast_local,redis_cache,0.765,overtake
2022_Monaco_Grand_Prix|TSU|34|smart,2022_Monaco_Grand_Prix,TSU,34,2970004.113,2972196.805,2972353.705,2192.692,2349.592,0.500,1,smart_cloud,cassandra,156.900,overtake
2022_Monaco_Grand_Prix|VER|34|fast,2022_Monaco_Grand_Prix,VER,34,2970004.624,2970011.683,2970012.449,7.060,7.825,0.300,0,fast_local,redis_cache,0.765,overtake
2022_Monaco_Grand_Prix|VER|34|smart,2022_Monaco_Grand_Prix,VER,34,2970004.624,2972353.705,2972510.605,2349.081,2505.981,0.300,0,smart_cloud,cassandra,156.900,overtake
2022_Monaco_Grand_Prix|VET|34|fast,2022_Monaco_Grand_Prix,VET,34,2970004.890,2970012.449,2970013.214,7.559,8.324,0.350,0,fast_local,redis_cache,0.765,overtake
2022_Monaco_Grand_Prix|VET|34|smart,2022_Monaco_Grand_Prix,VET,34,2970004.890,2972510.605,2972667.505,2505.715,2662.615,0.350,0,smart_cloud,cassandra,156.900,overtake
2022_Monaco_Grand_Prix|ZHO|34|fast,2022_Monaco_Grand_Prix,ZHO,34,2970004.928,2970013.214,2970013.979,8.286,9.052,0.150,0,fast_local,redis_cache,0.765,overtake
2022_Monaco_Grand_Prix|ZHO|34|smart,2022_Monaco_Grand_Prix,ZHO,34,2970004.928,2972667.505,2972824.405,2662.577,2819.477,0.150,0,smart_cloud,cassandra,156.900,overtake
2022_Monaco_Grand_Prix|ALB|35|fast,2022_Monaco_Grand_Prix,ALB,35,3060000.023,3060000.023,3060000.788,0.000,0.765,0.000,0,fast_local,redis_cache,0.765,overtake
2022_Monaco_Grand_Prix|ALB|35|smart,2022_Monaco_Grand_Prix,ALB,35,3060000.023,3060000.023,3060156.923,0.000,156.900,0.000,0,smart_cloud,cassandra,156.900,overtake
2022_Monaco_Grand_Prix|ALO|35|fast,2022_Monaco_Grand_Prix,ALO,35,3060000.148,3060000.788,3060001.553,0.640,1.405,0.350,0,fast_local,redis_cache,0.765,overtake
2022_Monaco_Grand_Prix|ALO|35|smart,2022_Monaco_Grand_Prix,ALO,35,3060000.148,3060156.923,3060313.823,156.774,313.674,0.350,0,smart_cloud,cassandra,156.900,overtake
2022_Monaco_Grand_Prix|BOT|35|fast,2022_Monaco_Grand_Prix,BOT,35,3060000.185,3060001.553,3060002.318,1.368,2.133,0.000,0,fast_local,redis_cache,0.765,overtake
2022_Monaco_Grand_Prix|BOT|35|smart,2022_Monaco_Grand_Prix,BOT,35,3060000.185,3060313.823,3060470.723,313.638,470.538,0.000,0,smart_cloud,cassandra,156.900,overtake
2022_Monaco_Grand_Prix|GAS|35|fast,2022_Monaco_Grand_Prix,GAS,35,3060000.243,3060002.318,3060003.084,2.075,2.840,0.150,0,fast_local,redis_cache,0.765,overtake
2022_Monaco_Grand_Prix|GAS|35|smart,2022_Monaco_Grand_Prix,GAS,35,3060000.243,3060470.723,3060627.623,470.479,627.379,0.150,0,smart_cloud,cassandra,156.900,overtake
2022_Monaco_Grand_Prix|HAM|35|fast,2022_Monaco_Grand_Prix,HAM,35,3060000.245,3060003.084,3060003.849,2.839,3.604,0.150,0,fast_local,redis_cache,0.765,overtake
2022_Monaco_Grand_Prix|HAM|35|smart,2022_Monaco_Grand_Prix,HAM,35,3060000.245,3060627.623,3060784.523,627.378,784.278,0.150,0,smart_cloud,cassandra,156.900,overtake
2022_Monaco_Grand_Prix|LAT|35|fast,2022_Monaco_Grand_Prix,LAT,35,3060000.546,3060003.849,3060004.614,3.302,4.068,0.000,0,fast_local,redis_cache,0.765,overtake
2022_Monaco_Grand_Prix|LAT|35|smart,2022_Monaco_Grand_Prix,LAT,35,3060000.546,3060784.523,3060941.423,783.976,940.876,0.000,0,smart_cloud,cassandra,156.900,overtake
2022_Monaco_Grand_Prix|LEC|35|fast,2022_Monaco_Grand_Prix,LEC,35,3060001.173,3060004.614,3060005.379,3.441,4.207,0.150,0,fast_local,redis_cache,0.765,overtake
2022_Monaco_Grand_Prix|LEC|35|smart,2022_Monaco_Grand_Prix,LEC,35,3060001.173,3060941.423,3061098.323,940.250,1097.150,0.150,0,smart_cloud,cassandra,156.900,overtake
2022_Monaco_Grand_Prix|NOR|35|fast,2022_Monaco_Grand_Prix,NOR,35,3060001.864,3060005.379,3060006.145,3.516,4.281,0.150,0,fast_local,redis_cache,0.765,overtake
2022_Monaco_Grand_Prix|NOR|35|smart,2022_Monaco_Grand_Prix,NOR,35,3060001.864,3061098.323,3061255.223,1096.459,1253.359,0.150,0,smart_cloud,cassandra,156.900,overtake
2022_Monaco_Grand_Prix|OCO|35|fast,2022_Monaco_Grand_Prix,OCO,35,3060002.573,3060006.145,3060006.910,3.571,4.337,0.000,0,fast_local,redis_cache,0.765,overtake
2022_Monaco_Grand_Prix|OCO|35|smart,2022_Monaco_Grand_Prix,OCO,35,3060002.573,3061255.223,3061412.123,1252.649,1409.549,0.000,0,smart_cloud,cassandra,156.900,overtake
2022_Monaco_Grand_Prix|PER|35|fast,2022_Monaco_Grand_Prix,PER,35,3060003.109,3060006.910,3060007.675,3.800,4.566,0.150,0,fast_local,redis_cache,0.765,overtake
2022_Monaco_Grand_Prix|PER|35|smart,2022_Monaco_Grand_Prix,PER,35,3060003.109,3061412.123,3061569.023,1409.013,1565.913,0.150,0,smart_cloud,cassandra,156.900,overtake
2022_Monaco_Grand_Prix|RIC|35|fast,2022_Monaco_Grand_Prix,RIC,35,3060003.377,3060007.675,3060008.440,4.298,5.064,0.350,0,fast_local,redis_cache,0.765,overtake
2022_Monaco_Grand_Prix|RIC|35|smart,2022_Monaco_Grand_Prix,RIC,35,3060003.377,3061569.023,3061725.923,1565.646,1722.546,0.350,0,smart_cloud,cassandra,156.900,overtake
2022_Monaco_Grand_Prix|RUS|35|fast,2022_Monaco_Grand_Prix,RUS,35,3060003.386,3060008.440,3060009.206,5.054,5.819,0.350,0,fast_local,redis_cache,0.765,overtake
2022_Monaco_Grand_Prix|RUS|35|smart,2022_Monaco_Grand_Prix,RUS,35,3060003.386,3061725.923,3061882.823,1722.536,1879.436,0.350,0,smart_cloud,cassandra,156.900,overtake
2022_Monaco_Grand_Prix|SAI|35|fast,2022_Monaco_Grand_Prix,SAI,35,3060003.566,3060009.206,3060009.971,5.639,6.404,0.400,0,fast_local,redis_cache,0.765,overtake
2022_Monaco_Grand_Prix|SAI|35|smart,2022_Monaco_Grand_Prix,SAI,35,3060003.566,3061882.823,3062039.723,1879.256,2036.156,0.400,0,smart_cloud,cassandra,156.900,overtake
2022_Monaco_Grand_Prix|STR|35|fast,2022_Monaco_Grand_Prix,STR,35,3060003.697,3060009.971,3060010.736,6.274,7.039,0.500,1,fast_local,redis_cache,0.765,overtake
2022_Monaco_Grand_Prix|STR|35|smart,2022_Monaco_Grand_Prix,STR,35,3060003.697,3062039.723,3062196.623,2036.025,2192.925,0.500,1,smart_cloud,cassandra,156.900,overtake
2022_Monaco_Grand_Prix|TSU|35|fast,2022_Monaco_Grand_Prix,TSU,35,3060003.869,3060010.736,3060011.501,6.867,7.633,0.500,1,fast_local,redis_cache,0.765,overtake
2022_Monaco_Grand_Prix|TSU|35|smart,2022_Monaco_Grand_Prix,TSU,35,3060003.869,3062196.623,3062353.523,2192.754,2349.654,0.500,1,smart_cloud,cassandra,156.900,overtake
2022_Monaco_Grand_Prix|VER|35|fast,2022_Monaco_Grand_Prix,VER,35,3060004.004,3060011.501,3060012.267,7.497,8.262,0.500,1,fast_local,redis_cache,0.765,overtake
2022_Monaco_Grand_Prix|VER|35|smart,2022_Monaco_Grand_Prix,VER,35,3060004.004,3062353.523,3062510.423,2349.518,2506.418,0.500,1,smart_cloud,cassandra,156.900,overtake
2022_Monaco_Grand_Prix|VET|35|fast,2022_Monaco_Grand_Prix,VET,35,3060004.291,3060012.267,3060013.032,7.976,8.741,0.350,0,fast_local,redis_cache,0.765,overtake
2022_Monaco_Grand_Prix|VET|35|smart,2022_Monaco_Grand_Prix,VET,35,3060004.291,3062510.423,3062667.323,2506.132,2663.032,0.350,0,smart_cloud,cassandra,156.900,overtake
2022_Monaco_Grand_Prix|ZHO|35|fast,2022_Monaco_Grand_Prix,ZHO,35,3060004.327,3060013.032,3060013.797,8.704,9.470,0.150,0,fast_local,redis_cache,0.765,overtake
2022_Monaco_Grand_Prix|ZHO|35|smart,2022_Monaco_Grand_Prix,ZHO,35,3060004.327,3062667.323,3062824.223,2662.995,2819.895,0.150,0,smart_cloud,cassandra,156.900,overtake
2022_Monaco_Grand_Prix|ALB|36|fast,2022_Monaco_Grand_Prix,ALB,36,3150000.424,3150000.424,3150001.189,0.000,0.765,0.000,0,fast_local,redis_cache,0.765,overtake
2022_Monaco_Grand_Prix|ALB|36|smart,2022_Monaco_Grand_Prix,ALB,36,3150000.424,3150000.424,3150157.324,0.000,156.900,0.000,0,smart_cloud,cassandra,156.900,overtake
2022_Monaco_Grand_Prix|ALO|36|fast,2022_Monaco_Grand_Prix,ALO,36,3150000.938,3150001.189,3150001.955,0.251,1.017,0.350,0,fast_local,redis_cache,0.765,overtake
2022_Monaco_Grand_Prix|ALO|36|smart,2022_Monaco_Grand_Prix,ALO,36,3150000.938,3150157.324,3150314.224,156.386,313.286,0.350,0,smart_cloud,cassandra,156.900,overtake
2022_Monaco_Grand_Prix|BOT|36|fast,2022_Monaco_Grand_Prix,BOT,36,3150001.188,3150001.955,3150002.720,0.766,1.532,0.000,0,fast_local,redis_cache,0.765,overtake
2022_Monaco_Grand_Prix|BOT|36|smart,2022_Monaco_Grand_Prix,BOT,36,3150001.188,3150314.224,3150471.124,313.036,469.936,0.000,0,smart_cloud,cassandra,156.900,overtake
2022_Monaco_Grand_Prix|GAS|36|fast,2022_Monaco_Grand_Prix,GAS,36,3150001.374,3150002.720,3150003.485,1.346,2.111,0.150,0,fast_local,redis_cache,0.765,overtake
2022_Monaco_Grand_Prix|GAS|36|smart,2022_Monaco_Grand_Prix,GAS,36,3150001.374,3150471.124,3150628.024,469.750,626.650,0.150,0,smart_cloud,cassandra,156.900,overtake
2022_Monaco_Grand_Prix|HAM|36|fast,2022_Monaco_Grand_Prix,HAM,36,3150001.495,3150003.485,3150004.250,1.990,2.756,0.150,0,fast_local,redis_cache,0.765,overtake
2022_Monaco_Grand_Prix|HAM|36|smart,2022_Monaco_Grand_Prix,HAM,36,3150001.495,3150628.024,3150784.924,626.529,783.429,0.150,0,smart_cloud,cassandra,156.900,overtake
2022_Monaco_Grand_Prix|LAT|36|fast,2022_Monaco_Grand_Prix,LAT,36,3150001.710,3150004.250,3150005.016,2.541,3.306,0.050,0,fast_local,redis_cache,0.765,overtake
2022_Monaco_Grand_Prix|LAT|36|smart,2022_Monaco_Grand_Prix,LAT,36,3150001.710,3150784.924,3150941.824,783.214,940.114,0.050,0,smart_cloud,cassandra,156.900,overtake
2022_Monaco_Grand_Prix|LEC|36|fast,2022_Monaco_Grand_Prix,LEC,36,3150001.740,3150005.016,3150005.781,3.275,4.041,0.150,0,fast_local,redis_cache,0.765,overtake
2022_Monaco_Grand_Prix|LEC|36|smart,2022_Monaco_Grand_Prix,LEC,36,3150001.740,3150941.824,3151098.724,940.084,1096.984,0.150,0,smart_cloud,cassandra,156.900,overtake
2022_Monaco_Grand_Prix|NOR|36|fast,2022_Monaco_Grand_Prix,NOR,36,3150001.985,3150005.781,3150006.546,3.796,4.561,0.150,0,fast_local,redis_cache,0.765,overtake
2022_Monaco_Grand_Prix|NOR|36|smart,2022_Monaco_Grand_Prix,NOR,36,3150001.985,3151098.724,3151255.624,1096.739,1253.639,0.150,0,smart_cloud,cassandra,156.900,overtake
2022_Monaco_Grand_Prix|OCO|36|fast,2022_Monaco_Grand_Prix,OCO,36,3150002.007,3150006.546,3150007.311,4.539,5.305,0.000,0,fast_local,redis_cache,0.765,overtake
2022_Monaco_Grand_Prix|OCO|36|smart,2022_Monaco_Grand_Prix,OCO,36,3150002.007,3151255.624,3151412.524,1253.617,1410.517,0.000,0,smart_cloud,cassandra,156.900,overtake
2022_Monaco_Grand_Prix|PER|36|fast,2022_Monaco_Grand_Prix,PER,36,3150002.952,3150007.311,3150008.077,4.360,5.125,0.150,0,fast_local,redis_cache,0.765,overtake
2022_Monaco_Grand_Prix|PER|36|smart,2022_Monaco_Grand_Prix,PER,36,3150002.952,3151412.524,3151569.424,1409.572,1566.472,0.150,0,smart_cloud,cassandra,156.900,overtake
2022_Monaco_Grand_Prix|RIC|36|fast,2022_Monaco_Grand_Prix,RIC,36,3150003.358,3150008.077,3150008.842,4.719,5.484,0.350,0,fast_local,redis_cache,0.765,overtake
2022_Monaco_Grand_Prix|RIC|36|smart,2022_Monaco_Grand_Prix,RIC,36,3150003.358,3151569.424,3151726.324,1566.066,1722.966,0.350,0,smart_cloud,cassandra,156.900,overtake
2022_Monaco_Grand_Prix|RUS|36|fast,2022_Monaco_Grand_Prix,RUS,36,3150003.588,3150008.842,3150009.607,5.254,6.019,0.350,0,fast_local,redis_cache,0.765,overtake
2022_Monaco_Grand_Prix|RUS|36|smart,2022_Monaco_Grand_Prix,RUS,36,3150003.588,3151726.324,3151883.224,1722.736,1879.636,0.350,0,smart_cloud,cassandra,156.900,overtake
2022_Monaco_Grand_Prix|SAI|36|fast,2022_Monaco_Grand_Prix,SAI,36,3150004.037,3150009.607,3150010.372,5.570,6.335,0.400,0,fast_local,redis_cache,0.765,overtake
2022_Monaco_Grand_Prix|SAI|36|smart,2022_Monaco_Grand_Prix,SAI,36,3150004.037,3151883.224,3152040.124,1879.187,2036.087,0.400,0,smart_cloud,cassandra,156.900,overtake
2022_Monaco_Grand_Prix|STR|36|fast,2022_Monaco_Grand_Prix,STR,36,3150004.264,3150010.372,3150011.138,6.108,6.874,0.500,1,fast_local,redis_cache,0.765,overtake
2022_Monaco_Grand_Prix|STR|36|smart,2022_Monaco_Grand_Prix,STR,36,3150004.264,3152040.124,3152197.024,2035.860,2192.760,0.500,1,smart_cloud,cassandra,156.900,overtake
2022_Monaco_Grand_Prix|TSU|36|fast,2022_Monaco_Grand_Prix,TSU,36,3150004.267,3150011.138,3150011.903,6.871,7.636,0.500,1,fast_local,redis_cache,0.765,overtake
2022_Monaco_Grand_Prix|TSU|36|smart,2022_Monaco_Grand_Prix,TSU,36,3150004.267,3152197.024,3152353.924,2192.757,2349.657,0.500,1,smart_cloud,cassandra,156.900,overtake
2022_Monaco_Grand_Prix|VER|36|fast,2022_Monaco_Grand_Prix,VER,36,3150004.433,3150011.903,3150012.668,7.470,8.235,0.500,1,fast_local,redis_cache,0.765,overtake
2022_Monaco_Grand_Prix|VER|36|smart,2022_Monaco_Grand_Prix,VER,36,3150004.433,3152353.924,3152510.824,2349.491,2506.391,0.500,1,smart_cloud,cassandra,156.900,overtake
2022_Monaco_Grand_Prix|VET|36|fast,2022_Monaco_Grand_Prix,VET,36,3150004.478,3150012.668,3150013.433,8.190,8.955,0.350,0,fast_local,redis_cache,0.765,overtake
2022_Monaco_Grand_Prix|VET|36|smart,2022_Monaco_Grand_Prix,VET,36,3150004.478,3152510.824,3152667.724,2506.346,2663.246,0.350,0,smart_cloud,cassandra,156.900,overtake
2022_Monaco_Grand_Prix|ZHO|36|fast,2022_Monaco_Grand_Prix,ZHO,36,3150004.994,3150013.433,3150014.199,8.440,9.205,0.300,0,fast_local,redis_cache,0.765,overtake
2022_Monaco_Grand_Prix|ZHO|36|smart,2022_Monaco_Grand_Prix,ZHO,36,3150004.994,3152667.724,3152824.624,2662.730,2819.630,0.300,0,smart_cloud,cassandra,156.900,overtake
2022_Monaco_Grand_Prix|ALB|37|fast,2022_Monaco_Grand_Prix,ALB,37,3240000.088,3240000.088,3240000.854,0.000,0.765,0.200,0,fast_local,redis_cache,0.765,rain+overtake+pit_window
2022_Monaco_Grand_Prix|ALB|37|smart,2022_Monaco_Grand_Prix,ALB,37,3240000.088,3240000.088,3240156.988,0.000,156.900,0.200,0,smart_cloud,cassandra,156.900,rain+overtake+pit_window
2022_Monaco_Grand_Prix|ALO|37|fast,2022_Monaco_Grand_Prix,ALO,37,3240000.336,3240000.854,3240001.619,0.518,1.283,0.550,1,fast_local,redis_cache,0.765,rain+overtake+pit_window
2022_Monaco_Grand_Prix|BOT|37|fast,2022_Monaco_Grand_Prix,BOT,37,3240000.672,3240001.619,3240002.384,0.947,1.712,0.200,0,fast_local,redis_cache,0.765,rain+overtake+pit_window
2022_Monaco_Grand_Prix|BOT|37|smart,2022_Monaco_Grand_Prix,BOT,37,3240000.672,3240156.988,3240313.888,156.317,313.217,0.200,0,smart_cloud,cassandra,156.900,rain+overtake+pit_window
2022_Monaco_Grand_Prix|GAS|37|fast,2022_Monaco_Grand_Prix,GAS,37,3240000.684,3240002.384,3240003.149,1.700,2.465,0.350,0,fast_local,redis_cache,0.765,rain+overtake+pit_window
2022_Monaco_Grand_Prix|GAS|37|smart,2022_Monaco_Grand_Prix,GAS,37,3240000.684,3240313.888,3240470.788,313.204,470.104,0.350,0,smart_cloud,cassandra,156.900,rain+overtake+pit_window
2022_Monaco_Grand_Prix|HAM|37|fast,2022_Monaco_Grand_Prix,HAM,37,3240001.010,3240003.149,3240003.915,2.139,2.905,0.350,0,fast_local,redis_cache,0.765,rain+overtake+pit_window
2022_Monaco_Grand_Prix|HAM|37|smart,2022_Monaco_Grand_Prix,HAM,37,3240001.010,3240470.788,3240627.688,469.778,626.678,0.350,0,smart_cloud,cassandra,156.900,rain+overtake+pit_window
2022_Monaco_Grand_Prix|LAT|37|fast,2022_Monaco_Grand_Prix,LAT,37,3240001.482,3240003.915,3240004.680,2.433,3.198,0.350,0,fast_local,redis_cache,0.765,rain+overtake+pit_window
2022_Monaco_Grand_Prix|LAT|37|smart,2022_Monaco_Grand_Prix,LAT,37,3240001.482,3240627.688,3240784.588,626.207,783.107,0.350,0,smart_cloud,cassandra,156.900,rain+overtake+pit_window
2022_Monaco_Grand_Prix|LEC|37|fast,2022_Monaco_Grand_Prix,LEC,37,3240001.716,3240004.680,3240005.445,2.963,3.729,0.250,0,fast_local,redis_cache,0.765,rain+overtake+pit_window
2022_Monaco_Grand_Prix|LEC|37|smart,2022_Monaco_Grand_Prix,LEC,37,3240001.716,3240784.588,3240941.488,782.872,939.772,0.250,0,smart_cloud,cassandra,156.900,rain+overtake+pit_window
2022_Monaco_Grand_Prix|NOR|37|fast,2022_Monaco_Grand_Prix,NOR,37,3240001.827,3240005.445,3240006.210,3.618,4.383,0.350,0,fast_local,redis_cache,0.765,rain+overtake+pit_window
2022_Monaco_Grand_Prix|NOR|37|smart,2022_Monaco_Grand_Prix,NOR,37,3240001.827,3240941.488,3241098.388,939.661,1096.561,0.350,0,smart_cloud,cassandra,156.900,rain+overtake+pit_window
2022_Monaco_Grand_Prix|OCO|37|fast,2022_Monaco_Grand_Prix,OCO,37,3240001.962,3240006.210,3240006.976,4.249,5.014,0.200,0,fast_local,redis_cache,0.765,rain+overtake+pit_window
2022_Monaco_Grand_Prix|OCO|37|smart,2022_Monaco_Grand_Prix,OCO,37,3240001.962,3241098.388,3241255.288,1096.426,1253.326,0.200,0,smart_cloud,cassandra,156.900,rain+overtake+pit_window
2022_Monaco_Grand_Prix|PER|37|fast,2022_Monaco_Grand_Prix,PER,37,3240002.040,3240006.976,3240007.741,4.936,5.701,0.350,0,fast_local,redis_cache,0.765,rain+overtake+pit_window
2022_Monaco_Grand_Prix|PER|37|smart,2022_Monaco_Grand_Prix,PER,37,3240002.040,3241255.288,3241412.188,1253.249,1410.149,0.350,0,smart_cloud,cassandra,156.900,rain+overtake+pit_window
2022_Monaco_Grand_Prix|RIC|37|fast,2022_Monaco_Grand_Prix,RIC,37,3240002.266,3240007.741,3240008.506,5.474,6.240,0.550,1,fast_local,redis_cache,0.765,rain+overtake+pit_window
2022_Monaco_Grand_Prix|RUS|37|fast,2022_Monaco_Grand_Prix,RUS,37,3240002.485,3240008.506,3240009.271,6.022,6.787,0.550,1,fast_local,redis_cache,0.765,rain+overtake+pit_window
2022_Monaco_Grand_Prix|SAI|37|fast,2022_Monaco_Grand_Prix,SAI,37,3240002.874,3240009.271,3240010.037,6.397,7.162,0.400,0,fast_local,redis_cache,0.765,rain+overtake+pit_window
2022_Monaco_Grand_Prix|SAI|37|smart,2022_Monaco_Grand_Prix,SAI,37,3240002.874,3241412.188,3241569.088,1409.314,1566.214,0.400,0,smart_cloud,cassandra,156.900,rain+overtake+pit_window
2022_Monaco_Grand_Prix|STR|37|fast,2022_Monaco_Grand_Prix,STR,37,3240002.976,3240010.037,3240010.802,7.061,7.826,0.700,1,fast_local,redis_cache,0.765,rain+overtake+pit_window
2022_Monaco_Grand_Prix|TSU|37|fast,2022_Monaco_Grand_Prix,TSU,37,3240003.173,3240010.802,3240011.567,7.629,8.394,0.700,1,fast_local,redis_cache,0.765,rain+overtake+pit_window
2022_Monaco_Grand_Prix|VER|37|fast,2022_Monaco_Grand_Prix,VER,37,3240003.504,3240011.567,3240012.332,8.063,8.828,0.400,0,fast_local,redis_cache,0.765,rain+overtake+pit_window
2022_Monaco_Grand_Prix|VER|37|smart,2022_Monaco_Grand_Prix,VER,37,3240003.504,3241569.088,3241725.988,1565.584,1722.484,0.400,0,smart_cloud,cassandra,156.900,rain+overtake+pit_window
2022_Monaco_Grand_Prix|VET|37|fast,2022_Monaco_Grand_Prix,VET,37,3240004.576,3240012.332,3240013.098,7.756,8.521,0.550,1,fast_local,redis_cache,0.765,rain+overtake+pit_window
2022_Monaco_Grand_Prix|ZHO|37|fast,2022_Monaco_Grand_Prix,ZHO,37,3240004.988,3240013.098,3240013.863,8.110,8.875,0.700,1,fast_local,redis_cache,0.765,rain+overtake+pit_window
2022_Monaco_Grand_Prix|ALB|38|fast,2022_Monaco_Grand_Prix,ALB,38,3330000.777,3330000.777,3330001.542,0.000,0.765,0.000,0,fast_local,redis_cache,0.765,overtake+pit_window
2022_Monaco_Grand_Prix|ALB|38|smart,2022_Monaco_Grand_Prix,ALB,38,3330000.777,3330000.777,3330157.677,0.000,156.900,0.000,0,smart_cloud,cassandra,156.900,overtake+pit_window
2022_Monaco_Grand_Prix|ALO|38|fast,2022_Monaco_Grand_Prix,ALO,38,3330001.175,3330001.542,3330002.308,0.367,1.132,0.350,0,fast_local,redis_cache,0.765,overtake+pit_window
2022_Monaco_Grand_Prix|ALO|38|smart,2022_Monaco_Grand_Prix,ALO,38,3330001.175,3330157.677,3330314.577,156.502,313.402,0.350,0,smart_cloud,cassandra,156.900,overtake+pit_window
2022_Monaco_Grand_Prix|BOT|38|fast,2022_Monaco_Grand_Prix,BOT,38,3330001.207,3330002.308,3330003.073,1.101,1.866,0.000,0,fast_local,redis_cache,0.765,overtake+pit_window
2022_Monaco_Grand_Prix|BOT|38|smart,2022_Monaco_Grand_Prix,BOT,38,3330001.207,3330314.577,3330471.477,313.370,470.270,0.000,0,smart_cloud,cassandra,156.900,overtake+pit_window
2022_Monaco_Grand_Prix|GAS|38|fast,2022_Monaco_Grand_Prix,GAS,38,3330001.423,3330003.073,3330003.838,1.650,2.416,0.150,0,fast_local,redis_cache,0.765,overtake+pit_window
2022_Monaco_Grand_Prix|GAS|38|smart,2022_Monaco_Grand_Prix,GAS,38,3330001.423,3330471.477,3330628.377,470.055,626.955,0.150,0,smart_cloud,cassandra,156.900,overtake+pit_window
2022_Monaco_Grand_Prix|HAM|38|fast,2022_Monaco_Grand_Prix,HAM,38,3330001.497,3330003.838,3330004.603,2.341,3.107,0.150,0,fast_local,redis_cache,0.765,overtake+pit_window
2022_Monaco_Grand_Prix|HAM|38|smart,2022_Monaco_Grand_Prix,HAM,38,3330001.497,3330628.377,3330785.277,626.880,783.780,0.150,0,smart_cloud,cassandra,156.900,overtake+pit_window
2022_Monaco_Grand_Prix|LAT|38|fast,2022_Monaco_Grand_Prix,LAT,38,3330001.612,3330004.603,3330005.369,2.991,3.756,0.150,0,fast_local,redis_cache,0.765,overtake+pit_window
2022_Monaco_Grand_Prix|LAT|38|smart,2022_Monaco_Grand_Prix,LAT,38,3330001.612,3330785.277,3330942.177,783.665,940.565,0.150,0,smart_cloud,cassandra,156.900,overtake+pit_window
2022_Monaco_Grand_Prix|LEC|38|fast,2022_Monaco_Grand_Prix,LEC,38,3330001.627,3330005.369,3330006.134,3.742,4.507,0.050,0,fast_local,redis_cache,0.765,overtake+pit_window
2022_Monaco_Grand_Prix|LEC|38|smart,2022_Monaco_Grand_Prix,LEC,38,3330001.627,3330942.177,3331099.077,940.550,1097.450,0.050,0,smart_cloud,cassandra,156.900,overtake+pit_window
2022_Monaco_Grand_Prix|NOR|38|fast,2022_Monaco_Grand_Prix,NOR,38,3330002.102,3330006.134,3330006.899,4.032,4.797,0.150,0,fast_local,redis_cache,0.765,overtake+pit_window
2022_Monaco_Grand_Prix|NOR|38|smart,2022_Monaco_Grand_Prix,NOR,38,3330002.102,3331099.077,3331255.977,1096.975,1253.875,0.150,0,smart_cloud,cassandra,156.900,overtake+pit_window
2022_Monaco_Grand_Prix|OCO|38|fast,2022_Monaco_Grand_Prix,OCO,38,3330002.648,3330006.899,3330007.664,4.252,5.017,0.000,0,fast_local,redis_cache,0.765,overtake+pit_window
2022_Monaco_Grand_Prix|OCO|38|smart,2022_Monaco_Grand_Prix,OCO,38,3330002.648,3331255.977,3331412.877,1253.329,1410.229,0.000,0,smart_cloud,cassandra,156.900,overtake+pit_window
2022_Monaco_Grand_Prix|PER|38|fast,2022_Monaco_Grand_Prix,PER,38,3330002.704,3330007.664,3330008.430,4.960,5.725,0.150,0,fast_local,redis_cache,0.765,overtake+pit_window
2022_Monaco_Grand_Prix|PER|38|smart,2022_Monaco_Grand_Prix,PER,38,3330002.704,3331412.877,3331569.777,1410.173,1567.073,0.150,0,smart_cloud,cassandra,156.900,overtake+pit_window
2022_Monaco_Grand_Prix|RIC|38|fast,2022_Monaco_Grand_Prix,RIC,38,3330002.954,3330008.430,3330009.195,5.476,6.241,0.350,0,fast_local,redis_cache,0.765,overtake+pit_window
2022_Monaco_Grand_Prix|RIC|38|smart,2022_Monaco_Grand_Prix,RIC,38,3330002.954,3331569.777,3331726.677,1566.823,1723.723,0.350,0,smart_cloud,cassandra,156.900,overtake+pit_window
2022_Monaco_Grand_Prix|RUS|38|fast,2022_Monaco_Grand_Prix,RUS,38,3330003.267,3330009.195,3330009.960,5.928,6.693,0.350,0,fast_local,redis_cache,0.765,overtake+pit_window
2022_Monaco_Grand_Prix|RUS|38|smart,2022_Monaco_Grand_Prix,RUS,38,3330003.267,3331726.677,3331883.577,1723.410,1880.310,0.350,0,smart_cloud,cassandra,156.900,overtake+pit_window
2022_Monaco_Grand_Prix|SAI|38|fast,2022_Monaco_Grand_Prix,SAI,38,3330003.712,3330009.960,3330010.725,6.249,7.014,0.200,0,fast_local,redis_cache,0.765,overtake+pit_window
2022_Monaco_Grand_Prix|SAI|38|smart,2022_Monaco_Grand_Prix,SAI,38,3330003.712,3331883.577,3332040.477,1879.866,2036.766,0.200,0,smart_cloud,cassandra,156.900,overtake+pit_window
2022_Monaco_Grand_Prix|STR|38|fast,2022_Monaco_Grand_Prix,STR,38,3330003.760,3330010.725,3330011.491,6.966,7.731,0.500,1,fast_local,redis_cache,0.765,overtake+pit_window
2022_Monaco_Grand_Prix|STR|38|smart,2022_Monaco_Grand_Prix,STR,38,3330003.760,3332040.477,3332197.377,2036.717,2193.617,0.500,1,smart_cloud,cassandra,156.900,overtake+pit_window
2022_Monaco_Grand_Prix|TSU|38|fast,2022_Monaco_Grand_Prix,TSU,38,3330004.372,3330011.491,3330012.256,7.119,7.884,0.500,1,fast_local,redis_cache,0.765,overtake+pit_window
2022_Monaco_Grand_Prix|TSU|38|smart,2022_Monaco_Grand_Prix,TSU,38,3330004.372,3332197.377,3332354.277,2193.006,2349.906,0.500,1,smart_cloud,cassandra,156.900,overtake+pit_window
2022_Monaco_Grand_Prix|VER|38|fast,2022_Monaco_Grand_Prix,VER,38,3330004.485,3330012.256,3330013.021,7.771,8.536,0.200,0,fast_local,redis_cache,0.765,overtake+pit_window
2022_Monaco_Grand_Prix|VER|38|smart,2022_Monaco_Grand_Prix,VER,38,3330004.485,3332354.277,3332511.177,2349.792,2506.692,0.200,0,smart_cloud,cassandra,156.900,overtake+pit_window
2022_Monaco_Grand_Prix|VET|38|fast,2022_Monaco_Grand_Prix,VET,38,3330004.545,3330013.021,3330013.786,8.476,9.241,0.350,0,fast_local,redis_cache,0.765,overtake+pit_window
2022_Monaco_Grand_Prix|VET|38|smart,2022_Monaco_Grand_Prix,VET,38,3330004.545,3332511.177,3332668.077,2506.632,2663.532,0.350,0,smart_cloud,cassandra,156.900,overtake+pit_window
2022_Monaco_Grand_Prix|ZHO|38|fast,2022_Monaco_Grand_Prix,ZHO,38,3330004.796,3330013.786,3330014.552,8.990,9.756,0.500,1,fast_local,redis_cache,0.765,overtake+pit_window
2022_Monaco_Grand_Prix|ZHO|38|smart,2022_Monaco_Grand_Prix,ZHO,38,3330004.796,3332668.077,3332824.977,2663.281,2820.181,0.500,1,smart_cloud,cassandra,156.900,overtake+pit_window
2022_Monaco_Grand_Prix|ALB|39|fast,2022_Monaco_Grand_Prix,ALB,39,3420000.509,3420000.509,3420001.275,0.000,0.765,0.000,0,fast_local,redis_cache,0.765,overtake+pit_window
2022_Monaco_Grand_Prix|ALB|39|smart,2022_Monaco_Grand_Prix,ALB,39,3420000.509,3420000.509,3420157.409,0.000,156.900,0.000,0,smart_cloud,cassandra,156.900,overtake+pit_window
2022_Monaco_Grand_Prix|ALO|39|fast,2022_Monaco_Grand_Prix,ALO,39,3420000.926,3420001.275,3420002.040,0.349,1.114,0.350,0,fast_local,redis_cache,0.765,overtake+pit_window
2022_Monaco_Grand_Prix|ALO|39|smart,2022_Monaco_Grand_Prix,ALO,39,3420000.926,3420157.409,3420314.309,156.484,313.384,0.350,0,smart_cloud,cassandra,156.900,overtake+pit_window
2022_Monaco_Grand_Prix|BOT|39|fast,2022_Monaco_Grand_Prix,BOT,39,3420001.416,3420002.040,3420002.805,0.624,1.389,0.000,0,fast_local,redis_cache,0.765,overtake+pit_window
2022_Monaco_Grand_Prix|BOT|39|smart,2022_Monaco_Grand_Prix,BOT,39,3420001.416,3420314.309,3420471.209,312.893,469.793,0.000,0,smart_cloud,cassandra,156.900,overtake+pit_window
2022_Monaco_Grand_Prix|GAS|39|fast,2022_Monaco_Grand_Prix,GAS,39,3420002.165,3420002.805,3420003.570,0.640,1.406,0.150,0,fast_local,redis_cache,0.765,overtake+pit_window
2022_Monaco_Grand_Prix|GAS|39|smart,2022_Monaco_Grand_Prix,GAS,39,3420002.165,3420471.209,3420628.109,469.045,625.945,0.150,0,smart_cloud,cassandra,156.900,overtake+pit_window
2022_Monaco_Grand_Prix|HAM|39|fast,2022_Monaco_Grand_Prix,HAM,39,3420002.192,3420003.570,3420004.336,1.379,2.144,0.150,0,fast_local,redis_cache,0.765,overtake+pit_window
2022_Monaco_Grand_Prix|HAM|39|smart,2022_Monaco_Grand_Prix,HAM,39,3420002.192,3420628.109,3420785.009,625.918,782.818,0.150,0,smart_cloud,cassandra,156.900,overtake+pit_window
2022_Monaco_Grand_Prix|LAT|39|fast,2022_Monaco_Grand_Prix,LAT,39,3420002.381,3420004.336,3420005.101,1.954,2.720,0.150,0,fast_local,redis_cache,0.765,overtake+pit_window
2022_Monaco_Grand_Prix|LAT|39|smart,2022_Monaco_Grand_Prix,LAT,39,3420002.381,3420785.009,3420941.909,782.628,939.528,0.150,0,smart_cloud,cassandra,156.900,overtake+pit_window
2022_Monaco_Grand_Prix|LEC|39|fast,2022_Monaco_Grand_Prix,LEC,39,3420002.564,3420005.101,3420005.866,2.537,3.303,0.050,0,fast_local,redis_cache,0.765,overtake+pit_window
2022_Monaco_Grand_Prix|LEC|39|smart,2022_Monaco_Grand_Prix,LEC,39,3420002.564,3420941.909,3421098.809,939.346,1096.246,0.050,0,smart_cloud,cassandra,156.900,overtake+pit_window
2022_Monaco_Grand_Prix|NOR|39|fast,2022_Monaco_Grand_Prix,NOR,39,3420002.807,3420005.866,3420006.631,3.059,3.824,0.150,0,fast_local,redis_cache,0.765,overtake+pit_window
2022_Monaco_Grand_Prix|NOR|39|smart,2022_Monaco_Grand_Prix,NOR,39,3420002.807,3421098.809,3421255.709,1096.002,1252.902,0.150,0,smart_cloud,cassandra,156.900,overtake+pit_window
2022_Monaco_Grand_Prix|OCO|39|fast,2022_Monaco_Grand_Prix,OCO,39,3420002.811,3420006.631,3420007.397,3.821,4.586,0.000,0,fast_local,redis_cache,0.765,overtake+pit_window
2022_Monaco_Grand_Prix|OCO|39|smart,2022_Monaco_Grand_Prix,OCO,39,3420002.811,3421255.709,3421412.609,1252.899,1409.799,0.000,0,smart_cloud,cassandra,156.900,overtake+pit_window
2022_Monaco_Grand_Prix|PER|39|fast,2022_Monaco_Grand_Prix,PER,39,3420003.265,3420007.397,3420008.162,4.132,4.897,0.150,0,fast_local,redis_cache,0.765,overtake+pit_window
2022_Monaco_Grand_Prix|PER|39|smart,2022_Monaco_Grand_Prix,PER,39,3420003.265,3421412.609,3421569.509,1409.345,1566.245,0.150,0,smart_cloud,cassandra,156.900,overtake+pit_window
2022_Monaco_Grand_Prix|RIC|39|fast,2022_Monaco_Grand_Prix,RIC,39,3420003.373,3420008.162,3420008.927,4.789,5.554,0.500,1,fast_local,redis_cache,0.765,overtake+pit_window
2022_Monaco_Grand_Prix|RIC|39|smart,2022_Monaco_Grand_Prix,RIC,39,3420003.373,3421569.509,3421726.409,1566.136,1723.036,0.500,1,smart_cloud,cassandra,156.900,overtake+pit_window
2022_Monaco_Grand_Prix|RUS|39|fast,2022_Monaco_Grand_Prix,RUS,39,3420003.919,3420008.927,3420009.692,5.008,5.773,0.350,0,fast_local,redis_cache,0.765,overtake+pit_window
2022_Monaco_Grand_Prix|RUS|39|smart,2022_Monaco_Grand_Prix,RUS,39,3420003.919,3421726.409,3421883.309,1722.490,1879.390,0.350,0,smart_cloud,cassandra,156.900,overtake+pit_window
2022_Monaco_Grand_Prix|SAI|39|fast,2022_Monaco_Grand_Prix,SAI,39,3420003.938,3420009.692,3420010.458,5.755,6.520,0.200,0,fast_local,redis_cache,0.765,overtake+pit_window
2022_Monaco_Grand_Prix|SAI|39|smart,2022_Monaco_Grand_Prix,SAI,39,3420003.938,3421883.309,3422040.209,1879.372,2036.272,0.200,0,smart_cloud,cassandra,156.900,overtake+pit_window
2022_Monaco_Grand_Prix|STR|39|fast,2022_Monaco_Grand_Prix,STR,39,3420003.960,3420010.458,3420011.223,6.498,7.263,0.500,1,fast_local,redis_cache,0.765,overtake+pit_window
2022_Monaco_Grand_Prix|STR|39|smart,2022_Monaco_Grand_Prix,STR,39,3420003.960,3422040.209,3422197.109,2036.250,2193.150,0.500,1,smart_cloud,cassandra,156.900,overtake+pit_window
2022_Monaco_Grand_Prix|TSU|39|fast,2022_Monaco_Grand_Prix,TSU,39,3420004.073,3420011.223,3420011.988,7.150,7.915,0.500,1,fast_local,redis_cache,0.765,overtake+pit_window
2022_Monaco_Grand_Prix|TSU|39|smart,2022_Monaco_Grand_Prix,TSU,39,3420004.073,3422197.109,3422354.009,2193.036,2349.936,0.500,1,smart_cloud,cassandra,156.900,overtake+pit_window
2022_Monaco_Grand_Prix|VER|39|fast,2022_Monaco_Grand_Prix,VER,39,3420004.513,3420011.988,3420012.753,7.475,8.241,0.200,0,fast_local,redis_cache,0.765,overtake+pit_window
2022_Monaco_Grand_Prix|VER|39|smart,2022_Monaco_Grand_Prix,VER,39,3420004.513,3422354.009,3422510.909,2349.497,2506.397,0.200,0,smart_cloud,cassandra,156.900,overtake+pit_window
2022_Monaco_Grand_Prix|VET|39|fast,2022_Monaco_Grand_Prix,VET,39,3420004.777,3420012.753,3420013.519,7.977,8.742,0.350,0,fast_local,redis_cache,0.765,overtake+pit_window
2022_Monaco_Grand_Prix|VET|39|smart,2022_Monaco_Grand_Prix,VET,39,3420004.777,3422510.909,3422667.809,2506.133,2663.033,0.350,0,smart_cloud,cassandra,156.900,overtake+pit_window
2022_Monaco_Grand_Prix|ZHO|39|fast,2022_Monaco_Grand_Prix,ZHO,39,3420004.974,3420013.519,3420014.284,8.545,9.310,0.500,1,fast_local,redis_cache,0.765,overtake+pit_window
2022_Monaco_Grand_Prix|ZHO|39|smart,2022_Monaco_Grand_Prix,ZHO,39,3420004.974,3422667.809,3422824.709,2662.836,2819.736,0.500,1,smart_cloud,cassandra,156.900,overtake+pit_window
2022_Monaco_Grand_Prix|ALB|40|fast,2022_Monaco_Grand_Prix,ALB,40,3510000.179,3510000.179,3510000.944,0.000,0.765,0.150,0,fast_local,redis_cache,0.765,overtake+pit_window
2022_Monaco_Grand_Prix|ALB|40|smart,2022_Monaco_Grand_Prix,ALB,40,3510000.179,3510000.179,3510157.079,0.000,156.900,0.150,0,smart_cloud,cassandra,156.900,overtake+pit_window
2022_Monaco_Grand_Prix|ALO|40|fast,2022_Monaco_Grand_Prix,ALO,40,3510000.205,3510000.944,3510001.710,0.739,1.504,0.350,0,fast_local,redis_cache,0.765,overtake+pit_window
2022_Monaco_Grand_Prix|ALO|40|smart,2022_Monaco_Grand_Prix,ALO,40,3510000.205,3510157.079,3510313.979,156.874,313.774,0.350,0,smart_cloud,cassandra,156.900,overtake+pit_window
2022_Monaco_Grand_Prix|BOT|40|fast,2022_Monaco_Grand_Prix,BOT,40,3510000.255,3510001.710,3510002.475,1.455,2.220,0.150,0,fast_local,redis_cache,0.765,overtake+pit_window
2022_Monaco_Grand_Prix|BOT|40|smart,2022_Monaco_Grand_Prix,BOT,40,3510000.255,3510313.979,3510470.879,313.724,470.624,0.150,0,smart_cloud,cassandra,156.900,overtake+pit_window
2022_Monaco_Grand_Prix|GAS|40|fast,2022_Monaco_Grand_Prix,GAS,40,3510000.303,3510002.475,3510003.240,2.172,2.938,0.150,0,fast_local,redis_cache,0.765,overtake+pit_window
2022_Monaco_Grand_Prix|GAS|40|smart,2022_Monaco_Grand_Prix,GAS,40,3510000.303,3510470.879,3510627.779,470.577,627.477,0.150,0,smart_cloud,cassandra,156.900,overtake+pit_window
2022_Monaco_Grand_Prix|HAM|40|fast,2022_Monaco_Grand_Prix,HAM,40,3510000.328,3510003.240,3510004.005,2.913,3.678,0.150,0,fast_local,redis_cache,0.765,overtake+pit_window
2022_Monaco_Grand_Prix|HAM|40|smart,2022_Monaco_Grand_Prix,HAM,40,3510000.328,3510627.779,3510784.679,627.452,784.352,0.150,0,smart_cloud,cassandra,156.900,overtake+pit_window
2022_Monaco_Grand_Prix|LAT|40|fast,2022_Monaco_Grand_Prix,LAT,40,3510000.515,3510004.005,3510004.771,3.490,4.256,0.500,1,fast_local,redis_cache,0.765,overtake+pit_window
2022_Monaco_Grand_Prix|LAT|40|smart,2022_Monaco_Grand_Prix,LAT,40,3510000.515,3510784.679,3510941.579,784.164,941.064,0.500,1,smart_cloud,cassandra,156.900,overtake+pit_window
2022_Monaco_Grand_Prix|LEC|40|fast,2022_Monaco_Grand_Prix,LEC,40,3510000.558,3510004.771,3510005.536,4.213,4.978,0.000,0,fast_local,redis_cache,0.765,overtake+pit_window
2022_Monaco_Grand_Prix|LEC|40|smart,2022_Monaco_Grand_Prix,LEC,40,3510000.558,3510941.579,3511098.479,941.021,1097.921,0.000,0,smart_cloud,cassandra,156.900,overtake+pit_window
2022_Monaco_Grand_Prix|NOR|40|fast,2022_Monaco_Grand_Prix,NOR,40,3510001.035,3510005.536,3510006.301,4.501,5.266,0.150,0,fast_local,redis_cache,0.765,overtake+pit_window
2022_Monaco_Grand_Prix|NOR|40|smart,2022_Monaco_Grand_Prix,NOR,40,3510001.035,3511098.479,3511255.379,1097.444,1254.344,0.150,0,smart_cloud,cassandra,156.900,overtake+pit_window
2022_Monaco_Grand_Prix|OCO|40|fast,2022_Monaco_Grand_Prix,OCO,40,3510001.230,3510006.301,3510007.066,5.071,5.836,0.000,0,fast_local,redis_cache,0.765,overtake+pit_window
2022_Monaco_Grand_Prix|OCO|40|smart,2022_Monaco_Grand_Prix,OCO,40,3510001.230,3511255.379,3511412.279,1254.149,1411.049,0.000,0,smart_cloud,cassandra,156.900,overtake+pit_window
2022_Monaco_Grand_Prix|PER|40|fast,2022_Monaco_Grand_Prix,PER,40,3510001.510,3510007.066,3510007.832,5.556,6.321,0.150,0,fast_local,redis_cache,0.765,overtake+pit_window
2022_Monaco_Grand_Prix|PER|40|smart,2022_Monaco_Grand_Prix,PER,40,3510001.510,3511412.279,3511569.179,1410.769,1567.669,0.150,0,smart_cloud,cassandra,156.900,overtake+pit_window
2022_Monaco_Grand_Prix|RIC|40|fast,2022_Monaco_Grand_Prix,RIC,40,3510001.563,3510007.832,3510008.597,6.269,7.034,0.500,1,fast_local,redis_cache,0.765,overtake+pit_window
2022_Monaco_Grand_Prix|RIC|40|smart,2022_Monaco_Grand_Prix,RIC,40,3510001.563,3511569.179,3511726.079,1567.616,1724.516,0.500,1,smart_cloud,cassandra,156.900,overtake+pit_window
2022_Monaco_Grand_Prix|RUS|40|fast,2022_Monaco_Grand_Prix,RUS,40,3510001.923,3510008.597,3510009.362,6.674,7.440,0.350,0,fast_local,redis_cache,0.765,overtake+pit_window
2022_Monaco_Grand_Prix|RUS|40|smart,2022_Monaco_Grand_Prix,RUS,40,3510001.923,3511726.079,3511882.979,1724.157,1881.057,0.350,0,smart_cloud,cassandra,156.900,overtake+pit_window
2022_Monaco_Grand_Prix|SAI|40|fast,2022_Monaco_Grand_Prix,SAI,40,3510001.971,3510009.362,3510010.127,7.392,8.157,0.200,0,fast_local,redis_cache,0.765,overtake+pit_window
2022_Monaco_Grand_Prix|SAI|40|smart,2022_Monaco_Grand_Prix,SAI,40,3510001.971,3511882.979,3512039.879,1881.009,2037.909,0.200,0,smart_cloud,cassandra,156.900,overtake+pit_window
2022_Monaco_Grand_Prix|STR|40|fast,2022_Monaco_Grand_Prix,STR,40,3510002.083,3510010.127,3510010.893,8.044,8.810,0.500,1,fast_local,redis_cache,0.765,overtake+pit_window
2022_Monaco_Grand_Prix|STR|40|smart,2022_Monaco_Grand_Prix,STR,40,3510002.083,3512039.879,3512196.779,2037.796,2194.696,0.500,1,smart_cloud,cassandra,156.900,overtake+pit_window
2022_Monaco_Grand_Prix|TSU|40|fast,2022_Monaco_Grand_Prix,TSU,40,3510002.276,3510010.893,3510011.658,8.617,9.382,0.500,1,fast_local,redis_cache,0.765,overtake+pit_window
2022_Monaco_Grand_Prix|TSU|40|smart,2022_Monaco_Grand_Prix,TSU,40,3510002.276,3512196.779,3512353.679,2194.504,2351.404,0.500,1,smart_cloud,cassandra,156.900,overtake+pit_window
2022_Monaco_Grand_Prix|VER|40|fast,2022_Monaco_Grand_Prix,VER,40,3510002.580,3510011.658,3510012.423,9.078,9.843,0.050,0,fast_local,redis_cache,0.765,overtake+pit_window
2022_Monaco_Grand_Prix|VER|40|smart,2022_Monaco_Grand_Prix,VER,40,3510002.580,3512353.679,3512510.579,2351.099,2507.999,0.050,0,smart_cloud,cassandra,156.900,overtake+pit_window
2022_Monaco_Grand_Prix|VET|40|fast,2022_Monaco_Grand_Prix,VET,40,3510003.491,3510012.423,3510013.188,8.932,9.698,0.350,0,fast_local,redis_cache,0.765,overtake+pit_window
2022_Monaco_Grand_Prix|VET|40|smart,2022_Monaco_Grand_Prix,VET,40,3510003.491,3512510.579,3512667.479,2507.088,2663.988,0.350,0,smart_cloud,cassandra,156.900,overtake+pit_window
2022_Monaco_Grand_Prix|ZHO|40|fast,2022_Monaco_Grand_Prix,ZHO,40,3510004.799,3510013.188,3510013.954,8.390,9.155,0.500,1,fast_local,redis_cache,0.765,overtake+pit_window
2022_Monaco_Grand_Prix|ZHO|40|smart,2022_Monaco_Grand_Prix,ZHO,40,3510004.799,3512667.479,3512824.379,2662.680,2819.580,0.500,1,smart_cloud,cassandra,156.900,overtake+pit_window
2022_Monaco_Grand_Prix|ALB|41|fast,2022_Monaco_Grand_Prix,ALB,41,3600000.006,3600000.006,3600000.771,0.000,0.765,0.150,0,fast_local,redis_cache,0.765,overtake+pit_window
2022_Monaco_Grand_Prix|ALB|41|smart,2022_Monaco_Grand_Prix,ALB,41,3600000.006,3600000.006,3600156.906,0.000,156.900,0.150,0,smart_cloud,cassandra,156.900,overtake+pit_window
2022_Monaco_Grand_Prix|ALO|41|fast,2022_Monaco_Grand_Prix,ALO,41,3600000.008,3600000.771,3600001.537,0.763,1.528,0.350,0,fast_local,redis_cache,0.765,overtake+pit_window
2022_Monaco_Grand_Prix|ALO|41|smart,2022_Monaco_Grand_Prix,ALO,41,3600000.008,3600156.906,3600313.806,156.898,313.798,0.350,0,smart_cloud,cassandra,156.900,overtake+pit_window
2022_Monaco_Grand_Prix|BOT|41|fast,2022_Monaco_Grand_Prix,BOT,41,3600000.560,3600001.537,3600002.302,0.976,1.742,0.150,0,fast_local,redis_cache,0.765,overtake+pit_window
2022_Monaco_Grand_Prix|BOT|41|smart,2022_Monaco_Grand_Prix,BOT,41,3600000.560,3600313.806,3600470.706,313.246,470.146,0.150,0,smart_cloud,cassandra,156.900,overtake+pit_window
2022_Monaco_Grand_Prix|GAS|41|fast,2022_Monaco_Grand_Prix,GAS,41,3600001.141,3600002.302,3600003.067,1.161,1.926,0.150,0,fast_local,redis_cache,0.765,overtake+pit_window
2022_Monaco_Grand_Prix|GAS|41|smart,2022_Monaco_Grand_Prix,GAS,41,3600001.141,3600470.706,3600627.606,469.565,626.465,0.150,0,smart_cloud,cassandra,156.900,overtake+pit_window
2022_Monaco_Grand_Prix|HAM|41|fast,2022_Monaco_Grand_Prix,HAM,41,3600001.212,3600003.067,3600003.832,1.855,2.620,0.150,0,fast_local,redis_cache,0.765,overtake+pit_window
2022_Monaco_Grand_Prix|HAM|41|smart,2022_Monaco_Grand_Prix,HAM,41,3600001.212,3600627.606,3600784.506,626.394,783.294,0.150,0,smart_cloud,cassandra,156.900,overtake+pit_window
2022_Monaco_Grand_Prix|LAT|41|fast,2022_Monaco_Grand_Prix,LAT,41,3600001.302,3600003.832,3600004.598,2.531,3.296,0.500,1,fast_local,redis_cache,0.765,overtake+pit_window
2022_Monaco_Grand_Prix|LAT|41|smart,2022_Monaco_Grand_Prix,LAT,41,3600001.302,3600784.506,3600941.406,783.204,940.104,0.500,1,smart_cloud,cassandra,156.900,overtake+pit_window
2022_Monaco_Grand_Prix|LEC|41|fast,2022_Monaco_Grand_Prix,LEC,41,3600001.612,3600004.598,3600005.363,2.985,3.750,0.150,0,fast_local,redis_cache,0.765,overtake+pit_window
2022_Monaco_Grand_Prix|LEC|41|smart,2022_Monaco_Grand_Prix,LEC,41,3600001.612,3600941.406,3601098.306,939.794,1096.694,0.150,0,smart_cloud,cassandra,156.900,overtake+pit_window
2022_Monaco_Grand_Prix|NOR|41|fast,2022_Monaco_Grand_Prix,NOR,41,3600001.654,3600005.363,3600006.128,3.709,4.474,0.150,0,fast_local,redis_cache,0.765,overtake+pit_window
2022_Monaco_Grand_Prix|NOR|41|smart,2022_Monaco_Grand_Prix,NOR,41,3600001.654,3601098.306,3601255.206,1096.652,1253.552,0.150,0,smart_cloud,cassandra,156.900,overtake+pit_window
2022_Monaco_Grand_Prix|OCO|41|fast,2022_Monaco_Grand_Prix,OCO,41,3600001.665,3600006.128,3600006.893,4.463,5.228,0.000,0,fast_local,redis_cache,0.765,overtake+pit_window
2022_Monaco_Grand_Prix|OCO|41|smart,2022_Monaco_Grand_Prix,OCO,41,3600001.665,3601255.206,3601412.106,1253.541,1410.441,0.000,0,smart_cloud,cassandra,156.900,overtake+pit_window
2022_Monaco_Grand_Prix|PER|41|fast,2022_Monaco_Grand_Prix,PER,41,3600002.157,3600006.893,3600007.659,4.737,5.502,0.150,0,fast_local,redis_cache,0.765,overtake+pit_window
2022_Monaco_Grand_Prix|PER|41|smart,2022_Monaco_Grand_Prix,PER,41,3600002.157,3601412.106,3601569.006,1409.950,1566.850,0.150,0,smart_cloud,cassandra,156.900,overtake+pit_window
2022_Monaco_Grand_Prix|RIC|41|fast,2022_Monaco_Grand_Prix,RIC,41,3600002.399,3600007.659,3600008.424,5.259,6.025,0.500,1,fast_local,redis_cache,0.765,overtake+pit_window
2022_Monaco_Grand_Prix|RIC|41|smart,2022_Monaco_Grand_Prix,RIC,41,3600002.399,3601569.006,3601725.906,1566.607,1723.507,0.500,1,smart_cloud,cassandra,156.900,overtake+pit_window
2022_Monaco_Grand_Prix|RUS|41|fast,2022_Monaco_Grand_Prix,RUS,41,3600002.448,3600008.424,3600009.189,5.976,6.742,0.350,0,fast_local,redis_cache,0.765,overtake+pit_window
2022_Monaco_Grand_Prix|RUS|41|smart,2022_Monaco_Grand_Prix,RUS,41,3600002.448,3601725.906,3601882.806,1723.459,1880.359,0.350,0,smart_cloud,cassandra,156.900,overtake+pit_window
2022_Monaco_Grand_Prix|SAI|41|fast,2022_Monaco_Grand_Prix,SAI,41,3600002.541,3600009.189,3600009.954,6.648,7.414,0.550,1,fast_local,redis_cache,0.765,overtake+pit_window
2022_Monaco_Grand_Prix|STR|41|fast,2022_Monaco_Grand_Prix,STR,41,3600003.416,3600009.954,3600010.720,6.538,7.303,0.500,1,fast_local,redis_cache,0.765,overtake+pit_window
2022_Monaco_Grand_Prix|STR|41|smart,2022_Monaco_Grand_Prix,STR,41,3600003.416,3601882.806,3602039.706,1879.390,2036.290,0.500,1,smart_cloud,cassandra,156.900,overtake+pit_window
2022_Monaco_Grand_Prix|TSU|41|fast,2022_Monaco_Grand_Prix,TSU,41,3600003.903,3600010.720,3600011.485,6.817,7.582,0.500,1,fast_local,redis_cache,0.765,overtake+pit_window
2022_Monaco_Grand_Prix|TSU|41|smart,2022_Monaco_Grand_Prix,TSU,41,3600003.903,3602039.706,3602196.606,2035.803,2192.703,0.500,1,smart_cloud,cassandra,156.900,overtake+pit_window
2022_Monaco_Grand_Prix|VER|41|fast,2022_Monaco_Grand_Prix,VER,41,3600004.206,3600011.485,3600012.250,7.279,8.044,0.150,0,fast_local,redis_cache,0.765,overtake+pit_window
2022_Monaco_Grand_Prix|VER|41|smart,2022_Monaco_Grand_Prix,VER,41,3600004.206,3602196.606,3602353.506,2192.400,2349.300,0.150,0,smart_cloud,cassandra,156.900,overtake+pit_window
2022_Monaco_Grand_Prix|VET|41|fast,2022_Monaco_Grand_Prix,VET,41,3600004.314,3600012.250,3600013.015,7.936,8.702,0.350,0,fast_local,redis_cache,0.765,overtake+pit_window
2022_Monaco_Grand_Prix|VET|41|smart,2022_Monaco_Grand_Prix,VET,41,3600004.314,3602353.506,3602510.406,2349.192,2506.092,0.350,0,smart_cloud,cassandra,156.900,overtake+pit_window
2022_Monaco_Grand_Prix|ZHO|41|fast,2022_Monaco_Grand_Prix,ZHO,41,3600004.652,3600013.015,3600013.781,8.364,9.129,0.500,1,fast_local,redis_cache,0.765,overtake+pit_window
2022_Monaco_Grand_Prix|ZHO|41|smart,2022_Monaco_Grand_Prix,ZHO,41,3600004.652,3602510.406,3602667.306,2505.754,2662.654,0.500,1,smart_cloud,cassandra,156.900,overtake+pit_window
2022_Monaco_Grand_Prix|ALB|42|fast,2022_Monaco_Grand_Prix,ALB,42,3690000.024,3690000.024,3690000.789,0.000,0.765,0.300,0,fast_local,redis_cache,0.765,overtake+pit_window
2022_Monaco_Grand_Prix|ALB|42|smart,2022_Monaco_Grand_Prix,ALB,42,3690000.024,3690000.024,3690156.924,0.000,156.900,0.300,0,smart_cloud,cassandra,156.900,overtake+pit_window
2022_Monaco_Grand_Prix|ALO|42|fast,2022_Monaco_Grand_Prix,ALO,42,3690000.046,3690000.789,3690001.554,0.743,1.508,0.350,0,fast_local,redis_cache,0.765,overtake+pit_window
2022_Monaco_Grand_Prix|ALO|42|smart,2022_Monaco_Grand_Prix,ALO,42,3690000.046,3690156.924,3690313.824,156.877,313.777,0.350,0,smart_cloud,cassandra,156.900,overtake+pit_window
2022_Monaco_Grand_Prix|BOT|42|fast,2022_Monaco_Grand_Prix,BOT,42,3690000.156,3690001.554,3690002.319,1.398,2.163,0.150,0,fast_local,redis_cache,0.765,overtake+pit_window
2022_Monaco_Grand_Prix|BOT|42|smart,2022_Monaco_Grand_Prix,BOT,42,3690000.156,3690313.824,3690470.724,313.667,470.567,0.150,0,smart_cloud,cassandra,156.900,overtake+pit_window
2022_Monaco_Grand_Prix|GAS|42|fast,2022_Monaco_Grand_Prix,GAS,42,3690000.237,3690002.319,3690003.085,2.083,2.848,0.300,0,fast_local,redis_cache,0.765,overtake+pit_window
2022_Monaco_Grand_Prix|GAS|42|smart,2022_Monaco_Grand_Prix,GAS,42,3690000.237,3690470.724,3690627.624,470.487,627.387,0.300,0,smart_cloud,cassandra,156.900,overtake+pit_window
2022_Monaco_Grand_Prix|HAM|42|fast,2022_Monaco_Grand_Prix,HAM,42,3690000.243,3690003.085,3690003.850,2.842,3.607,0.150,0,fast_local,redis_cache,0.765,overtake+pit_window
2022_Monaco_Grand_Prix|HAM|42|smart,2022_Monaco_Grand_Prix,HAM,42,3690000.243,3690627.624,3690784.524,627.381,784.281,0.150,0,smart_cloud,cassandra,156.900,overtake+pit_window
2022_Monaco_Grand_Prix|LAT|42|fast,2022_Monaco_Grand_Prix,LAT,42,3690000.553,3690003.850,3690004.615,3.297,4.062,0.500,1,fast_local,redis_cache,0.765,overtake+pit_window
2022_Monaco_Grand_Prix|LAT|42|smart,2022_Monaco_Grand_Prix,LAT,42,3690000.553,3690784.524,3690941.424,783.971,940.871,0.500,1,smart_cloud,cassandra,156.900,overtake+pit_window
2022_Monaco_Grand_Prix|LEC|42|fast,2022_Monaco_Grand_Prix,LEC,42,3690000.691,3690004.615,3690005.380,3.924,4.689,0.150,0,fast_local,redis_cache,0.765,overtake+pit_window
2022_Monaco_Grand_Prix|LEC|42|smart,2022_Monaco_Grand_Prix,LEC,42,3690000.691,3690941.424,3691098.324,940.733,1097.633,0.150,0,smart_cloud,cassandra,156.900,overtake+pit_window
2022_Monaco_Grand_Prix|NOR|42|fast,2022_Monaco_Grand_Prix,NOR,42,3690000.752,3690005.380,3690006.146,4.628,5.393,0.300,0,fast_local,redis_cache,0.765,overtake+pit_window
2022_Monaco_Grand_Prix|NOR|42|smart,2022_Monaco_Grand_Prix,NOR,42,3690000.752,3691098.324,3691255.224,1097.571,1254.471,0.300,0,smart_cloud,cassandra,156.900,overtake+pit_window
2022_Monaco_Grand_Prix|OCO|42|fast,2022_Monaco_Grand_Prix,OCO,42,3690000.942,3690006.146,3690006.911,5.204,5.969,0.000,0,fast_local,redis_cache,0.765,overtake+pit_window
2022_Monaco_Grand_Prix|OCO|42|smart,2022_Monaco_Grand_Prix,OCO,42,3690000.942,3691255.224,3691412.124,1254.282,1411.182,0.000,0,smart_cloud,cassandra,156.900,overtake+pit_window
2022_Monaco_Grand_Prix|PER|42|fast,2022_Monaco_Grand_Prix,PER,42,3690001.208,3690006.911,3690007.676,5.703,6.468,0.000,0,fast_local,redis_cache,0.765,overtake+pit_window
2022_Monaco_Grand_Prix|PER|42|smart,2022_Monaco_Grand_Prix,PER,42,3690001.208,3691412.124,3691569.024,1410.916,1567.816,0.000,0,smart_cloud,cassandra,156.900,overtake+pit_window
2022_Monaco_Grand_Prix|RIC|42|fast,2022_Monaco_Grand_Prix,RIC,42,3690002.304,3690007.676,3690008.441,5.372,6.138,0.500,1,fast_local,redis_cache,0.765,overtake+pit_window
2022_Monaco_Grand_Prix|RIC|42|smart,2022_Monaco_Grand_Prix,RIC,42,3690002.304,3691569.024,3691725.924,1566.720,1723.620,0.500,1,smart_cloud,cassandra,156.900,overtake+pit_window
2022_Monaco_Grand_Prix|RUS|42|fast,2022_Monaco_Grand_Prix,RUS,42,3690002.846,3690008.441,3690009.207,5.595,6.361,0.350,0,fast_local,redis_cache,0.765,overtake+pit_window
2022_Monaco_Grand_Prix|RUS|42|smart,2022_Monaco_Grand_Prix,RUS,42,3690002.846,3691725.924,3691882.824,1723.078,1879.978,0.350,0,smart_cloud,cassandra,156.900,overtake+pit_window
2022_Monaco_Grand_Prix|SAI|42|fast,2022_Monaco_Grand_Prix,SAI,42,3690002.951,3690009.207,3690009.972,6.256,7.021,0.300,0,fast_local,redis_cache,0.765,overtake+pit_window
2022_Monaco_Grand_Prix|SAI|42|smart,2022_Monaco_Grand_Prix,SAI,42,3690002.951,3691882.824,3692039.724,1879.873,2036.773,0.300,0,smart_cloud,cassandra,156.900,overtake+pit_window
2022_Monaco_Grand_Prix|STR|42|fast,2022_Monaco_Grand_Prix,STR,42,3690003.101,3690009.972,3690010.737,6.871,7.636,0.500,1,fast_local,redis_cache,0.765,overtake+pit_window
2022_Monaco_Grand_Prix|STR|42|smart,2022_Monaco_Grand_Prix,STR,42,3690003.101,3692039.724,3692196.624,2036.623,2193.523,0.500,1,smart_cloud,cassandra,156.900,overtake+pit_window
2022_Monaco_Grand_Prix|TSU|42|fast,2022_Monaco_Grand_Prix,TSU,42,3690003.558,3690010.737,3690011.502,7.179,7.945,0.300,0,fast_local,redis_cache,0.765,overtake+pit_window
2022_Monaco_Grand_Prix|TSU|42|smart,2022_Monaco_Grand_Prix,TSU,42,3690003.558,3692196.624,3692353.524,2193.066,2349.966,0.300,0,smart_cloud,cassandra,156.900,overtake+pit_window
2022_Monaco_Grand_Prix|VER|42|fast,2022_Monaco_Grand_Prix,VER,42,3690004.247,3690011.502,3690012.268,7.255,8.021,0.050,0,fast_local,redis_cache,0.765,overtake+pit_window
2022_Monaco_Grand_Prix|VER|42|smart,2022_Monaco_Grand_Prix,VER,42,3690004.247,3692353.524,3692510.424,2349.277,2506.177,0.050,0,smart_cloud,cassandra,156.900,overtake+pit_window
2022_Monaco_Grand_Prix|VET|42|fast,2022_Monaco_Grand_Prix,VET,42,3690004.267,3690012.268,3690013.033,8.001,8.766,0.500,1,fast_local,redis_cache,0.765,overtake+pit_window
2022_Monaco_Grand_Prix|VET|42|smart,2022_Monaco_Grand_Prix,VET,42,3690004.267,3692510.424,3692667.324,2506.157,2663.057,0.500,1,smart_cloud,cassandra,156.900,overtake+pit_window
2022_Monaco_Grand_Prix|ZHO|42|fast,2022_Monaco_Grand_Prix,ZHO,42,3690004.594,3690013.033,3690013.798,8.439,9.204,0.400,0,fast_local,redis_cache,0.765,overtake+pit_window
2022_Monaco_Grand_Prix|ZHO|42|smart,2022_Monaco_Grand_Prix,ZHO,42,3690004.594,3692667.324,3692824.224,2662.730,2819.630,0.400,0,smart_cloud,cassandra,156.900,overtake+pit_window
2022_Monaco_Grand_Prix|ALB|43|fast,2022_Monaco_Grand_Prix,ALB,43,3780000.391,3780000.391,3780001.156,0.000,0.765,0.300,0,fast_local,redis_cache,0.765,overtake+pit_window
2022_Monaco_Grand_Prix|ALB|43|smart,2022_Monaco_Grand_Prix,ALB,43,3780000.391,3780000.391,3780157.291,0.000,156.900,0.300,0,smart_cloud,cassandra,156.900,overtake+pit_window
2022_Monaco_Grand_Prix|ALO|43|fast,2022_Monaco_Grand_Prix,ALO,43,3780000.814,3780001.156,3780001.921,0.342,1.107,0.350,0,fast_local,redis_cache,0.765,overtake+pit_window
2022_Monaco_Grand_Prix|ALO|43|smart,2022_Monaco_Grand_Prix,ALO,43,3780000.814,3780157.291,3780314.191,156.477,313.377,0.350,0,smart_cloud,cassandra,156.900,overtake+pit_window
2022_Monaco_Grand_Prix|BOT|43|fast,2022_Monaco_Grand_Prix,BOT,43,3780001.082,3780001.921,3780002.686,0.839,1.605,0.150,0,fast_local,redis_cache,0.765,overtake+pit_window
2022_Monaco_Grand_Prix|BOT|43|smart,2022_Monaco_Grand_Prix,BOT,43,3780001.082,3780314.191,3780471.091,313.109,470.009,0.150,0,smart_cloud,cassandra,156.900,overtake+pit_window
2022_Monaco_Grand_Prix|GAS|43|fast,2022_Monaco_Grand_Prix,GAS,43,3780001.271,3780002.686,3780003.452,1.415,2.180,0.300,0,fast_local,redis_cache,0.765,overtake+pit_window
2022_Monaco_Grand_Prix|GAS|43|smart,2022_Monaco_Grand_Prix,GAS,43,3780001.271,3780471.091,3780627.991,469.819,626.719,0.300,0,smart_cloud,cassandra,156.900,overtake+pit_window
2022_Monaco_Grand_Prix|HAM|43|fast,2022_Monaco_Grand_Prix,HAM,43,3780001.588,3780003.452,3780004.217,1.863,2.629,0.150,0,fast_local,redis_cache,0.765,overtake+pit_window
2022_Monaco_Grand_Prix|HAM|43|smart,2022_Monaco_Grand_Prix,HAM,43,3780001.588,3780627.991,3780784.891,626.402,783.302,0.150,0,smart_cloud,cassandra,156.900,overtake+pit_window
2022_Monaco_Grand_Prix|LAT|43|fast,2022_Monaco_Grand_Prix,LAT,43,3780001.592,3780004.217,3780004.982,2.625,3.390,0.500,1,fast_local,redis_cache,0.765,overtake+pit_window
2022_Monaco_Grand_Prix|LAT|43|smart,2022_Monaco_Grand_Prix,LAT,43,3780001.592,3780784.891,3780941.791,783.299,940.199,0.500,1,smart_cloud,cassandra,156.900,overtake+pit_window
2022_Monaco_Grand_Prix|LEC|43|fast,2022_Monaco_Grand_Prix,LEC,43,3780001.808,3780004.982,3780005.747,3.174,3.940,0.150,0,fast_local,redis_cache,0.765,overtake+pit_window
2022_Monaco_Grand_Prix|LEC|43|smart,2022_Monaco_Grand_Prix,LEC,43,3780001.808,3780941.791,3781098.691,939.983,1096.883,0.150,0,smart_cloud,cassandra,156.900,overtake+pit_window
2022_Monaco_Grand_Prix|NOR|43|fast,2022_Monaco_Grand_Prix,NOR,43,3780002.070,3780005.747,3780006.513,3.677,4.442,0.300,0,fast_local,redis_cache,0.765,overtake+pit_window
2022_Monaco_Grand_Prix|NOR|43|smart,2022_Monaco_Grand_Prix,NOR,43,3780002.070,3781098.691,3781255.591,1096.620,1253.520,0.300,0,smart_cloud,cassandra,156.900,overtake+pit_window
2022_Monaco_Grand_Prix|OCO|43|fast,2022_Monaco_Grand_Prix,OCO,43,3780002.272,3780006.513,3780007.278,4.240,5.006,0.000,0,fast_local,redis_cache,0.765,overtake+pit_window
2022_Monaco_Grand_Prix|OCO|43|smart,2022_Monaco_Grand_Prix,OCO,43,3780002.272,3781255.591,3781412.491,1253.318,1410.218,0.000,0,smart_cloud,cassandra,156.900,overtake+pit_window
2022_Monaco_Grand_Prix|PER|43|fast,2022_Monaco_Grand_Prix,PER,43,3780003.004,3780007.278,3780008.043,4.274,5.039,0.000,0,fast_local,redis_cache,0.765,overtake+pit_window
2022_Monaco_Grand_Prix|PER|43|smart,2022_Monaco_Grand_Prix,PER,43,3780003.004,3781412.491,3781569.391,1409.487,1566.387,0.000,0,smart_cloud,cassandra,156.900,overtake+pit_window
2022_Monaco_Grand_Prix|RIC|43|fast,2022_Monaco_Grand_Prix,RIC,43,3780003.017,3780008.043,3780008.808,5.026,5.791,0.500,1,fast_local,redis_cache,0.765,overtake+pit_window
2022_Monaco_Grand_Prix|RIC|43|smart,2022_Monaco_Grand_Prix,RIC,43,3780003.017,3781569.391,3781726.291,1566.373,1723.273,0.500,1,smart_cloud,cassandra,156.900,overtake+pit_window
2022_Monaco_Grand_Prix|RUS|43|fast,2022_Monaco_Grand_Prix,RUS,43,3780003.096,3780008.808,3780009.574,5.713,6.478,0.350,0,fast_local,redis_cache,0.765,overtake+pit_window
2022_Monaco_Grand_Prix|RUS|43|smart,2022_Monaco_Grand_Prix,RUS,43,3780003.096,3781726.291,3781883.191,1723.195,1880.095,0.350,0,smart_cloud,cassandra,156.900,overtake+pit_window
2022_Monaco_Grand_Prix|SAI|43|fast,2022_Monaco_Grand_Prix,SAI,43,3780003.865,3780009.574,3780010.339,5.709,6.474,0.300,0,fast_local,redis_cache,0.765,overtake+pit_window
2022_Monaco_Grand_Prix|SAI|43|smart,2022_Monaco_Grand_Prix,SAI,43,3780003.865,3781883.191,3782040.091,1879.326,2036.226,0.300,0,smart_cloud,cassandra,156.900,overtake+pit_window
2022_Monaco_Grand_Prix|STR|43|fast,2022_Monaco_Grand_Prix,STR,43,3780003.996,3780010.339,3780011.104,6.343,7.108,0.650,1,fast_local,redis_cache,0.765,overtake+pit_window
2022_Monaco_Grand_Prix|TSU|43|fast,2022_Monaco_Grand_Prix,TSU,43,3780004.066,3780011.104,3780011.869,7.038,7.804,0.500,1,fast_local,redis_cache,0.765,overtake+pit_window
2022_Monaco_Grand_Prix|TSU|43|smart,2022_Monaco_Grand_Prix,TSU,43,3780004.066,3782040.091,3782196.991,2036.025,2192.925,0.500,1,smart_cloud,cassandra,156.900,overtake+pit_window
2022_Monaco_Grand_Prix|VER|43|fast,2022_Monaco_Grand_Prix,VER,43,3780004.277,3780011.869,3780012.635,7.592,8.357,0.050,0,fast_local,redis_cache,0.765,overtake+pit_window
2022_Monaco_Grand_Prix|VER|43|smart,2022_Monaco_Grand_Prix,VER,43,3780004.277,3782196.991,3782353.891,2192.713,2349.613,0.050,0,smart_cloud,cassandra,156.900,overtake+pit_window
2022_Monaco_Grand_Prix|VET|43|fast,2022_Monaco_Grand_Prix,VET,43,3780004.594,3780012.635,3780013.400,8.041,8.806,0.500,1,fast_local,redis_cache,0.765,overtake+pit_window
2022_Monaco_Grand_Prix|VET|43|smart,2022_Monaco_Grand_Prix,VET,43,3780004.594,3782353.891,3782510.791,2349.297,2506.197,0.500,1,smart_cloud,cassandra,156.900,overtake+pit_window
2022_Monaco_Grand_Prix|ZHO|43|fast,2022_Monaco_Grand_Prix,ZHO,43,3780004.923,3780013.400,3780014.165,8.477,9.242,0.500,1,fast_local,redis_cache,0.765,overtake+pit_window
2022_Monaco_Grand_Prix|ZHO|43|smart,2022_Monaco_Grand_Prix,ZHO,43,3780004.923,3782510.791,3782667.691,2505.867,2662.767,0.500,1,smart_cloud,cassandra,156.900,overtake+pit_window
2022_Monaco_Grand_Prix|ALB|44|fast,2022_Monaco_Grand_Prix,ALB,44,3870000.020,3870000.020,3870000.785,0.000,0.765,0.300,0,fast_local,redis_cache,0.765,overtake+pit_window
2022_Monaco_Grand_Prix|ALB|44|smart,2022_Monaco_Grand_Prix,ALB,44,3870000.020,3870000.020,3870156.920,0.000,156.900,0.300,0,smart_cloud,cassandra,156.900,overtake+pit_window
2022_Monaco_Grand_Prix|ALO|44|fast,2022_Monaco_Grand_Prix,ALO,44,3870000.083,3870000.785,3870001.551,0.702,1.468,0.350,0,fast_local,redis_cache,0.765,overtake+pit_window
2022_Monaco_Grand_Prix|ALO|44|smart,2022_Monaco_Grand_Prix,ALO,44,3870000.083,3870156.920,3870313.820,156.837,313.737,0.350,0,smart_cloud,cassandra,156.900,overtake+pit_window
2022_Monaco_Grand_Prix|BOT|44|fast,2022_Monaco_Grand_Prix,BOT,44,3870000.095,3870001.551,3870002.316,1.455,2.221,0.150,0,fast_local,redis_cache,0.765,overtake+pit_window
2022_Monaco_Grand_Prix|BOT|44|smart,2022_Monaco_Grand_Prix,BOT,44,3870000.095,3870313.820,3870470.720,313.725,470.625,0.150,0,smart_cloud,cassandra,156.900,overtake+pit_window
2022_Monaco_Grand_Prix|GAS|44|fast,2022_Monaco_Grand_Prix,GAS,44,3870000.149,3870002.316,3870003.081,2.167,2.932,0.300,0,fast_local,redis_cache,0.765,overtake+pit_window
2022_Monaco_Grand_Prix|GAS|44|smart,2022_Monaco_Grand_Prix,GAS,44,3870000.149,3870470.720,3870627.620,470.571,627.471,0.300,0,smart_cloud,cassandra,156.900,overtake+pit_window
2022_Monaco_Grand_Prix|HAM|44|fast,2022_Monaco_Grand_Prix,HAM,44,3870000.630,3870003.081,3870003.846,2.451,3.216,0.150,0,fast_local,redis_cache,0.765,overtake+pit_window
2022_Monaco_Grand_Prix|HAM|44|smart,2022_Monaco_Grand_Prix,HAM,44,3870000.630,3870627.620,3870784.520,626.990,783.890,0.150,0,smart_cloud,cassandra,156.900,overtake+pit_window
2022_Monaco_Grand_Prix|LAT|44|fast,2022_Monaco_Grand_Prix,LAT,44,3870000.719,3870003.846,3870004.612,3.128,3.893,0.500,1,fast_local,redis_cache,0.765,overtake+pit_window
2022_Monaco_Grand_Prix|LAT|44|smart,2022_Monaco_Grand_Prix,LAT,44,3870000.719,3870784.520,3870941.420,783.801,940.701,0.500,1,smart_cloud,cassandra,156.900,overtake+pit_window
2022_Monaco_Grand_Prix|LEC|44|fast,2022_Monaco_Grand_Prix,LEC,44,3870000.827,3870004.612,3870005.377,3.784,4.549,0.150,0,fast_local,redis_cache,0.765,overtake+pit_window
2022_Monaco_Grand_Prix|LEC|44|smart,2022_Monaco_Grand_Prix,LEC,44,3870000.827,3870941.420,3871098.320,940.593,1097.493,0.150,0,smart_cloud,cassandra,156.900,overtake+pit_window
2022_Monaco_Grand_Prix|NOR|44|fast,2022_Monaco_Grand_Prix,NOR,44,3870000.865,3870005.377,3870006.142,4.512,5.277,0.300,0,fast_local,redis_cache,0.765,overtake+pit_window
2022_Monaco_Grand_Prix|NOR|44|smart,2022_Monaco_Grand_Prix,NOR,44,3870000.865,3871098.320,3871255.220,1097.455,1254.355,0.300,0,smart_cloud,cassandra,156.900,overtake+pit_window
2022_Monaco_Grand_Prix|OCO|44|fast,2022_Monaco_Grand_Prix,OCO,44,3870001.586,3870006.142,3870006.907,4.556,5.322,0.000,0,fast_local,redis_cache,0.765,overtake+pit_window
2022_Monaco_Grand_Prix|OCO|44|smart,2022_Monaco_Grand_Prix,OCO,44,3870001.586,3871255.220,3871412.120,1253.634,1410.534,0.000,0,smart_cloud,cassandra,156.900,overtake+pit_window
2022_Monaco_Grand_Prix|PER|44|fast,2022_Monaco_Grand_Prix,PER,44,3870001.732,3870006.907,3870007.673,5.175,5.940,0.000,0,fast_local,redis_cache,0.765,overtake+pit_window
2022_Monaco_Grand_Prix|PER|44|smart,2022_Monaco_Grand_Prix,PER,44,3870001.732,3871412.120,3871569.020,1410.388,1567.288,0.000,0,smart_cloud,cassandra,156.900,overtake+pit_window
2022_Monaco_Grand_Prix|RIC|44|fast,2022_Monaco_Grand_Prix,RIC,44,3870002.536,3870007.673,3870008.438,5.136,5.901,0.500,1,fast_local,redis_cache,0.765,overtake+pit_window
2022_Monaco_Grand_Prix|RIC|44|smart,2022_Monaco_Grand_Prix,RIC,44,3870002.536,3871569.020,3871725.920,1566.484,1723.384,0.500,1,smart_cloud,cassandra,156.900,overtake+pit_window
2022_Monaco_Grand_Prix|RUS|44|fast,2022_Monaco_Grand_Prix,RUS,44,3870002.969,3870008.438,3870009.203,5.469,6.234,0.350,0,fast_local,redis_cache,0.765,overtake+pit_window
2022_Monaco_Grand_Prix|RUS|44|smart,2022_Monaco_Grand_Prix,RUS,44,3870002.969,3871725.920,3871882.820,1722.951,1879.851,0.350,0,smart_cloud,cassandra,156.900,overtake+pit_window
2022_Monaco_Grand_Prix|SAI|44|fast,2022_Monaco_Grand_Prix,SAI,44,3870003.465,3870009.203,3870009.968,5.738,6.503,0.150,0,fast_local,redis_cache,0.765,overtake+pit_window
2022_Monaco_Grand_Prix|SAI|44|smart,2022_Monaco_Grand_Prix,SAI,44,3870003.465,3871882.820,3872039.720,1879.355,2036.255,0.150,0,smart_cloud,cassandra,156.900,overtake+pit_window
2022_Monaco_Grand_Prix|STR|44|fast,2022_Monaco_Grand_Prix,STR,44,3870003.540,3870009.968,3870010.734,6.428,7.193,0.650,1,fast_local,redis_cache,0.765,overtake+pit_window
2022_Monaco_Grand_Prix|TSU|44|fast,2022_Monaco_Grand_Prix,TSU,44,3870003.626,3870010.734,3870011.499,7.108,7.873,0.500,1,fast_local,redis_cache,0.765,overtake+pit_window
2022_Monaco_Grand_Prix|TSU|44|smart,2022_Monaco_Grand_Prix,TSU,44,3870003.626,3872039.720,3872196.620,2036.094,2192.994,0.500,1,smart_cloud,cassandra,156.900,overtake+pit_window
2022_Monaco_Grand_Prix|VER|44|fast,2022_Monaco_Grand_Prix,VER,44,3870003.693,3870011.499,3870012.264,7.806,8.571,0.000,0,fast_local,redis_cache,0.765,overtake+pit_window
2022_Monaco_Grand_Prix|VER|44|smart,2022_Monaco_Grand_Prix,VER,44,3870003.693,3872196.620,3872353.520,2192.927,2349.827,0.000,0,smart_cloud,cassandra,156.900,overtake+pit_window
2022_Monaco_Grand_Prix|VET|44|fast,2022_Monaco_Grand_Prix,VET,44,3870004.450,3870012.264,3870013.029,7.814,8.579,0.500,1,fast_local,redis_cache,0.765,overtake+pit_window
2022_Monaco_Grand_Prix|VET|44|smart,2022_Monaco_Grand_Prix,VET,44,3870004.450,3872353.520,3872510.420,2349.070,2505.970,0.500,1,smart_cloud,cassandra,156.900,overtake+pit_window
2022_Monaco_Grand_Prix|ZHO|44|fast,2022_Monaco_Grand_Prix,ZHO,44,3870004.959,3870013.029,3870013.795,8.070,8.836,0.500,1,fast_local,redis_cache,0.765,overtake+pit_window
2022_Monaco_Grand_Prix|ZHO|44|smart,2022_Monaco_Grand_Prix,ZHO,44,3870004.959,3872510.420,3872667.320,2505.461,2662.361,0.500,1,smart_cloud,cassandra,156.900,overtake+pit_window
2022_Monaco_Grand_Prix|ALB|45|fast,2022_Monaco_Grand_Prix,ALB,45,3960000.091,3960000.091,3960000.856,0.000,0.765,0.300,0,fast_local,redis_cache,0.765,overtake+pit_window
2022_Monaco_Grand_Prix|ALB|45|smart,2022_Monaco_Grand_Prix,ALB,45,3960000.091,3960000.091,3960156.991,0.000,156.900,0.300,0,smart_cloud,cassandra,156.900,overtake+pit_window
2022_Monaco_Grand_Prix|ALO|45|fast,2022_Monaco_Grand_Prix,ALO,45,3960000.253,3960000.856,3960001.621,0.603,1.369,0.350,0,fast_local,redis_cache,0.765,overtake+pit_window
2022_Monaco_Grand_Prix|ALO|45|smart,2022_Monaco_Grand_Prix,ALO,45,3960000.253,3960156.991,3960313.891,156.738,313.638,0.350,0,smart_cloud,cassandra,156.900,overtake+pit_window
2022_Monaco_Grand_Prix|BOT|45|fast,2022_Monaco_Grand_Prix,BOT,45,3960000.635,3960001.621,3960002.387,0.987,1.752,0.150,0,fast_local,redis_cache,0.765,overtake+pit_window
2022_Monaco_Grand_Prix|BOT|45|smart,2022_Monaco_Grand_Prix,BOT,45,3960000.635,3960313.891,3960470.791,313.256,470.156,0.150,0,smart_cloud,cassandra,156.900,overtake+pit_window
2022_Monaco_Grand_Prix|GAS|45|fast,2022_Monaco_Grand_Prix,GAS,45,3960001.156,3960002.387,3960003.152,1.230,1.995,0.300,0,fast_local,redis_cache,0.765,overtake+pit_window
2022_Monaco_Grand_Prix|GAS|45|smart,2022_Monaco_Grand_Prix,GAS,45,3960001.156,3960470.791,3960627.691,469.634,626.534,0.300,0,smart_cloud,cassandra,156.900,overtake+pit_window
2022_Monaco_Grand_Prix|HAM|45|fast,2022_Monaco_Grand_Prix,HAM,45,3960001.268,3960003.152,3960003.917,1.883,2.649,0.150,0,fast_local,redis_cache,0.765,overtake+pit_window
2022_Monaco_Grand_Prix|HAM|45|smart,2022_Monaco_Grand_Prix,HAM,45,3960001.268,3960627.691,3960784.591,626.422,783.322,0.150,0,smart_cloud,cassandra,156.900,overtake+pit_window
2022_Monaco_Grand_Prix|LAT|45|fast,2022_Monaco_Grand_Prix,LAT,45,3960001.366,3960003.917,3960004.682,2.551,3.316,0.500,1,fast_local,redis_cache,0.765,overtake+pit_window
2022_Monaco_Grand_Prix|LAT|45|smart,2022_Monaco_Grand_Prix,LAT,45,3960001.366,3960784.591,3960941.491,783.225,940.125,0.500,1,smart_cloud,cassandra,156.900,overtake+pit_window
2022_Monaco_Grand_Prix|LEC|45|fast,2022_Monaco_Grand_Prix,LEC,45,3960001.474,3960004.682,3960005.448,3.209,3.974,0.200,0,fast_local,redis_cache,0.765,overtake+pit_window
2022_Monaco_Grand_Prix|LEC|45|smart,2022_Monaco_Grand_Prix,LEC,45,3960001.474,3960941.491,3961098.391,940.017,1096.917,0.200,0,smart_cloud,cassandra,156.900,overtake+pit_window
2022_Monaco_Grand_Prix|NOR|45|fast,2022_Monaco_Grand_Prix,NOR,45,3960002.681,3960005.448,3960006.213,2.767,3.532,0.300,0,fast_local,redis_cache,0.765,overtake+pit_window
2022_Monaco_Grand_Prix|NOR|45|smart,2022_Monaco_Grand_Prix,NOR,45,3960002.681,3961098.391,3961255.291,1095.710,1252.610,0.300,0,smart_cloud,cassandra,156.900,overtake+pit_window
2022_Monaco_Grand_Prix|OCO|45|fast,2022_Monaco_Grand_Prix,OCO,45,3960002.923,3960006.213,3960006.978,3.290,4.055,0.000,0,fast_local,redis_cache,0.765,overtake+pit_window
2022_Monaco_Grand_Prix|OCO|45|smart,2022_Monaco_Grand_Prix,OCO,45,3960002.923,3961255.291,3961412.191,1252.368,1409.268,0.000,0,smart_cloud,cassandra,156.900,overtake+pit_window
2022_Monaco_Grand_Prix|PER|45|fast,2022_Monaco_Grand_Prix,PER,45,3960002.973,3960006.978,3960007.743,4.005,4.770,0.000,0,fast_local,redis_cache,0.765,overtake+pit_window
2022_Monaco_Grand_Prix|PER|45|smart,2022_Monaco_Grand_Prix,PER,45,3960002.973,3961412.191,3961569.091,1409.218,1566.118,0.000,0,smart_cloud,cassandra,156.900,overtake+pit_window
2022_Monaco_Grand_Prix|RIC|45|fast,2022_Monaco_Grand_Prix,RIC,45,3960002.979,3960007.743,3960008.509,4.765,5.530,0.500,1,fast_local,redis_cache,0.765,overtake+pit_window
2022_Monaco_Grand_Prix|RIC|45|smart,2022_Monaco_Grand_Prix,RIC,45,3960002.979,3961569.091,3961725.991,1566.112,1723.012,0.500,1,smart_cloud,cassandra,156.900,overtake+pit_window
2022_Monaco_Grand_Prix|RUS|45|fast,2022_Monaco_Grand_Prix,RUS,45,3960003.109,3960008.509,3960009.274,5.400,6.165,0.350,0,fast_local,redis_cache,0.765,overtake+pit_window
2022_Monaco_Grand_Prix|RUS|45|smart,2022_Monaco_Grand_Prix,RUS,45,3960003.109,3961725.991,3961882.891,1722.882,1879.782,0.350,0,smart_cloud,cassandra,156.900,overtake+pit_window
2022_Monaco_Grand_Prix|SAI|45|fast,2022_Monaco_Grand_Prix,SAI,45,3960003.318,3960009.274,3960010.039,5.956,6.721,0.150,0,fast_local,redis_cache,0.765,overtake+pit_window
2022_Monaco_Grand_Prix|SAI|45|smart,2022_Monaco_Grand_Prix,SAI,45,3960003.318,3961882.891,3962039.791,1879.573,2036.473,0.150,0,smart_cloud,cassandra,156.900,overtake+pit_window
2022_Monaco_Grand_Prix|STR|45|fast,2022_Monaco_Grand_Prix,STR,45,3960004.181,3960010.039,3960010.804,5.858,6.623,0.650,1,fast_local,redis_cache,0.765,overtake+pit_window
2022_Monaco_Grand_Prix|TSU|45|fast,2022_Monaco_Grand_Prix,TSU,45,3960004.369,3960010.804,3960011.570,6.435,7.200,0.500,1,fast_local,redis_cache,0.765,overtake+pit_window
2022_Monaco_Grand_Prix|TSU|45|smart,2022_Monaco_Grand_Prix,TSU,45,3960004.369,3962039.791,3962196.691,2035.421,2192.321,0.500,1,smart_cloud,cassandra,156.900,overtake+pit_window
2022_Monaco_Grand_Prix|VER|45|fast,2022_Monaco_Grand_Prix,VER,45,3960004.402,3960011.570,3960012.335,7.168,7.933,0.150,0,fast_local,redis_cache,0.765,overtake+pit_window
2022_Monaco_Grand_Prix|VER|45|smart,2022_Monaco_Grand_Prix,VER,45,3960004.402,3962196.691,3962353.591,2192.289,2349.189,0.150,0,smart_cloud,cassandra,156.900,overtake+pit_window
2022_Monaco_Grand_Prix|VET|45|fast,2022_Monaco_Grand_Prix,VET,45,3960004.487,3960012.335,3960013.100,7.848,8.614,0.500,1,fast_local,redis_cache,0.765,overtake+pit_window
2022_Monaco_Grand_Prix|VET|45|smart,2022_Monaco_Grand_Prix,VET,45,3960004.487,3962353.591,3962510.491,2349.104,2506.004,0.500,1,smart_cloud,cassandra,156.900,overtake+pit_window
2022_Monaco_Grand_Prix|ZHO|45|fast,2022_Monaco_Grand_Prix,ZHO,45,3960004.965,3960013.100,3960013.865,8.135,8.900,0.500,1,fast_local,redis_cache,0.765,overtake+pit_window
2022_Monaco_Grand_Prix|ZHO|45|smart,2022_Monaco_Grand_Prix,ZHO,45,3960004.965,3962510.491,3962667.391,2505.525,2662.425,0.500,1,smart_cloud,cassandra,156.900,overtake+pit_window
2022_Monaco_Grand_Prix|ALB|46|fast,2022_Monaco_Grand_Prix,ALB,46,4050000.062,4050000.062,4050000.828,0.000,0.765,0.300,0,fast_local,redis_cache,0.765,overtake+pit_window
2022_Monaco_Grand_Prix|ALB|46|smart,2022_Monaco_Grand_Prix,ALB,46,4050000.062,4050000.062,4050156.962,0.000,156.900,0.300,0,smart_cloud,cassandra,156.900,overtake+pit_window
2022_Monaco_Grand_Prix|ALO|46|fast,2022_Monaco_Grand_Prix,ALO,46,4050000.470,4050000.828,4050001.593,0.357,1.122,0.350,0,fast_local,redis_cache,0.765,overtake+pit_window
2022_Monaco_Grand_Prix|ALO|46|smart,2022_Monaco_Grand_Prix,ALO,46,4050000.470,4050156.962,4050313.862,156.492,313.392,0.350,0,smart_cloud,cassandra,156.900,overtake+pit_window
2022_Monaco_Grand_Prix|BOT|46|fast,2022_Monaco_Grand_Prix,BOT,46,4050001.975,4050001.975,4050002.740,0.000,0.765,0.150,0,fast_local,redis_cache,0.765,overtake+pit_window
2022_Monaco_Grand_Prix|BOT|46|smart,2022_Monaco_Grand_Prix,BOT,46,4050001.975,4050313.862,4050470.762,311.887,468.787,0.150,0,smart_cloud,cassandra,156.900,overtake+pit_window
2022_Monaco_Grand_Prix|GAS|46|fast,2022_Monaco_Grand_Prix,GAS,46,4050001.981,4050002.740,4050003.506,0.759,1.525,0.300,0,fast_local,redis_cache,0.765,overtake+pit_window
2022_Monaco_Grand_Prix|GAS|46|smart,2022_Monaco_Grand_Prix,GAS,46,4050001.981,4050470.762,4050627.662,468.782,625.682,0.300,0,smart_cloud,cassandra,156.900,overtake+pit_window
2022_Monaco_Grand_Prix|HAM|46|fast,2022_Monaco_Grand_Prix,HAM,46,4050002.040,4050003.506,4050004.271,1.466,2.231,0.150,0,fast_local,redis_cache,0.765,overtake+pit_window
2022_Monaco_Grand_Prix|HAM|46|smart,2022_Monaco_Grand_Prix,HAM,46,4050002.040,4050627.662,4050784.562,625.623,782.523,0.150,0,smart_cloud,cassandra,156.900,overtake+pit_window
2022_Monaco_Grand_Prix|LAT|46|fast,2022_Monaco_Grand_Prix,LAT,46,4050002.096,4050004.271,4050005.036,2.174,2.940,0.500,1,fast_local,redis_cache,0.765,overtake+pit_window
2022_Monaco_Grand_Prix|LAT|46|smart,2022_Monaco_Grand_Prix,LAT,46,4050002.096,4050784.562,4050941.462,782.466,939.366,0.500,1,smart_cloud,cassandra,156.900,overtake+pit_window
2022_Monaco_Grand_Prix|LEC|46|fast,2022_Monaco_Grand_Prix,LEC,46,4050002.573,4050005.036,4050005.801,2.463,3.228,0.200,0,fast_local,redis_cache,0.765,overtake+pit_window
2022_Monaco_Grand_Prix|LEC|46|smart,2022_Monaco_Grand_Prix,LEC,46,4050002.573,4050941.462,4051098.362,938.889,1095.789,0.200,0,smart_cloud,cassandra,156.900,overtake+pit_window
2022_Monaco_Grand_Prix|NOR|46|fast,2022_Monaco_Grand_Prix,NOR,46,4050002.601,4050005.801,4050006.567,3.200,3.965,0.300,0,fast_local,redis_cache,0.765,overtake+pit_window
2022_Monaco_Grand_Prix|NOR|46|smart,2022_Monaco_Grand_Prix,NOR,46,4050002.601,4051098.362,4051255.262,1095.761,1252.661,0.300,0,smart_cloud,cassandra,156.900,overtake+pit_window
2022_Monaco_Grand_Prix|OCO|46|fast,2022_Monaco_Grand_Prix,OCO,46,4050002.768,4050006.567,4050007.332,3.799,4.564,0.000,0,fast_local,redis_cache,0.765,overtake+pit_window
2022_Monaco_Grand_Prix|OCO|46|smart,2022_Monaco_Grand_Prix,OCO,46,4050002.768,4051255.262,4051412.162,1252.495,1409.395,0.000,0,smart_cloud,cassandra,156.900,overtake+pit_window
2022_Monaco_Grand_Prix|PER|46|fast,2022_Monaco_Grand_Prix,PER,46,4050002.835,4050007.332,4050008.097,4.497,5.262,0.000,0,fast_local,redis_cache,0.765,overtake+pit_window
2022_Monaco_Grand_Prix|PER|46|smart,2022_Monaco_Grand_Prix,PER,46,4050002.835,4051412.162,4051569.062,1409.328,1566.228,0.000,0,smart_cloud,cassandra,156.900,overtake+pit_window
2022_Monaco_Grand_Prix|RIC|46|fast,2022_Monaco_Grand_Prix,RIC,46,4050003.054,4050008.097,4050008.862,5.043,5.808,0.500,1,fast_local,redis_cache,0.765,overtake+pit_window
2022_Monaco_Grand_Prix|RIC|46|smart,2022_Monaco_Grand_Prix,RIC,46,4050003.054,4051569.062,4051725.962,1566.008,1722.908,0.500,1,smart_cloud,cassandra,156.900,overtake+pit_window
2022_Monaco_Grand_Prix|RUS|46|fast,2022_Monaco_Grand_Prix,RUS,46,4050003.388,4050008.862,4050009.628,5.474,6.239,0.350,0,fast_local,redis_cache,0.765,overtake+pit_window
2022_Monaco_Grand_Prix|RUS|46|smart,2022_Monaco_Grand_Prix,RUS,46,4050003.388,4051725.962,4051882.862,1722.574,1879.474,0.350,0,smart_cloud,cassandra,156.900,overtake+pit_window
2022_Monaco_Grand_Prix|SAI|46|fast,2022_Monaco_Grand_Prix,SAI,46,4050003.413,4050009.628,4050010.393,6.215,6.980,0.150,0,fast_local,redis_cache,0.765,overtake+pit_window
2022_Monaco_Grand_Prix|SAI|46|smart,2022_Monaco_Grand_Prix,SAI,46,4050003.413,4051882.862,4052039.762,1879.449,2036.349,0.150,0,smart_cloud,cassandra,156.900,overtake+pit_window
2022_Monaco_Grand_Prix|STR|46|fast,2022_Monaco_Grand_Prix,STR,46,4050003.629,4050010.393,4050011.158,6.764,7.529,0.650,1,fast_local,redis_cache,0.765,overtake+pit_window
2022_Monaco_Grand_Prix|TSU|46|fast,2022_Monaco_Grand_Prix,TSU,46,4050003.792,4050011.158,4050011.923,7.366,8.131,0.500,1,fast_local,redis_cache,0.765,overtake+pit_window
2022_Monaco_Grand_Prix|TSU|46|smart,2022_Monaco_Grand_Prix,TSU,46,4050003.792,4052039.762,4052196.662,2035.970,2192.870,0.500,1,smart_cloud,cassandra,156.900,overtake+pit_window
2022_Monaco_Grand_Prix|VER|46|fast,2022_Monaco_Grand_Prix,VER,46,4050003.980,4050011.923,4050012.689,7.943,8.708,0.150,0,fast_local,redis_cache,0.765,overtake+pit_window
2022_Monaco_Grand_Prix|VER|46|smart,2022_Monaco_Grand_Prix,VER,46,4050003.980,4052196.662,4052353.562,2192.682,2349.582,0.150,0,smart_cloud,cassandra,156.900,overtake+pit_window
2022_Monaco_Grand_Prix|VET|46|fast,2022_Monaco_Grand_Prix,VET,46,4050004.448,4050012.689,4050013.454,8.240,9.006,0.500,1,fast_local,redis_cache,0.765,overtake+pit_window
2022_Monaco_Grand_Prix|VET|46|smart,2022_Monaco_Grand_Prix,VET,46,4050004.448,4052353.562,4052510.462,2349.114,2506.014,0.500,1,smart_cloud,cassandra,156.900,overtake+pit_window
2022_Monaco_Grand_Prix|ZHO|46|fast,2022_Monaco_Grand_Prix,ZHO,46,4050004.917,4050013.454,4050014.219,8.537,9.302,0.500,1,fast_local,redis_cache,0.765,overtake+pit_window
2022_Monaco_Grand_Prix|ZHO|46|smart,2022_Monaco_Grand_Prix,ZHO,46,4050004.917,4052510.462,4052667.362,2505.545,2662.445,0.500,1,smart_cloud,cassandra,156.900,overtake+pit_window
2022_Monaco_Grand_Prix|ALB|47|fast,2022_Monaco_Grand_Prix,ALB,47,4140000.523,4140000.523,4140001.288,0.000,0.765,0.300,0,fast_local,redis_cache,0.765,overtake+pit_window
2022_Monaco_Grand_Prix|ALB|47|smart,2022_Monaco_Grand_Prix,ALB,47,4140000.523,4140000.523,4140157.423,0.000,156.900,0.300,0,smart_cloud,cassandra,156.900,overtake+pit_window
2022_Monaco_Grand_Prix|ALO|47|fast,2022_Monaco_Grand_Prix,ALO,47,4140000.747,4140001.288,4140002.054,0.541,1.307,0.350,0,fast_local,redis_cache,0.765,overtake+pit_window
2022_Monaco_Grand_Prix|ALO|47|smart,2022_Monaco_Grand_Prix,ALO,47,4140000.747,4140157.423,4140314.323,156.676,313.576,0.350,0,smart_cloud,cassandra,156.900,overtake+pit_window
2022_Monaco_Grand_Prix|BOT|47|fast,2022_Monaco_Grand_Prix,BOT,47,4140000.892,4140002.054,4140002.819,1.161,1.927,0.150,0,fast_local,redis_cache,0.765,overtake+pit_window
2022_Monaco_Grand_Prix|BOT|47|smart,2022_Monaco_Grand_Prix,BOT,47,4140000.892,4140314.323,4140471.223,313.431,470.331,0.150,0,smart_cloud,cassandra,156.900,overtake+pit_window
2022_Monaco_Grand_Prix|GAS|47|fast,2022_Monaco_Grand_Prix,GAS,47,4140000.998,4140002.819,4140003.584,1.821,2.586,0.300,0,fast_local,redis_cache,0.765,overtake+pit_window
2022_Monaco_Grand_Prix|GAS|47|smart,2022_Monaco_Grand_Prix,GAS,47,4140000.998,4140471.223,4140628.123,470.225,627.125,0.300,0,smart_cloud,cassandra,156.900,overtake+pit_window
2022_Monaco_Grand_Prix|HAM|47|fast,2022_Monaco_Grand_Prix,HAM,47,4140001.061,4140003.584,4140004.349,2.523,3.289,0.150,0,fast_local,redis_cache,0.765,overtake+pit_window
2022_Monaco_Grand_Prix|HAM|47|smart,2022_Monaco_Grand_Prix,HAM,47,4140001.061,4140628.123,4140785.023,627.062,783.962,0.150,0,smart_cloud,cassandra,156.900,overtake+pit_window
2022_Monaco_Grand_Prix|LAT|47|fast,2022_Monaco_Grand_Prix,LAT,47,4140001.895,4140004.349,4140005.115,2.454,3.219,0.500,1,fast_local,redis_cache,0.765,overtake+pit_window
2022_Monaco_Grand_Prix|LAT|47|smart,2022_Monaco_Grand_Prix,LAT,47,4140001.895,4140785.023,4140941.923,783.128,940.028,0.500,1,smart_cloud,cassandra,156.900,overtake+pit_window
2022_Monaco_Grand_Prix|LEC|47|fast,2022_Monaco_Grand_Prix,LEC,47,4140002.349,4140005.115,4140005.880,2.766,3.531,0.200,0,fast_local,redis_cache,0.765,overtake+pit_window
2022_Monaco_Grand_Prix|LEC|47|smart,2022_Monaco_Grand_Prix,LEC,47,4140002.349,4140941.923,4141098.823,939.574,1096.474,0.200,0,smart_cloud,cassandra,156.900,overtake+pit_window
2022_Monaco_Grand_Prix|NOR|47|fast,2022_Monaco_Grand_Prix,NOR,47,4140002.585,4140005.880,4140006.645,3.295,4.060,0.300,0,fast_local,redis_cache,0.765,overtake+pit_window
2022_Monaco_Grand_Prix|NOR|47|smart,2022_Monaco_Grand_Prix,NOR,47,4140002.585,4141098.823,4141255.723,1096.238,1253.138,0.300,0,smart_cloud,cassandra,156.900,overtake+pit_window
2022_Monaco_Grand_Prix|OCO|47|fast,2022_Monaco_Grand_Prix,OCO,47,4140002.850,4140006.645,4140007.410,3.795,4.561,0.000,0,fast_local,redis_cache,0.765,overtake+pit_window
2022_Monaco_Grand_Prix|OCO|47|smart,2022_Monaco_Grand_Prix,OCO,47,4140002.850,4141255.723,4141412.623,1252.873,1409.773,0.000,0,smart_cloud,cassandra,156.900,overtake+pit_window
2022_Monaco_Grand_Prix|PER|47|fast,2022_Monaco_Grand_Prix,PER,47,4140003.656,4140007.410,4140008.176,3.755,4.520,0.000,0,fast_local,redis_cache,0.765,overtake+pit_window
2022_Monaco_Grand_Prix|PER|47|smart,2022_Monaco_Grand_Prix,PER,47,4140003.656,4141412.623,4141569.523,1408.967,1565.867,0.000,0,smart_cloud,cassandra,156.900,overtake+pit_window
2022_Monaco_Grand_Prix|RIC|47|fast,2022_Monaco_Grand_Prix,RIC,47,4140003.667,4140008.176,4140008.941,4.508,5.273,0.500,1,fast_local,redis_cache,0.765,overtake+pit_window
2022_Monaco_Grand_Prix|RIC|47|smart,2022_Monaco_Grand_Prix,RIC,47,4140003.667,4141569.523,4141726.423,1565.856,1722.756,0.500,1,smart_cloud,cassandra,156.900,overtake+pit_window
2022_Monaco_Grand_Prix|RUS|47|fast,2022_Monaco_Grand_Prix,RUS,47,4140003.709,4140008.941,4140009.706,5.232,5.998,0.350,0,fast_local,redis_cache,0.765,overtake+pit_window
2022_Monaco_Grand_Prix|RUS|47|smart,2022_Monaco_Grand_Prix,RUS,47,4140003.709,4141726.423,4141883.323,1722.714,1879.614,0.350,0,smart_cloud,cassandra,156.900,overtake+pit_window
2022_Monaco_Grand_Prix|SAI|47|fast,2022_Monaco_Grand_Prix,SAI,47,4140003.915,4140009.706,4140010.471,5.791,6.557,0.150,0,fast_local,redis_cache,0.765,overtake+pit_window
2022_Monaco_Grand_Prix|SAI|47|smart,2022_Monaco_Grand_Prix,SAI,47,4140003.915,4141883.323,4142040.223,1879.408,2036.308,0.150,0,smart_cloud,cassandra,156.900,overtake+pit_window
2022_Monaco_Grand_Prix|STR|47|fast,2022_Monaco_Grand_Prix,STR,47,4140004.295,4140010.471,4140011.237,6.176,6.942,0.650,1,fast_local,redis_cache,0.765,overtake+pit_window
2022_Monaco_Grand_Prix|TSU|47|fast,2022_Monaco_Grand_Prix,TSU,47,4140004.392,4140011.237,4140012.002,6.845,7.610,0.500,1,fast_local,redis_cache,0.765,overtake+pit_window
2022_Monaco_Grand_Prix|TSU|47|smart,2022_Monaco_Grand_Prix,TSU,47,4140004.392,4142040.223,4142197.123,2035.831,2192.731,0.500,1,smart_cloud,cassandra,156.900,overtake+pit_window
2022_Monaco_Grand_Prix|VER|47|fast,2022_Monaco_Grand_Prix,VER,47,4140004.520,4140012.002,4140012.767,7.482,8.247,0.150,0,fast_local,redis_cache,0.765,overtake+pit_window
2022_Monaco_Grand_Prix|VER|47|smart,2022_Monaco_Grand_Prix,VER,47,4140004.520,4142197.123,4142354.023,2192.603,2349.503,0.150,0,smart_cloud,cassandra,156.900,overtake+pit_window
2022_Monaco_Grand_Prix|VET|47|fast,2022_Monaco_Grand_Prix,VET,47,4140004.563,4140012.767,4140013.532,8.204,8.969,0.500,1,fast_local,redis_cache,0.765,overtake+pit_window
2022_Monaco_Grand_Prix|VET|47|smart,2022_Monaco_Grand_Prix,VET,47,4140004.563,4142354.023,4142510.923,2349.460,2506.360,0.500,1,smart_cloud,cassandra,156.900,overtake+pit_window
2022_Monaco_Grand_Prix|ZHO|47|fast,2022_Monaco_Grand_Prix,ZHO,47,4140004.808,4140013.532,4140014.298,8.725,9.490,0.500,1,fast_local,redis_cache,0.765,overtake+pit_window
2022_Monaco_Grand_Prix|ZHO|47|smart,2022_Monaco_Grand_Prix,ZHO,47,4140004.808,4142510.923,4142667.823,2506.115,2663.015,0.500,1,smart_cloud,cassandra,156.900,overtake+pit_window
2022_Monaco_Grand_Prix|ALB|48|fast,2022_Monaco_Grand_Prix,ALB,48,4230000.116,4230000.116,4230000.881,0.000,0.765,0.300,0,fast_local,redis_cache,0.765,overtake+pit_window
2022_Monaco_Grand_Prix|ALB|48|smart,2022_Monaco_Grand_Prix,ALB,48,4230000.116,4230000.116,4230157.016,0.000,156.900,0.300,0,smart_cloud,cassandra,156.900,overtake+pit_window
2022_Monaco_Grand_Prix|ALO|48|fast,2022_Monaco_Grand_Prix,ALO,48,4230000.499,4230000.881,4230001.646,0.382,1.147,0.350,0,fast_local,redis_cache,0.765,overtake+pit_window
2022_Monaco_Grand_Prix|ALO|48|smart,2022_Monaco_Grand_Prix,ALO,48,4230000.499,4230157.016,4230313.916,156.516,313.416,0.350,0,smart_cloud,cassandra,156.900,overtake+pit_window
2022_Monaco_Grand_Prix|BOT|48|fast,2022_Monaco_Grand_Prix,BOT,48,4230001.022,4230001.646,4230002.411,0.624,1.389,0.150,0,fast_local,redis_cache,0.765,overtake+pit_window
2022_Monaco_Grand_Prix|BOT|48|smart,2022_Monaco_Grand_Prix,BOT,48,4230001.022,4230313.916,4230470.816,312.894,469.794,0.150,0,smart_cloud,cassandra,156.900,overtake+pit_window
2022_Monaco_Grand_Prix|GAS|48|fast,2022_Monaco_Grand_Prix,GAS,48,4230001.596,4230002.411,4230003.177,0.816,1.581,0.300,0,fast_local,redis_cache,0.765,overtake+pit_window
2022_Monaco_Grand_Prix|GAS|48|smart,2022_Monaco_Grand_Prix,GAS,48,4230001.596,4230470.816,4230627.716,469.220,626.120,0.300,0,smart_cloud,cassandra,156.900,overtake+pit_window
2022_Monaco_Grand_Prix|HAM|48|fast,2022_Monaco_Grand_Prix,HAM,48,4230001.886,4230003.177,4230003.942,1.291,2.056,0.150,0,fast_local,redis_cache,0.765,overtake+pit_window
2022_Monaco_Grand_Prix|HAM|48|smart,2022_Monaco_Grand_Prix,HAM,48,4230001.886,4230627.716,4230784.616,625.830,782.730,0.150,0,smart_cloud,cassandra,156.900,overtake+pit_window
2022_Monaco_Grand_Prix|LAT|48|fast,2022_Monaco_Grand_Prix,LAT,48,4230001.973,4230003.942,4230004.707,1.969,2.734,0.500,1,fast_local,redis_cache,0.765,overtake+pit_window
2022_Monaco_Grand_Prix|LAT|48|smart,2022_Monaco_Grand_Prix,LAT,48,4230001.973,4230784.616,4230941.516,782.643,939.543,0.500,1,smart_cloud,cassandra,156.900,overtake+pit_window
2022_Monaco_Grand_Prix|LEC|48|fast,2022_Monaco_Grand_Prix,LEC,48,4230002.046,4230004.707,4230005.472,2.662,3.427,0.150,0,fast_local,redis_cache,0.765,overtake+pit_window
2022_Monaco_Grand_Prix|LEC|48|smart,2022_Monaco_Grand_Prix,LEC,48,4230002.046,4230941.516,4231098.416,939.470,1096.370,0.150,0,smart_cloud,cassandra,156.900,overtake+pit_window
2022_Monaco_Grand_Prix|NOR|48|fast,2022_Monaco_Grand_Prix,NOR,48,4230002.338,4230005.472,4230006.238,3.134,3.900,0.300,0,fast_local,redis_cache,0.765,overtake+pit_window
2022_Monaco_Grand_Prix|NOR|48|smart,2022_Monaco_Grand_Prix,NOR,48,4230002.338,4231098.416,4231255.316,1096.077,1252.977,0.300,0,smart_cloud,cassandra,156.900,overtake+pit_window
2022_Monaco_Grand_Prix|OCO|48|fast,2022_Monaco_Grand_Prix,OCO,48,4230002.905,4230006.238,4230007.003,3.333,4.098,0.000,0,fast_local,redis_cache,0.765,overtake+pit_window
2022_Monaco_Grand_Prix|OCO|48|smart,2022_Monaco_Grand_Prix,OCO,48,4230002.905,4231255.316,4231412.216,1252.411,1409.311,0.000,0,smart_cloud,cassandra,156.900,overtake+pit_window
2022_Monaco_Grand_Prix|PER|48|fast,2022_Monaco_Grand_Prix,PER,48,4230003.009,4230007.003,4230007.768,3.994,4.759,0.000,0,fast_local,redis_cache,0.765,overtake+pit_window
2022_Monaco_Grand_Prix|PER|48|smart,2022_Monaco_Grand_Prix,PER,48,4230003.009,4231412.216,4231569.116,1409.207,1566.107,0.000,0,smart_cloud,cassandra,156.900,overtake+pit_window
2022_Monaco_Grand_Prix|RIC|48|fast,2022_Monaco_Grand_Prix,RIC,48,4230003.044,4230007.768,4230008.533,4.725,5.490,0.500,1,fast_local,redis_cache,0.765,overtake+pit_window
2022_Monaco_Grand_Prix|RIC|48|smart,2022_Monaco_Grand_Prix,RIC,48,4230003.044,4231569.116,4231726.016,1566.072,1722.972,0.500,1,smart_cloud,cassandra,156.900,overtake+pit_window
2022_Monaco_Grand_Prix|RUS|48|fast,2022_Monaco_Grand_Prix,RUS,48,4230003.597,4230008.533,4230009.299,4.937,5.702,0.350,0,fast_local,redis_cache,0.765,overtake+pit_window
2022_Monaco_Grand_Prix|RUS|48|smart,2022_Monaco_Grand_Prix,RUS,48,4230003.597,4231726.016,4231882.916,1722.419,1879.319,0.350,0,smart_cloud,cassandra,156.900,overtake+pit_window
2022_Monaco_Grand_Prix|SAI|48|fast,2022_Monaco_Grand_Prix,SAI,48,4230003.718,4230009.299,4230010.064,5.581,6.346,0.500,1,fast_local,redis_cache,0.765,overtake+pit_window
2022_Monaco_Grand_Prix|SAI|48|smart,2022_Monaco_Grand_Prix,SAI,48,4230003.718,4231882.916,4232039.816,1879.198,2036.098,0.500,1,smart_cloud,cassandra,156.900,overtake+pit_window
2022_Monaco_Grand_Prix|STR|48|fast,2022_Monaco_Grand_Prix,STR,48,4230003.990,4230010.064,4230010.829,6.073,6.839,0.650,1,fast_local,redis_cache,0.765,overtake+pit_window
2022_Monaco_Grand_Prix|TSU|48|fast,2022_Monaco_Grand_Prix,TSU,48,4230004.328,4230010.829,4230011.594,6.501,7.267,0.500,1,fast_local,redis_cache,0.765,overtake+pit_window
2022_Monaco_Grand_Prix|TSU|48|smart,2022_Monaco_Grand_Prix,TSU,48,4230004.328,4232039.816,4232196.716,2035.488,2192.388,0.500,1,smart_cloud,cassandra,156.900,overtake+pit_window
2022_Monaco_Grand_Prix|VER|48|fast,2022_Monaco_Grand_Prix,VER,48,4230004.438,4230011.594,4230012.360,7.157,7.922,0.150,0,fast_local,redis_cache,0.765,overtake+pit_window
2022_Monaco_Grand_Prix|VER|48|smart,2022_Monaco_Grand_Prix,VER,48,4230004.438,4232196.716,4232353.616,2192.278,2349.178,0.150,0,smart_cloud,cassandra,156.900,overtake+pit_window
2022_Monaco_Grand_Prix|VET|48|fast,2022_Monaco_Grand_Prix,VET,48,4230004.677,4230012.360,4230013.125,7.683,8.448,0.500,1,fast_local,redis_cache,0.765,overtake+pit_window
2022_Monaco_Grand_Prix|VET|48|smart,2022_Monaco_Grand_Prix,VET,48,4230004.677,4232353.616,4232510.516,2348.939,2505.839,0.500,1,smart_cloud,cassandra,156.900,overtake+pit_window
2022_Monaco_Grand_Prix|ZHO|48|fast,2022_Monaco_Grand_Prix,ZHO,48,4230004.896,4230013.125,4230013.890,8.229,8.994,0.500,1,fast_local,redis_cache,0.765,overtake+pit_window
2022_Monaco_Grand_Prix|ZHO|48|smart,2022_Monaco_Grand_Prix,ZHO,48,4230004.896,4232510.516,4232667.416,2505.620,2662.520,0.500,1,smart_cloud,cassandra,156.900,overtake+pit_window
2022_Monaco_Grand_Prix|ALO|49|fast,2022_Monaco_Grand_Prix,ALO,49,4320000.495,4320000.495,4320001.260,0.000,0.765,0.350,0,fast_local,redis_cache,0.765,overtake+pit_window
2022_Monaco_Grand_Prix|ALO|49|smart,2022_Monaco_Grand_Prix,ALO,49,4320000.495,4320000.495,4320157.395,0.000,156.900,0.350,0,smart_cloud,cassandra,156.900,overtake+pit_window
2022_Monaco_Grand_Prix|BOT|49|fast,2022_Monaco_Grand_Prix,BOT,49,4320000.656,4320001.260,4320002.025,0.604,1.370,0.150,0,fast_local,redis_cache,0.765,overtake+pit_window
2022_Monaco_Grand_Prix|BOT|49|smart,2022_Monaco_Grand_Prix,BOT,49,4320000.656,4320157.395,4320314.295,156.739,313.639,0.150,0,smart_cloud,cassandra,156.900,overtake+pit_window
2022_Monaco_Grand_Prix|GAS|49|fast,2022_Monaco_Grand_Prix,GAS,49,4320000.814,4320002.025,4320002.790,1.211,1.976,0.300,0,fast_local,redis_cache,0.765,overtake+pit_window
2022_Monaco_Grand_Prix|GAS|49|smart,2022_Monaco_Grand_Prix,GAS,49,4320000.814,4320314.295,4320471.195,313.480,470.380,0.300,0,smart_cloud,cassandra,156.900,overtake+pit_window
2022_Monaco_Grand_Prix|HAM|49|fast,2022_Monaco_Grand_Prix,HAM,49,4320000.929,4320002.790,4320003.556,1.862,2.627,0.150,0,fast_local,redis_cache,0.765,overtake+pit_window
2022_Monaco_Grand_Prix|HAM|49|smart,2022_Monaco_Grand_Prix,HAM,49,4320000.929,4320471.195,4320628.095,470.266,627.166,0.150,0,smart_cloud,cassandra,156.900,overtake+pit_window
2022_Monaco_Grand_Prix|LAT|49|fast,2022_Monaco_Grand_Prix,LAT,49,4320000.984,4320003.556,4320004.321,2.572,3.337,0.150,0,fast_local,redis_cache,0.765,overtake+pit_window
2022_Monaco_Grand_Prix|LAT|49|smart,2022_Monaco_Grand_Prix,LAT,49,4320000.984,4320628.095,4320784.995,627.111,784.011,0.150,0,smart_cloud,cassandra,156.900,overtake+pit_window
2022_Monaco_Grand_Prix|LEC|49|fast,2022_Monaco_Grand_Prix,LEC,49,4320001.010,4320004.321,4320005.086,3.310,4.076,0.150,0,fast_local,redis_cache,0.765,overtake+pit_window
2022_Monaco_Grand_Prix|LEC|49|smart,2022_Monaco_Grand_Prix,LEC,49,4320001.010,4320784.995,4320941.895,783.984,940.884,0.150,0,smart_cloud,cassandra,156.900,overtake+pit_window
2022_Monaco_Grand_Prix|NOR|49|fast,2022_Monaco_Grand_Prix,NOR,49,4320001.218,4320005.086,4320005.851,3.868,4.633,0.200,0,fast_local,redis_cache,0.765,overtake+pit_window
2022_Monaco_Grand_Prix|NOR|49|smart,2022_Monaco_Grand_Prix,NOR,49,4320001.218,4320941.895,4321098.795,940.677,1097.577,0.200,0,smart_cloud,cassandra,156.900,overtake+pit_window
2022_Monaco_Grand_Prix|OCO|49|fast,2022_Monaco_Grand_Prix,OCO,49,4320001.391,4320005.851,4320006.617,4.461,5.226,0.000,0,fast_local,redis_cache,0.765,overtake+pit_window
2022_Monaco_Grand_Prix|OCO|49|smart,2022_Monaco_Grand_Prix,OCO,49,4320001.391,4321098.795,4321255.695,1097.404,1254.304,0.000,0,smart_cloud,cassandra,156.900,overtake+pit_window
2022_Monaco_Grand_Prix|PER|49|fast,2022_Monaco_Grand_Prix,PER,49,4320001.697,4320006.617,4320007.382,4.919,5.684,0.000,0,fast_local,redis_cache,0.765,overtake+pit_window
2022_Monaco_Grand_Prix|PER|49|smart,2022_Monaco_Grand_Prix,PER,49,4320001.697,4321255.695,4321412.595,1253.997,1410.897,0.000,0,smart_cloud,cassandra,156.900,overtake+pit_window
2022_Monaco_Grand_Prix|RIC|49|fast,2022_Monaco_Grand_Prix,RIC,49,4320001.886,4320007.382,4320008.147,5.496,6.261,0.500,1,fast_local,redis_cache,0.765,overtake+pit_window
2022_Monaco_Grand_Prix|RIC|49|smart,2022_Monaco_Grand_Prix,RIC,49,4320001.886,4321412.595,4321569.495,1410.709,1567.609,0.500,1,smart_cloud,cassandra,156.900,overtake+pit_window
2022_Monaco_Grand_Prix|RUS|49|fast,2022_Monaco_Grand_Prix,RUS,49,4320001.971,4320008.147,4320008.912,6.177,6.942,0.150,0,fast_local,redis_cache,0.765,overtake+pit_window
2022_Monaco_Grand_Prix|RUS|49|smart,2022_Monaco_Grand_Prix,RUS,49,4320001.971,4321569.495,4321726.395,1567.524,1724.424,0.150,0,smart_cloud,cassandra,156.900,overtake+pit_window
2022_Monaco_Grand_Prix|SAI|49|fast,2022_Monaco_Grand_Prix,SAI,49,4320002.342,4320008.912,4320009.678,6.570,7.336,0.300,0,fast_local,redis_cache,0.765,overtake+pit_window
2022_Monaco_Grand_Prix|SAI|49|smart,2022_Monaco_Grand_Prix,SAI,49,4320002.342,4321726.395,4321883.295,1724.053,1880.953,0.300,0,smart_cloud,cassandra,156.900,overtake+pit_window
2022_Monaco_Grand_Prix|STR|49|fast,2022_Monaco_Grand_Prix,STR,49,4320002.610,4320009.678,4320010.443,7.068,7.833,0.300,0,fast_local,redis_cache,0.765,overtake+pit_window
2022_Monaco_Grand_Prix|STR|49|smart,2022_Monaco_Grand_Prix,STR,49,4320002.610,4321883.295,4322040.195,1880.685,2037.585,0.300,0,smart_cloud,cassandra,156.900,overtake+pit_window
2022_Monaco_Grand_Prix|TSU|49|fast,2022_Monaco_Grand_Prix,TSU,49,4320003.423,4320010.443,4320011.208,7.020,7.785,0.500,1,fast_local,redis_cache,0.765,overtake+pit_window
2022_Monaco_Grand_Prix|TSU|49|smart,2022_Monaco_Grand_Prix,TSU,49,4320003.423,4322040.195,4322197.095,2036.772,2193.672,0.500,1,smart_cloud,cassandra,156.900,overtake+pit_window
2022_Monaco_Grand_Prix|VER|49|fast,2022_Monaco_Grand_Prix,VER,49,4320003.768,4320011.208,4320011.973,7.441,8.206,0.050,0,fast_local,redis_cache,0.765,overtake+pit_window
2022_Monaco_Grand_Prix|VER|49|smart,2022_Monaco_Grand_Prix,VER,49,4320003.768,4322197.095,4322353.995,2193.327,2350.227,0.050,0,smart_cloud,cassandra,156.900,overtake+pit_window
2022_Monaco_Grand_Prix|VET|49|fast,2022_Monaco_Grand_Prix,VET,49,4320004.405,4320011.973,4320012.739,7.568,8.333,0.500,1,fast_local,redis_cache,0.765,overtake+pit_window
2022_Monaco_Grand_Prix|VET|49|smart,2022_Monaco_Grand_Prix,VET,49,4320004.405,4322353.995,4322510.895,2349.589,2506.489,0.500,1,smart_cloud,cassandra,156.900,overtake+pit_window
2022_Monaco_Grand_Prix|ZHO|49|fast,2022_Monaco_Grand_Prix,ZHO,49,4320004.774,4320012.739,4320013.504,7.964,8.729,0.150,0,fast_local,redis_cache,0.765,overtake+pit_window
2022_Monaco_Grand_Prix|ZHO|49|smart,2022_Monaco_Grand_Prix,ZHO,49,4320004.774,4322510.895,4322667.795,2506.120,2663.020,0.150,0,smart_cloud,cassandra,156.900,overtake+pit_window
2022_Monaco_Grand_Prix|ALO|50|fast,2022_Monaco_Grand_Prix,ALO,50,4410000.226,4410000.226,4410000.991,0.000,0.765,0.500,1,fast_local,redis_cache,0.765,overtake+pit_window
2022_Monaco_Grand_Prix|ALO|50|smart,2022_Monaco_Grand_Prix,ALO,50,4410000.226,4410000.226,4410157.126,0.000,156.900,0.500,1,smart_cloud,cassandra,156.900,overtake+pit_window
2022_Monaco_Grand_Prix|BOT|50|fast,2022_Monaco_Grand_Prix,BOT,50,4410000.359,4410000.991,4410001.756,0.632,1.397,0.150,0,fast_local,redis_cache,0.765,overtake+pit_window
2022_Monaco_Grand_Prix|BOT|50|smart,2022_Monaco_Grand_Prix,BOT,50,4410000.359,4410157.126,4410314.026,156.767,313.667,0.150,0,smart_cloud,cassandra,156.900,overtake+pit_window
2022_Monaco_Grand_Prix|GAS|50|fast,2022_Monaco_Grand_Prix,GAS,50,4410000.553,4410001.756,4410002.522,1.203,1.968,0.300,0,fast_local,redis_cache,0.765,overtake+pit_window
2022_Monaco_Grand_Prix|GAS|50|smart,2022_Monaco_Grand_Prix,GAS,50,4410000.553,4410314.026,4410470.926,313.472,470.372,0.300,0,smart_cloud,cassandra,156.900,overtake+pit_window
2022_Monaco_Grand_Prix|HAM|50|fast,2022_Monaco_Grand_Prix,HAM,50,4410000.689,4410002.522,4410003.287,1.833,2.598,0.300,0,fast_local,redis_cache,0.765,overtake+pit_window
2022_Monaco_Grand_Prix|HAM|50|smart,2022_Monaco_Grand_Prix,HAM,50,4410000.689,4410470.926,4410627.826,470.237,627.137,0.300,0,smart_cloud,cassandra,156.900,overtake+pit_window
2022_Monaco_Grand_Prix|LAT|50|fast,2022_Monaco_Grand_Prix,LAT,50,4410001.262,4410003.287,4410004.052,2.025,2.790,0.150,0,fast_local,redis_cache,0.765,overtake+pit_window
2022_Monaco_Grand_Prix|LAT|50|smart,2022_Monaco_Grand_Prix,LAT,50,4410001.262,4410627.826,4410784.726,626.564,783.464,0.150,0,smart_cloud,cassandra,156.900,overtake+pit_window
2022_Monaco_Grand_Prix|LEC|50|fast,2022_Monaco_Grand_Prix,LEC,50,4410001.297,4410004.052,4410004.817,2.755,3.520,0.150,0,fast_local,redis_cache,0.765,overtake+pit_window
2022_Monaco_Grand_Prix|LEC|50|smart,2022_Monaco_Grand_Prix,LEC,50,4410001.297,4410784.726,4410941.626,783.429,940.329,0.150,0,smart_cloud,cassandra,156.900,overtake+pit_window
2022_Monaco_Grand_Prix|NOR|50|fast,2022_Monaco_Grand_Prix,NOR,50,4410001.474,4410004.817,4410005.583,3.344,4.109,0.150,0,fast_local,redis_cache,0.765,overtake+pit_window
2022_Monaco_Grand_Prix|NOR|50|smart,2022_Monaco_Grand_Prix,NOR,50,4410001.474,4410941.626,4411098.526,940.152,1097.052,0.150,0,smart_cloud,cassandra,156.900,overtake+pit_window
2022_Monaco_Grand_Prix|OCO|50|fast,2022_Monaco_Grand_Prix,OCO,50,4410002.407,4410005.583,4410006.348,3.175,3.940,0.150,0,fast_local,redis_cache,0.765,overtake+pit_window
2022_Monaco_Grand_Prix|OCO|50|smart,2022_Monaco_Grand_Prix,OCO,50,4410002.407,4411098.526,4411255.426,1096.118,1253.018,0.150,0,smart_cloud,cassandra,156.900,overtake+pit_window
2022_Monaco_Grand_Prix|PER|50|fast,2022_Monaco_Grand_Prix,PER,50,4410002.478,4410006.348,4410007.113,3.870,4.636,0.150,0,fast_local,redis_cache,0.765,overtake+pit_window
2022_Monaco_Grand_Prix|PER|50|smart,2022_Monaco_Grand_Prix,PER,50,4410002.478,4411255.426,4411412.326,1252.948,1409.848,0.150,0,smart_cloud,cassandra,156.900,overtake+pit_window
2022_Monaco_Grand_Prix|RIC|50|fast,2022_Monaco_Grand_Prix,RIC,50,4410003.263,4410007.113,4410007.878,3.851,4.616,0.500,1,fast_local,redis_cache,0.765,overtake+pit_window
2022_Monaco_Grand_Prix|RIC|50|smart,2022_Monaco_Grand_Prix,RIC,50,4410003.263,4411412.326,4411569.226,1409.063,1565.963,0.500,1,smart_cloud,cassandra,156.900,overtake+pit_window
2022_Monaco_Grand_Prix|RUS|50|fast,2022_Monaco_Grand_Prix,RUS,50,4410003.824,4410007.878,4410008.644,4.054,4.820,0.150,0,fast_local,redis_cache,0.765,overtake+pit_window
2022_Monaco_Grand_Prix|RUS|50|smart,2022_Monaco_Grand_Prix,RUS,50,4410003.824,4411569.226,4411726.126,1565.402,1722.302,0.150,0,smart_cloud,cassandra,156.900,overtake+pit_window
2022_Monaco_Grand_Prix|SAI|50|fast,2022_Monaco_Grand_Prix,SAI,50,4410004.384,4410008.644,4410009.409,4.260,5.025,0.300,0,fast_local,redis_cache,0.765,overtake+pit_window
2022_Monaco_Grand_Prix|SAI|50|smart,2022_Monaco_Grand_Prix,SAI,50,4410004.384,4411726.126,4411883.026,1721.742,1878.642,0.300,0,smart_cloud,cassandra,156.900,overtake+pit_window
2022_Monaco_Grand_Prix|STR|50|fast,2022_Monaco_Grand_Prix,STR,50,4410004.508,4410009.409,4410010.174,4.901,5.666,0.300,0,fast_local,redis_cache,0.765,overtake+pit_window
2022_Monaco_Grand_Prix|STR|50|smart,2022_Monaco_Grand_Prix,STR,50,4410004.508,4411883.026,4412039.926,1878.518,2035.418,0.300,0,smart_cloud,cassandra,156.900,overtake+pit_window
2022_Monaco_Grand_Prix|TSU|50|fast,2022_Monaco_Grand_Prix,TSU,50,4410004.765,4410010.174,4410010.939,5.409,6.174,0.500,1,fast_local,redis_cache,0.765,overtake+pit_window
2022_Monaco_Grand_Prix|TSU|50|smart,2022_Monaco_Grand_Prix,TSU,50,4410004.765,4412039.926,4412196.826,2035.161,2192.061,0.500,1,smart_cloud,cassandra,156.900,overtake+pit_window
2022_Monaco_Grand_Prix|VER|50|fast,2022_Monaco_Grand_Prix,VER,50,4410004.797,4410010.939,4410011.705,6.143,6.908,0.200,0,fast_local,redis_cache,0.765,overtake+pit_window
2022_Monaco_Grand_Prix|VER|50|smart,2022_Monaco_Grand_Prix,VER,50,4410004.797,4412196.826,4412353.726,2192.029,2348.929,0.200,0,smart_cloud,cassandra,156.900,overtake+pit_window
2022_Monaco_Grand_Prix|VET|50|fast,2022_Monaco_Grand_Prix,VET,50,4410004.912,4410011.705,4410012.470,6.793,7.558,0.500,1,fast_local,redis_cache,0.765,overtake+pit_window
2022_Monaco_Grand_Prix|VET|50|smart,2022_Monaco_Grand_Prix,VET,50,4410004.912,4412353.726,4412510.626,2348.814,2505.714,0.500,1,smart_cloud,cassandra,156.900,overtake+pit_window
2022_Monaco_Grand_Prix|ZHO|50|fast,2022_Monaco_Grand_Prix,ZHO,50,4410004.923,4410012.470,4410013.235,7.547,8.312,0.150,0,fast_local,redis_cache,0.765,overtake+pit_window
2022_Monaco_Grand_Prix|ZHO|50|smart,2022_Monaco_Grand_Prix,ZHO,50,4410004.923,4412510.626,4412667.526,2505.703,2662.603,0.150,0,smart_cloud,cassandra,156.900,overtake+pit_window
2022_Monaco_Grand_Prix|ALO|51|fast,2022_Monaco_Grand_Prix,ALO,51,4500000.485,4500000.485,4500001.250,0.000,0.765,0.500,1,fast_local,redis_cache,0.765,overtake+pit_window
2022_Monaco_Grand_Prix|ALO|51|smart,2022_Monaco_Grand_Prix,ALO,51,4500000.485,4500000.485,4500157.385,0.000,156.900,0.500,1,smart_cloud,cassandra,156.900,overtake+pit_window
2022_Monaco_Grand_Prix|BOT|51|fast,2022_Monaco_Grand_Prix,BOT,51,4500000.802,4500001.250,4500002.015,0.449,1.214,0.150,0,fast_local,redis_cache,0.765,overtake+pit_window
2022_Monaco_Grand_Prix|BOT|51|smart,2022_Monaco_Grand_Prix,BOT,51,4500000.802,4500157.385,4500314.285,156.583,313.483,0.150,0,smart_cloud,cassandra,156.900,overtake+pit_window
2022_Monaco_Grand_Prix|GAS|51|fast,2022_Monaco_Grand_Prix,GAS,51,4500000.827,4500002.015,4500002.781,1.189,1.954,0.300,0,fast_local,redis_cache,0.765,overtake+pit_window
2022_Monaco_Grand_Prix|GAS|51|smart,2022_Monaco_Grand_Prix,GAS,51,4500000.827,4500314.285,4500471.185,313.458,470.358,0.300,0,smart_cloud,cassandra,156.900,overtake+pit_window
2022_Monaco_Grand_Prix|HAM|51|fast,2022_Monaco_Grand_Prix,HAM,51,4500001.266,4500002.781,4500003.546,1.514,2.280,0.300,0,fast_local,redis_cache,0.765,overtake+pit_window
2022_Monaco_Grand_Prix|HAM|51|smart,2022_Monaco_Grand_Prix,HAM,51,4500001.266,4500471.185,4500628.085,469.919,626.819,0.300,0,smart_cloud,cassandra,156.900,overtake+pit_window
2022_Monaco_Grand_Prix|LAT|51|fast,2022_Monaco_Grand_Prix,LAT,51,4500001.480,4500003.546,4500004.311,2.066,2.831,0.150,0,fast_local,redis_cache,0.765,overtake+pit_window
2022_Monaco_Grand_Prix|LAT|51|smart,2022_Monaco_Grand_Prix,LAT,51,4500001.480,4500628.085,4500784.985,626.605,783.505,0.150,0,smart_cloud,cassandra,156.900,overtake+pit_window
2022_Monaco_Grand_Prix|LEC|51|fast,2022_Monaco_Grand_Prix,LEC,51,4500001.522,4500004.311,4500005.076,2.789,3.554,0.150,0,fast_local,redis_cache,0.765,overtake+pit_window
2022_Monaco_Grand_Prix|LEC|51|smart,2022_Monaco_Grand_Prix,LEC,51,4500001.522,4500784.985,4500941.885,783.463,940.363,0.150,0,smart_cloud,cassandra,156.900,overtake+pit_window
2022_Monaco_Grand_Prix|NOR|51|fast,2022_Monaco_Grand_Prix,NOR,51,4500001.856,4500005.076,4500005.842,3.220,3.985,0.150,0,fast_local,redis_cache,0.765,overtake+pit_window
2022_Monaco_Grand_Prix|NOR|51|smart,2022_Monaco_Grand_Prix,NOR,51,4500001.856,4500941.885,4501098.785,940.029,1096.929,0.150,0,smart_cloud,cassandra,156.900,overtake+pit_window
2022_Monaco_Grand_Prix|OCO|51|fast,2022_Monaco_Grand_Prix,OCO,51,4500002.024,4500005.842,4500006.607,3.817,4.583,0.150,0,fast_local,redis_cache,0.765,overtake+pit_window
2022_Monaco_Grand_Prix|OCO|51|smart,2022_Monaco_Grand_Prix,OCO,51,4500002.024,4501098.785,4501255.685,1096.761,1253.661,0.150,0,smart_cloud,cassandra,156.900,overtake+pit_window
2022_Monaco_Grand_Prix|PER|51|fast,2022_Monaco_Grand_Prix,PER,51,4500002.712,4500006.607,4500007.372,3.895,4.660,0.150,0,fast_local,redis_cache,0.765,overtake+pit_window
2022_Monaco_Grand_Prix|PER|51|smart,2022_Monaco_Grand_Prix,PER,51,4500002.712,4501255.685,4501412.585,1252.973,1409.873,0.150,0,smart_cloud,cassandra,156.900,overtake+pit_window
2022_Monaco_Grand_Prix|RIC|51|fast,2022_Monaco_Grand_Prix,RIC,51,4500002.764,4500007.372,4500008.137,4.608,5.373,0.500,1,fast_local,redis_cache,0.765,overtake+pit_window
2022_Monaco_Grand_Prix|RIC|51|smart,2022_Monaco_Grand_Prix,RIC,51,4500002.764,4501412.585,4501569.485,1409.820,1566.720,0.500,1,smart_cloud,cassandra,156.900,overtake+pit_window
2022_Monaco_Grand_Prix|RUS|51|fast,2022_Monaco_Grand_Prix,RUS,51,4500002.921,4500008.137,4500008.903,5.216,5.982,0.150,0,fast_local,redis_cache,0.765,overtake+pit_window
2022_Monaco_Grand_Prix|RUS|51|smart,2022_Monaco_Grand_Prix,RUS,51,4500002.921,4501569.485,4501726.385,1566.564,1723.464,0.150,0,smart_cloud,cassandra,156.900,overtake+pit_window
2022_Monaco_Grand_Prix|SAI|51|fast,2022_Monaco_Grand_Prix,SAI,51,4500003.084,4500008.903,4500009.668,5.819,6.584,0.300,0,fast_local,redis_cache,0.765,overtake+pit_window
2022_Monaco_Grand_Prix|SAI|51|smart,2022_Monaco_Grand_Prix,SAI,51,4500003.084,4501726.385,4501883.285,1723.301,1880.201,0.300,0,smart_cloud,cassandra,156.900,overtake+pit_window
2022_Monaco_Grand_Prix|STR|51|fast,2022_Monaco_Grand_Prix,STR,51,4500003.676,4500009.668,4500010.433,5.992,6.758,0.300,0,fast_local,redis_cache,0.765,overtake+pit_window
2022_Monaco_Grand_Prix|STR|51|smart,2022_Monaco_Grand_Prix,STR,51,4500003.676,4501883.285,4502040.185,1879.609,2036.509,0.300,0,smart_cloud,cassandra,156.900,overtake+pit_window
2022_Monaco_Grand_Prix|TSU|51|fast,2022_Monaco_Grand_Prix,TSU,51,4500003.800,4500010.433,4500011.198,6.633,7.398,0.500,1,fast_local,redis_cache,0.765,overtake+pit_window
2022_Monaco_Grand_Prix|TSU|51|smart,2022_Monaco_Grand_Prix,TSU,51,4500003.800,4502040.185,4502197.085,2036.385,2193.285,0.500,1,smart_cloud,cassandra,156.900,overtake+pit_window
2022_Monaco_Grand_Prix|VER|51|fast,2022_Monaco_Grand_Prix,VER,51,4500003.862,4500011.198,4500011.964,7.337,8.102,0.200,0,fast_local,redis_cache,0.765,overtake+pit_window
2022_Monaco_Grand_Prix|VER|51|smart,2022_Monaco_Grand_Prix,VER,51,4500003.862,4502197.085,4502353.985,2193.223,2350.123,0.200,0,smart_cloud,cassandra,156.900,overtake+pit_window
2022_Monaco_Grand_Prix|VET|51|fast,2022_Monaco_Grand_Prix,VET,51,4500004.229,4500011.964,4500012.729,7.735,8.500,0.500,1,fast_local,redis_cache,0.765,overtake+pit_window
2022_Monaco_Grand_Prix|VET|51|smart,2022_Monaco_Grand_Prix,VET,51,4500004.229,4502353.985,4502510.885,2349.756,2506.656,0.500,1,smart_cloud,cassandra,156.900,overtake+pit_window
2022_Monaco_Grand_Prix|ZHO|51|fast,2022_Monaco_Grand_Prix,ZHO,51,4500004.260,4500012.729,4500013.494,8.469,9.234,0.150,0,fast_local,redis_cache,0.765,overtake+pit_window
2022_Monaco_Grand_Prix|ZHO|51|smart,2022_Monaco_Grand_Prix,ZHO,51,4500004.260,4502510.885,4502667.785,2506.625,2663.525,0.150,0,smart_cloud,cassandra,156.900,overtake+pit_window
2022_Monaco_Grand_Prix|ALO|52|fast,2022_Monaco_Grand_Prix,ALO,52,4590000.502,4590000.502,4590001.267,0.000,0.765,0.500,1,fast_local,redis_cache,0.765,overtake+pit_window
2022_Monaco_Grand_Prix|ALO|52|smart,2022_Monaco_Grand_Prix,ALO,52,4590000.502,4590000.502,4590157.402,0.000,156.900,0.500,1,smart_cloud,cassandra,156.900,overtake+pit_window
2022_Monaco_Grand_Prix|BOT|52|fast,2022_Monaco_Grand_Prix,BOT,52,4590000.603,4590001.267,4590002.032,0.664,1.429,0.150,0,fast_local,redis_cache,0.765,overtake+pit_window
2022_Monaco_Grand_Prix|BOT|52|smart,2022_Monaco_Grand_Prix,BOT,52,4590000.603,4590157.402,4590314.302,156.799,313.699,0.150,0,smart_cloud,cassandra,156.900,overtake+pit_window
2022_Monaco_Grand_Prix|GAS|52|fast,2022_Monaco_Grand_Prix,GAS,52,4590000.897,4590002.032,4590002.798,1.135,1.900,0.300,0,fast_local,redis_cache,0.765,overtake+pit_window
2022_Monaco_Grand_Prix|GAS|52|smart,2022_Monaco_Grand_Prix,GAS,52,4590000.897,4590314.302,4590471.202,313.405,470.305,0.300,0,smart_cloud,cassandra,156.900,overtake+pit_window
2022_Monaco_Grand_Prix|HAM|52|fast,2022_Monaco_Grand_Prix,HAM,52,4590001.034,4590002.798,4590003.563,1.764,2.529,0.300,0,fast_local,redis_cache,0.765,overtake+pit_window
2022_Monaco_Grand_Prix|HAM|52|smart,2022_Monaco_Grand_Prix,HAM,52,4590001.034,4590471.202,4590628.102,470.168,627.068,0.300,0,smart_cloud,cassandra,156.900,overtake+pit_window
2022_Monaco_Grand_Prix|LAT|52|fast,2022_Monaco_Grand_Prix,LAT,52,4590001.226,4590003.563,4590004.328,2.337,3.102,0.150,0,fast_local,redis_cache,0.765,overtake+pit_window
2022_Monaco_Grand_Prix|LAT|52|smart,2022_Monaco_Grand_Prix,LAT,52,4590001.226,4590628.102,4590785.002,626.876,783.776,0.150,0,smart_cloud,cassandra,156.900,overtake+pit_window
2022_Monaco_Grand_Prix|LEC|52|fast,2022_Monaco_Grand_Prix,LEC,52,4590001.242,4590004.328,4590005.093,3.086,3.851,0.200,0,fast_local,redis_cache,0.765,overtake+pit_window
2022_Monaco_Grand_Prix|LEC|52|smart,2022_Monaco_Grand_Prix,LEC,52,4590001.242,4590785.002,4590941.902,783.760,940.660,0.200,0,smart_cloud,cassandra,156.900,overtake+pit_window
2022_Monaco_Grand_Prix|NOR|52|fast,2022_Monaco_Grand_Prix,NOR,52,4590001.323,4590005.093,4590005.859,3.771,4.536,0.000,0,fast_local,redis_cache,0.765,overtake+pit_window
2022_Monaco_Grand_Prix|NOR|52|smart,2022_Monaco_Grand_Prix,NOR,52,4590001.323,4590941.902,4591098.802,940.579,1097.479,0.000,0,smart_cloud,cassandra,156.900,overtake+pit_window
2022_Monaco_Grand_Prix|OCO|52|fast,2022_Monaco_Grand_Prix,OCO,52,4590001.697,4590005.859,4590006.624,4.162,4.927,0.150,0,fast_local,redis_cache,0.765,overtake+pit_window
2022_Monaco_Grand_Prix|OCO|52|smart,2022_Monaco_Grand_Prix,OCO,52,4590001.697,4591098.802,4591255.702,1097.105,1254.005,0.150,0,smart_cloud,cassandra,156.900,overtake+pit_window
2022_Monaco_Grand_Prix|PER|52|fast,2022_Monaco_Grand_Prix,PER,52,4590002.068,4590006.624,4590007.389,4.556,5.321,0.300,0,fast_local,redis_cache,0.765,overtake+pit_window
2022_Monaco_Grand_Prix|PER|52|smart,2022_Monaco_Grand_Prix,PER,52,4590002.068,4591255.702,4591412.602,1253.634,1410.534,0.300,0,smart_cloud,cassandra,156.900,overtake+pit_window
2022_Monaco_Grand_Prix|RIC|52|fast,2022_Monaco_Grand_Prix,RIC,52,4590002.249,4590007.389,4590008.154,5.140,5.905,0.500,1,fast_local,redis_cache,0.765,overtake+pit_window
2022_Monaco_Grand_Prix|RIC|52|smart,2022_Monaco_Grand_Prix,RIC,52,4590002.249,4591412.602,4591569.502,1410.353,1567.253,0.500,1,smart_cloud,cassandra,156.900,overtake+pit_window
2022_Monaco_Grand_Prix|RUS|52|fast,2022_Monaco_Grand_Prix,RUS,52,4590002.654,4590008.154,4590008.920,5.500,6.265,0.150,0,fast_local,redis_cache,0.765,overtake+pit_window
2022_Monaco_Grand_Prix|RUS|52|smart,2022_Monaco_Grand_Prix,RUS,52,4590002.654,4591569.502,4591726.402,1566.848,1723.748,0.150,0,smart_cloud,cassandra,156.900,overtake+pit_window
2022_Monaco_Grand_Prix|SAI|52|fast,2022_Monaco_Grand_Prix,SAI,52,4590003.551,4590008.920,4590009.685,5.369,6.134,0.350,0,fast_local,redis_cache,0.765,overtake+pit_window
2022_Monaco_Grand_Prix|SAI|52|smart,2022_Monaco_Grand_Prix,SAI,52,4590003.551,4591726.402,4591883.302,1722.851,1879.751,0.350,0,smart_cloud,cassandra,156.900,overtake+pit_window
2022_Monaco_Grand_Prix|STR|52|fast,2022_Monaco_Grand_Prix,STR,52,4590004.232,4590009.685,4590010.450,5.453,6.218,0.300,0,fast_local,redis_cache,0.765,overtake+pit_window
2022_Monaco_Grand_Prix|STR|52|smart,2022_Monaco_Grand_Prix,STR,52,4590004.232,4591883.302,4592040.202,1879.070,2035.970,0.300,0,smart_cloud,cassandra,156.900,overtake+pit_window
2022_Monaco_Grand_Prix|TSU|52|fast,2022_Monaco_Grand_Prix,TSU,52,4590004.257,4590010.450,4590011.215,6.194,6.959,0.500,1,fast_local,redis_cache,0.765,overtake+pit_window
2022_Monaco_Grand_Prix|TSU|52|smart,2022_Monaco_Grand_Prix,TSU,52,4590004.257,4592040.202,4592197.102,2035.945,2192.845,0.500,1,smart_cloud,cassandra,156.900,overtake+pit_window
2022_Monaco_Grand_Prix|VER|52|fast,2022_Monaco_Grand_Prix,VER,52,4590004.373,4590011.215,4590011.981,6.843,7.608,0.350,0,fast_local,redis_cache,0.765,overtake+pit_window
2022_Monaco_Grand_Prix|VER|52|smart,2022_Monaco_Grand_Prix,VER,52,4590004.373,4592197.102,4592354.002,2192.729,2349.629,0.350,0,smart_cloud,cassandra,156.900,overtake+pit_window
2022_Monaco_Grand_Prix|VET|52|fast,2022_Monaco_Grand_Prix,VET,52,4590004.481,4590011.981,4590012.746,7.500,8.265,0.500,1,fast_local,redis_cache,0.765,overtake+pit_window
2022_Monaco_Grand_Prix|VET|52|smart,2022_Monaco_Grand_Prix,VET,52,4590004.481,4592354.002,4592510.902,2349.521,2506.421,0.500,1,smart_cloud,cassandra,156.900,overtake+pit_window
2022_Monaco_Grand_Prix|ZHO|52|fast,2022_Monaco_Grand_Prix,ZHO,52,4590004.708,4590012.746,4590013.511,8.038,8.804,0.150,0,fast_local,redis_cache,0.765,overtake+pit_window
2022_Monaco_Grand_Prix|ZHO|52|smart,2022_Monaco_Grand_Prix,ZHO,52,4590004.708,4592510.902,4592667.802,2506.194,2663.094,0.150,0,smart_cloud,cassandra,156.900,overtake+pit_window
2022_Monaco_Grand_Prix|ALO|53|fast,2022_Monaco_Grand_Prix,ALO,53,4680000.628,4680000.628,4680001.394,0.000,0.765,0.500,1,fast_local,redis_cache,0.765,overtake+pit_window
2022_Monaco_Grand_Prix|ALO|53|smart,2022_Monaco_Grand_Prix,ALO,53,4680000.628,4680000.628,4680157.528,0.000,156.900,0.500,1,smart_cloud,cassandra,156.900,overtake+pit_window
2022_Monaco_Grand_Prix|BOT|53|fast,2022_Monaco_Grand_Prix,BOT,53,4680000.659,4680001.394,4680002.159,0.735,1.500,0.150,0,fast_local,redis_cache,0.765,overtake+pit_window
2022_Monaco_Grand_Prix|BOT|53|smart,2022_Monaco_Grand_Prix,BOT,53,4680000.659,4680157.528,4680314.428,156.870,313.770,0.150,0,smart_cloud,cassandra,156.900,overtake+pit_window
2022_Monaco_Grand_Prix|GAS|53|fast,2022_Monaco_Grand_Prix,GAS,53,4680000.806,4680002.159,4680002.924,1.353,2.118,0.300,0,fast_local,redis_cache,0.765,overtake+pit_window
2022_Monaco_Grand_Prix|GAS|53|smart,2022_Monaco_Grand_Prix,GAS,53,4680000.806,4680314.428,4680471.328,313.622,470.522,0.300,0,smart_cloud,cassandra,156.900,overtake+pit_window
2022_Monaco_Grand_Prix|HAM|53|fast,2022_Monaco_Grand_Prix,HAM,53,4680000.818,4680002.924,4680003.689,2.106,2.871,0.300,0,fast_local,redis_cache,0.765,overtake+pit_window
2022_Monaco_Grand_Prix|HAM|53|smart,2022_Monaco_Grand_Prix,HAM,53,4680000.818,4680471.328,4680628.228,470.510,627.410,0.300,0,smart_cloud,cassandra,156.900,overtake+pit_window
2022_Monaco_Grand_Prix|LAT|53|fast,2022_Monaco_Grand_Prix,LAT,53,4680001.224,4680003.689,4680004.455,2.465,3.231,0.150,0,fast_local,redis_cache,0.765,overtake+pit_window
2022_Monaco_Grand_Prix|LAT|53|smart,2022_Monaco_Grand_Prix,LAT,53,4680001.224,4680628.228,4680785.128,627.004,783.904,0.150,0,smart_cloud,cassandra,156.900,overtake+pit_window
2022_Monaco_Grand_Prix|LEC|53|fast,2022_Monaco_Grand_Prix,LEC,53,4680002.173,4680004.455,4680005.220,2.282,3.047,0.200,0,fast_local,redis_cache,0.765,overtake+pit_window
2022_Monaco_Grand_Prix|LEC|53|smart,2022_Monaco_Grand_Prix,LEC,53,4680002.173,4680785.128,4680942.028,782.956,939.856,0.200,0,smart_cloud,cassandra,156.900,overtake+pit_window
2022_Monaco_Grand_Prix|NOR|53|fast,2022_Monaco_Grand_Prix,NOR,53,4680002.410,4680005.220,4680005.985,2.810,3.575,0.000,0,fast_local,redis_cache,0.765,overtake+pit_window
2022_Monaco_Grand_Prix|NOR|53|smart,2022_Monaco_Grand_Prix,NOR,53,4680002.410,4680942.028,4681098.928,939.618,1096.518,0.000,0,smart_cloud,cassandra,156.900,overtake+pit_window
2022_Monaco_Grand_Prix|OCO|53|fast,2022_Monaco_Grand_Prix,OCO,53,4680002.453,4680005.985,4680006.750,3.532,4.297,0.150,0,fast_local,redis_cache,0.765,overtake+pit_window
2022_Monaco_Grand_Prix|OCO|53|smart,2022_Monaco_Grand_Prix,OCO,53,4680002.453,4681098.928,4681255.828,1096.475,1253.375,0.150,0,smart_cloud,cassandra,156.900,overtake+pit_window
2022_Monaco_Grand_Prix|PER|53|fast,2022_Monaco_Grand_Prix,PER,53,4680002.588,4680006.750,4680007.516,4.162,4.927,0.300,0,fast_local,redis_cache,0.765,overtake+pit_window
2022_Monaco_Grand_Prix|PER|53|smart,2022_Monaco_Grand_Prix,PER,53,4680002.588,4681255.828,4681412.728,1253.240,1410.140,0.300,0,smart_cloud,cassandra,156.900,overtake+pit_window
2022_Monaco_Grand_Prix|RIC|53|fast,2022_Monaco_Grand_Prix,RIC,53,4680002.649,4680007.516,4680008.281,4.867,5.632,0.500,1,fast_local,redis_cache,0.765,overtake+pit_window
2022_Monaco_Grand_Prix|RIC|53|smart,2022_Monaco_Grand_Prix,RIC,53,4680002.649,4681412.728,4681569.628,1410.080,1566.980,0.500,1,smart_cloud,cassandra,156.900,overtake+pit_window
2022_Monaco_Grand_Prix|RUS|53|fast,2022_Monaco_Grand_Prix,RUS,53,4680002.683,4680008.281,4680009.046,5.598,6.363,0.150,0,fast_local,redis_cache,0.765,overtake+pit_window
2022_Monaco_Grand_Prix|RUS|53|smart,2022_Monaco_Grand_Prix,RUS,53,4680002.683,4681569.628,4681726.528,1566.945,1723.845,0.150,0,smart_cloud,cassandra,156.900,overtake+pit_window
2022_Monaco_Grand_Prix|SAI|53|fast,2022_Monaco_Grand_Prix,SAI,53,4680002.772,4680009.046,4680009.811,6.274,7.039,0.350,0,fast_local,redis_cache,0.765,overtake+pit_window
2022_Monaco_Grand_Prix|SAI|53|smart,2022_Monaco_Grand_Prix,SAI,53,4680002.772,4681726.528,4681883.428,1723.756,1880.656,0.350,0,smart_cloud,cassandra,156.900,overtake+pit_window
2022_Monaco_Grand_Prix|STR|53|fast,2022_Monaco_Grand_Prix,STR,53,4680003.887,4680009.811,4680010.577,5.925,6.690,0.300,0,fast_local,redis_cache,0.765,overtake+pit_window
2022_Monaco_Grand_Prix|STR|53|smart,2022_Monaco_Grand_Prix,STR,53,4680003.887,4681883.428,4682040.328,1879.542,2036.442,0.300,0,smart_cloud,cassandra,156.900,overtake+pit_window
2022_Monaco_Grand_Prix|TSU|53|fast,2022_Monaco_Grand_Prix,TSU,53,4680004.440,4680010.577,4680011.342,6.137,6.902,0.500,1,fast_local,redis_cache,0.765,overtake+pit_window
2022_Monaco_Grand_Prix|TSU|53|smart,2022_Monaco_Grand_Prix,TSU,53,4680004.440,4682040.328,4682197.228,2035.888,2192.788,0.500,1,smart_cloud,cassandra,156.900,overtake+pit_window
2022_Monaco_Grand_Prix|VER|53|fast,2022_Monaco_Grand_Prix,VER,53,4680004.700,4680011.342,4680012.107,6.642,7.407,0.350,0,fast_local,redis_cache,0.765,overtake+pit_window
2022_Monaco_Grand_Prix|VER|53|smart,2022_Monaco_Grand_Prix,VER,53,4680004.700,4682197.228,4682354.128,2192.528,2349.428,0.350,0,smart_cloud,cassandra,156.900,overtake+pit_window
2022_Monaco_Grand_Prix|VET|53|fast,2022_Monaco_Grand_Prix,VET,53,4680004.761,4680012.107,4680012.872,7.346,8.111,0.500,1,fast_local,redis_cache,0.765,overtake+pit_window
2022_Monaco_Grand_Prix|VET|53|smart,2022_Monaco_Grand_Prix,VET,53,4680004.761,4682354.128,4682511.028,2349.367,2506.267,0.500,1,smart_cloud,cassandra,156.900,overtake+pit_window
2022_Monaco_Grand_Prix|ZHO|53|fast,2022_Monaco_Grand_Prix,ZHO,53,4680004.766,4680012.872,4680013.638,8.106,8.872,0.150,0,fast_local,redis_cache,0.765,overtake+pit_window
2022_Monaco_Grand_Prix|ZHO|53|smart,2022_Monaco_Grand_Prix,ZHO,53,4680004.766,4682511.028,4682667.928,2506.262,2663.162,0.150,0,smart_cloud,cassandra,156.900,overtake+pit_window
2022_Monaco_Grand_Prix|ALO|54|fast,2022_Monaco_Grand_Prix,ALO,54,4770000.150,4770000.150,4770000.916,0.000,0.765,0.500,1,fast_local,redis_cache,0.765,overtake+pit_window
2022_Monaco_Grand_Prix|ALO|54|smart,2022_Monaco_Grand_Prix,ALO,54,4770000.150,4770000.150,4770157.050,0.000,156.900,0.500,1,smart_cloud,cassandra,156.900,overtake+pit_window
2022_Monaco_Grand_Prix|BOT|54|fast,2022_Monaco_Grand_Prix,BOT,54,4770000.595,4770000.916,4770001.681,0.321,1.086,0.150,0,fast_local,redis_cache,0.765,overtake+pit_window
2022_Monaco_Grand_Prix|BOT|54|smart,2022_Monaco_Grand_Prix,BOT,54,4770000.595,4770157.050,4770313.950,156.456,313.356,0.150,0,smart_cloud,cassandra,156.900,overtake+pit_window
2022_Monaco_Grand_Prix|GAS|54|fast,2022_Monaco_Grand_Prix,GAS,54,4770000.764,4770001.681,4770002.446,0.916,1.682,0.300,0,fast_local,redis_cache,0.765,overtake+pit_window
2022_Monaco_Grand_Prix|GAS|54|smart,2022_Monaco_Grand_Prix,GAS,54,4770000.764,4770313.950,4770470.850,313.186,470.086,0.300,0,smart_cloud,cassandra,156.900,overtake+pit_window
2022_Monaco_Grand_Prix|HAM|54|fast,2022_Monaco_Grand_Prix,HAM,54,4770000.936,4770002.446,4770003.211,1.510,2.275,0.450,0,fast_local,redis_cache,0.765,overtake+pit_window
2022_Monaco_Grand_Prix|HAM|54|smart,2022_Monaco_Grand_Prix,HAM,54,4770000.936,4770470.850,4770627.750,469.914,626.814,0.450,0,smart_cloud,cassandra,156.900,overtake+pit_window
2022_Monaco_Grand_Prix|LAT|54|fast,2022_Monaco_Grand_Prix,LAT,54,4770001.039,4770003.211,4770003.977,2.173,2.938,0.150,0,fast_local,redis_cache,0.765,overtake+pit_window
2022_Monaco_Grand_Prix|LAT|54|smart,2022_Monaco_Grand_Prix,LAT,54,4770001.039,4770627.750,4770784.650,626.712,783.612,0.150,0,smart_cloud,cassandra,156.900,overtake+pit_window
2022_Monaco_Grand_Prix|LEC|54|fast,2022_Monaco_Grand_Prix,LEC,54,4770001.266,4770003.977,4770004.742,2.711,3.476,0.200,0,fast_local,redis_cache,0.765,overtake+pit_window
2022_Monaco_Grand_Prix|LEC|54|smart,2022_Monaco_Grand_Prix,LEC,54,4770001.266,4770784.650,4770941.550,783.384,940.284,0.200,0,smart_cloud,cassandra,156.900,overtake+pit_window
2022_Monaco_Grand_Prix|NOR|54|fast,2022_Monaco_Grand_Prix,NOR,54,4770001.608,4770004.742,4770005.507,3.134,3.899,0.000,0,fast_local,redis_cache,0.765,overtake+pit_window
2022_Monaco_Grand_Prix|NOR|54|smart,2022_Monaco_Grand_Prix,NOR,54,4770001.608,4770941.550,4771098.450,939.943,1096.843,0.000,0,smart_cloud,cassandra,156.900,overtake+pit_window
2022_Monaco_Grand_Prix|OCO|54|fast,2022_Monaco_Grand_Prix,OCO,54,4770002.002,4770005.507,4770006.272,3.505,4.270,0.200,0,fast_local,redis_cache,0.765,overtake+pit_window
2022_Monaco_Grand_Prix|OCO|54|smart,2022_Monaco_Grand_Prix,OCO,54,4770002.002,4771098.450,4771255.350,1096.448,1253.348,0.200,0,smart_cloud,cassandra,156.900,overtake+pit_window
2022_Monaco_Grand_Prix|PER|54|fast,2022_Monaco_Grand_Prix,PER,54,4770002.325,4770006.272,4770007.038,3.947,4.712,0.500,1,fast_local,redis_cache,0.765,overtake+pit_window
2022_Monaco_Grand_Prix|PER|54|smart,2022_Monaco_Grand_Prix,PER,54,4770002.325,4771255.350,4771412.250,1253.025,1409.925,0.500,1,smart_cloud,cassandra,156.900,overtake+pit_window
2022_Monaco_Grand_Prix|RIC|54|fast,2022_Monaco_Grand_Prix,RIC,54,4770002.344,4770007.038,4770007.803,4.694,5.459,0.500,1,fast_local,redis_cache,0.765,overtake+pit_window
2022_Monaco_Grand_Prix|RIC|54|smart,2022_Monaco_Grand_Prix,RIC,54,4770002.344,4771412.250,4771569.150,1409.906,1566.806,0.500,1,smart_cloud,cassandra,156.900,overtake+pit_window
2022_Monaco_Grand_Prix|RUS|54|fast,2022_Monaco_Grand_Prix,RUS,54,4770002.659,4770007.803,4770008.568,5.143,5.909,0.150,0,fast_local,redis_cache,0.765,overtake+pit_window
2022_Monaco_Grand_Prix|RUS|54|smart,2022_Monaco_Grand_Prix,RUS,54,4770002.659,4771569.150,4771726.050,1566.491,1723.391,0.150,0,smart_cloud,cassandra,156.900,overtake+pit_window
2022_Monaco_Grand_Prix|SAI|54|fast,2022_Monaco_Grand_Prix,SAI,54,4770003.041,4770008.568,4770009.333,5.527,6.293,0.650,1,fast_local,redis_cache,0.765,overtake+pit_window
2022_Monaco_Grand_Prix|STR|54|fast,2022_Monaco_Grand_Prix,STR,54,4770003.708,4770009.333,4770010.099,5.625,6.390,0.300,0,fast_local,redis_cache,0.765,overtake+pit_window
2022_Monaco_Grand_Prix|STR|54|smart,2022_Monaco_Grand_Prix,STR,54,4770003.708,4771726.050,4771882.950,1722.342,1879.242,0.300,0,smart_cloud,cassandra,156.900,overtake+pit_window
2022_Monaco_Grand_Prix|TSU|54|fast,2022_Monaco_Grand_Prix,TSU,54,4770004.092,4770010.099,4770010.864,6.007,6.772,0.500,1,fast_local,redis_cache,0.765,overtake+pit_window
2022_Monaco_Grand_Prix|TSU|54|smart,2022_Monaco_Grand_Prix,TSU,54,4770004.092,4771882.950,4772039.850,1878.859,2035.759,0.500,1,smart_cloud,cassandra,156.900,overtake+pit_window
2022_Monaco_Grand_Prix|VER|54|fast,2022_Monaco_Grand_Prix,VER,54,4770004.584,4770010.864,4770011.629,6.280,7.045,0.450,0,fast_local,redis_cache,0.765,overtake+pit_window
2022_Monaco_Grand_Prix|VER|54|smart,2022_Monaco_Grand_Prix,VER,54,4770004.584,4772039.850,4772196.750,2035.266,2192.166,0.450,0,smart_cloud,cassandra,156.900,overtake+pit_window
2022_Monaco_Grand_Prix|VET|54|fast,2022_Monaco_Grand_Prix,VET,54,4770004.603,4770011.629,4770012.394,7.026,7.791,0.500,1,fast_local,redis_cache,0.765,overtake+pit_window
2022_Monaco_Grand_Prix|VET|54|smart,2022_Monaco_Grand_Prix,VET,54,4770004.603,4772196.750,4772353.650,2192.147,2349.047,0.500,1,smart_cloud,cassandra,156.900,overtake+pit_window
2022_Monaco_Grand_Prix|ZHO|54|fast,2022_Monaco_Grand_Prix,ZHO,54,4770004.943,4770012.394,4770013.160,7.451,8.217,0.150,0,fast_local,redis_cache,0.765,overtake+pit_window
2022_Monaco_Grand_Prix|ZHO|54|smart,2022_Monaco_Grand_Prix,ZHO,54,4770004.943,4772353.650,4772510.550,2348.707,2505.607,0.150,0,smart_cloud,cassandra,156.900,overtake+pit_window
2022_Monaco_Grand_Prix|ALO|55|fast,2022_Monaco_Grand_Prix,ALO,55,4860000.012,4860000.012,4860000.777,0.000,0.765,0.500,1,fast_local,redis_cache,0.765,overtake+pit_window
2022_Monaco_Grand_Prix|ALO|55|smart,2022_Monaco_Grand_Prix,ALO,55,4860000.012,4860000.012,4860156.912,0.000,156.900,0.500,1,smart_cloud,cassandra,156.900,overtake+pit_window
2022_Monaco_Grand_Prix|BOT|55|fast,2022_Monaco_Grand_Prix,BOT,55,4860000.251,4860000.777,4860001.542,0.526,1.292,0.150,0,fast_local,redis_cache,0.765,overtake+pit_window
2022_Monaco_Grand_Prix|BOT|55|smart,2022_Monaco_Grand_Prix,BOT,55,4860000.251,4860156.912,4860313.812,156.661,313.561,0.150,0,smart_cloud,cassandra,156.900,overtake+pit_window
2022_Monaco_Grand_Prix|GAS|55|fast,2022_Monaco_Grand_Prix,GAS,55,4860000.310,4860001.542,4860002.307,1.232,1.997,0.300,0,fast_local,redis_cache,0.765,overtake+pit_window
2022_Monaco_Grand_Prix|GAS|55|smart,2022_Monaco_Grand_Prix,GAS,55,4860000.310,4860313.812,4860470.712,313.501,470.401,0.300,0,smart_cloud,cassandra,156.900,overtake+pit_window
2022_Monaco_Grand_Prix|HAM|55|fast,2022_Monaco_Grand_Prix,HAM,55,4860000.645,4860002.307,4860003.073,1.662,2.427,0.450,0,fast_local,redis_cache,0.765,overtake+pit_window
2022_Monaco_Grand_Prix|HAM|55|smart,2022_Monaco_Grand_Prix,HAM,55,4860000.645,4860470.712,4860627.612,470.066,626.966,0.450,0,smart_cloud,cassandra,156.900,overtake+pit_window
2022_Monaco_Grand_Prix|LAT|55|fast,2022_Monaco_Grand_Prix,LAT,55,4860001.060,4860003.073,4860003.838,2.013,2.778,0.150,0,fast_local,redis_cache,0.765,overtake+pit_window
2022_Monaco_Grand_Prix|LAT|55|smart,2022_Monaco_Grand_Prix,LAT,55,4860001.060,4860627.612,4860784.512,626.552,783.452,0.150,0,smart_cloud,cassandra,156.900,overtake+pit_window
2022_Monaco_Grand_Prix|LEC|55|fast,2022_Monaco_Grand_Prix,LEC,55,4860001.404,4860003.838,4860004.603,2.433,3.199,0.300,0,fast_local,redis_cache,0.765,overtake+pit_window
2022_Monaco_Grand_Prix|LEC|55|smart,2022_Monaco_Grand_Prix,LEC,55,4860001.404,4860784.512,4860941.412,783.107,940.007,0.300,0,smart_cloud,cassandra,156.900,overtake+pit_window
2022_Monaco_Grand_Prix|NOR|55|fast,2022_Monaco_Grand_Prix,NOR,55,4860001.707,4860004.603,4860005.368,2.896,3.661,0.000,0,fast_local,redis_cache,0.765,overtake+pit_window
2022_Monaco_Grand_Prix|NOR|55|smart,2022_Monaco_Grand_Prix,NOR,55,4860001.707,4860941.412,4861098.312,939.705,1096.605,0.000,0,smart_cloud,cassandra,156.900,overtake+pit_window
2022_Monaco_Grand_Prix|OCO|55|fast,2022_Monaco_Grand_Prix,OCO,55,4860001.712,4860005.368,4860006.134,3.656,4.422,0.200,0,fast_local,redis_cache,0.765,overtake+pit_window
2022_Monaco_Grand_Prix|OCO|55|smart,2022_Monaco_Grand_Prix,OCO,55,4860001.712,4861098.312,4861255.212,1096.600,1253.500,0.200,0,smart_cloud,cassandra,156.900,overtake+pit_window
2022_Monaco_Grand_Prix|PER|55|fast,2022_Monaco_Grand_Prix,PER,55,4860002.190,4860006.134,4860006.899,3.944,4.709,0.500,1,fast_local,redis_cache,0.765,overtake+pit_window
2022_Monaco_Grand_Prix|PER|55|smart,2022_Monaco_Grand_Prix,PER,55,4860002.190,4861255.212,4861412.112,1253.022,1409.922,0.500,1,smart_cloud,cassandra,156.900,overtake+pit_window
2022_Monaco_Grand_Prix|RIC|55|fast,2022_Monaco_Grand_Prix,RIC,55,4860002.291,4860006.899,4860007.664,4.607,5.373,0.500,1,fast_local,redis_cache,0.765,overtake+pit_window
2022_Monaco_Grand_Prix|RIC|55|smart,2022_Monaco_Grand_Prix,RIC,55,4860002.291,4861412.112,4861569.012,1409.820,1566.720,0.500,1,smart_cloud,cassandra,156.900,overtake+pit_window
2022_Monaco_Grand_Prix|RUS|55|fast,2022_Monaco_Grand_Prix,RUS,55,4860003.114,4860007.664,4860008.429,4.551,5.316,0.150,0,fast_local,redis_cache,0.765,overtake+pit_window
2022_Monaco_Grand_Prix|RUS|55|smart,2022_Monaco_Grand_Prix,RUS,55,4860003.114,4861569.012,4861725.912,1565.898,1722.798,0.150,0,smart_cloud,cassandra,156.900,overtake+pit_window
2022_Monaco_Grand_Prix|SAI|55|fast,2022_Monaco_Grand_Prix,SAI,55,4860003.195,4860008.429,4860009.195,5.234,5.999,0.650,1,fast_local,redis_cache,0.765,overtake+pit_window
2022_Monaco_Grand_Prix|STR|55|fast,2022_Monaco_Grand_Prix,STR,55,4860003.754,4860009.195,4860009.960,5.440,6.206,0.300,0,fast_local,redis_cache,0.765,overtake+pit_window
2022_Monaco_Grand_Prix|STR|55|smart,2022_Monaco_Grand_Prix,STR,55,4860003.754,4861725.912,4861882.812,1722.157,1879.057,0.300,0,smart_cloud,cassandra,156.900,overtake+pit_window
2022_Monaco_Grand_Prix|TSU|55|fast,2022_Monaco_Grand_Prix,TSU,55,4860003.968,4860009.960,4860010.725,5.992,6.757,0.500,1,fast_local,redis_cache,0.765,overtake+pit_window
2022_Monaco_Grand_Prix|TSU|55|smart,2022_Monaco_Grand_Prix,TSU,55,4860003.968,4861882.812,4862039.712,1878.843,2035.743,0.500,1,smart_cloud,cassandra,156.900,overtake+pit_window
2022_Monaco_Grand_Prix|VER|55|fast,2022_Monaco_Grand_Prix,VER,55,4860003.972,4860010.725,4860011.490,6.753,7.518,0.650,1,fast_local,redis_cache,0.765,overtake+pit_window
2022_Monaco_Grand_Prix|VET|55|fast,2022_Monaco_Grand_Prix,VET,55,4860004.619,4860011.490,4860012.256,6.871,7.637,0.500,1,fast_local,redis_cache,0.765,overtake+pit_window
2022_Monaco_Grand_Prix|VET|55|smart,2022_Monaco_Grand_Prix,VET,55,4860004.619,4862039.712,4862196.612,2035.093,2191.993,0.500,1,smart_cloud,cassandra,156.900,overtake+pit_window
2022_Monaco_Grand_Prix|ZHO|55|fast,2022_Monaco_Grand_Prix,ZHO,55,4860004.967,4860012.256,4860013.021,7.289,8.054,0.150,0,fast_local,redis_cache,0.765,overtake+pit_window
2022_Monaco_Grand_Prix|ZHO|55|smart,2022_Monaco_Grand_Prix,ZHO,55,4860004.967,4862196.612,4862353.512,2191.645,2348.545,0.150,0,smart_cloud,cassandra,156.900,overtake+pit_window
2022_Monaco_Grand_Prix|ALO|56|fast,2022_Monaco_Grand_Prix,ALO,56,4950000.201,4950000.201,4950000.967,0.000,0.765,0.600,1,fast_local,redis_cache,0.765,caution+overtake+pit_window
2022_Monaco_Grand_Prix|BOT|56|fast,2022_Monaco_Grand_Prix,BOT,56,4950000.762,4950000.967,4950001.732,0.205,0.970,0.450,0,fast_local,redis_cache,0.765,caution+overtake+pit_window
2022_Monaco_Grand_Prix|BOT|56|smart,2022_Monaco_Grand_Prix,BOT,56,4950000.762,4950000.762,4950157.662,0.000,156.900,0.450,0,smart_cloud,cassandra,156.900,caution+overtake+pit_window
2022_Monaco_Grand_Prix|GAS|56|fast,2022_Monaco_Grand_Prix,GAS,56,4950000.886,4950001.732,4950002.497,0.846,1.611,0.600,1,fast_local,redis_cache,0.765,caution+overtake+pit_window
2022_Monaco_Grand_Prix|HAM|56|fast,2022_Monaco_Grand_Prix,HAM,56,4950001.596,4950002.497,4950003.262,0.901,1.666,0.650,1,fast_local,redis_cache,0.765,caution+overtake+pit_window
2022_Monaco_Grand_Prix|LAT|56|fast,2022_Monaco_Grand_Prix,LAT,56,4950001.714,4950003.262,4950004.028,1.549,2.314,0.300,0,fast_local,redis_cache,0.765,caution+overtake+pit_window
2022_Monaco_Grand_Prix|LAT|56|smart,2022_Monaco_Grand_Prix,LAT,56,4950001.714,4950157.662,4950314.562,155.948,312.848,0.300,0,smart_cloud,cassandra,156.900,caution+overtake+pit_window
2022_Monaco_Grand_Prix|LEC|56|fast,2022_Monaco_Grand_Prix,LEC,56,4950001.965,4950004.028,4950004.793,2.063,2.828,0.600,1,fast_local,redis_cache,0.765,caution+overtake+pit_window
2022_Monaco_Grand_Prix|NOR|56|fast,2022_Monaco_Grand_Prix,NOR,56,4950002.248,4950004.793,4950005.558,2.545,3.310,0.300,0,fast_local,redis_cache,0.765,caution+overtake+pit_window
2022_Monaco_Grand_Prix|NOR|56|smart,2022_Monaco_Grand_Prix,NOR,56,4950002.248,4950314.562,4950471.462,312.313,469.213,0.300,0,smart_cloud,cassandra,156.900,caution+overtake+pit_window
2022_Monaco_Grand_Prix|OCO|56|fast,2022_Monaco_Grand_Prix,OCO,56,4950002.305,4950005.558,4950006.323,3.253,4.018,0.500,1,fast_local,redis_cache,0.765,caution+overtake+pit_window
2022_Monaco_Grand_Prix|OCO|56|smart,2022_Monaco_Grand_Prix,OCO,56,4950002.305,4950471.462,4950628.362,469.156,626.056,0.500,1,smart_cloud,cassandra,156.900,caution+overtake+pit_window
2022_Monaco_Grand_Prix|PER|56|fast,2022_Monaco_Grand_Prix,PER,56,4950002.364,4950006.323,4950007.089,3.959,4.725,0.500,1,fast_local,redis_cache,0.765,caution+overtake+pit_window
2022_Monaco_Grand_Prix|PER|56|smart,2022_Monaco_Grand_Prix,PER,56,4950002.364,4950628.362,4950785.262,625.998,782.898,0.500,1,smart_cloud,cassandra,156.900,caution+overtake+pit_window
2022_Monaco_Grand_Prix|RIC|56|fast,2022_Monaco_Grand_Prix,RIC,56,4950002.998,4950007.089,4950007.854,4.090,4.855,0.800,1,fast_local,redis_cache,0.765,caution+overtake+pit_window
2022_Monaco_Grand_Prix|RUS|56|fast,2022_Monaco_Grand_Prix,RUS,56,4950003.161,4950007.854,4950008.619,4.692,5.458,0.450,0,fast_local,redis_cache,0.765,caution+overtake+pit_window
2022_Monaco_Grand_Prix|RUS|56|smart,2022_Monaco_Grand_Prix,RUS,56,4950003.161,4950785.262,4950942.162,782.100,939.000,0.450,0,smart_cloud,cassandra,156.900,caution+overtake+pit_window
2022_Monaco_Grand_Prix|SAI|56|fast,2022_Monaco_Grand_Prix,SAI,56,4950003.300,4950008.619,4950009.384,5.319,6.085,0.650,1,fast_local,redis_cache,0.765,caution+overtake+pit_window
2022_Monaco_Grand_Prix|STR|56|fast,2022_Monaco_Grand_Prix,STR,56,4950003.390,4950009.384,4950010.150,5.994,6.759,0.600,1,fast_local,redis_cache,0.765,caution+overtake+pit_window
2022_Monaco_Grand_Prix|TSU|56|fast,2022_Monaco_Grand_Prix,TSU,56,4950003.631,4950010.150,4950010.915,6.519,7.284,0.450,0,fast_local,redis_cache,0.765,caution+overtake+pit_window
2022_Monaco_Grand_Prix|TSU|56|smart,2022_Monaco_Grand_Prix,TSU,56,4950003.631,4950942.162,4951099.062,938.531,1095.431,0.450,0,smart_cloud,cassandra,156.900,caution+overtake+pit_window
2022_Monaco_Grand_Prix|VER|56|fast,2022_Monaco_Grand_Prix,VER,56,4950004.230,4950010.915,4950011.680,6.685,7.450,0.950,1,fast_local,redis_cache,0.765,caution+overtake+pit_window
2022_Monaco_Grand_Prix|VET|56|fast,2022_Monaco_Grand_Prix,VET,56,4950004.609,4950011.680,4950012.445,7.071,7.836,0.800,1,fast_local,redis_cache,0.765,caution+overtake+pit_window
2022_Monaco_Grand_Prix|ZHO|56|fast,2022_Monaco_Grand_Prix,ZHO,56,4950004.750,4950012.445,4950013.211,7.695,8.460,0.450,0,fast_local,redis_cache,0.765,caution+overtake+pit_window
2022_Monaco_Grand_Prix|ZHO|56|smart,2022_Monaco_Grand_Prix,ZHO,56,4950004.750,4951099.062,4951255.962,1094.311,1251.211,0.450,0,smart_cloud,cassandra,156.900,caution+overtake+pit_window
2022_Monaco_Grand_Prix|ALO|57|fast,2022_Monaco_Grand_Prix,ALO,57,5040001.512,5040001.512,5040002.278,0.000,0.765,0.500,1,fast_local,redis_cache,0.765,caution+overtake+pit_window
2022_Monaco_Grand_Prix|ALO|57|smart,2022_Monaco_Grand_Prix,ALO,57,5040001.512,5040001.512,5040158.412,0.000,156.900,0.500,1,smart_cloud,cassandra,156.900,caution+overtake+pit_window
2022_Monaco_Grand_Prix|BOT|57|fast,2022_Monaco_Grand_Prix,BOT,57,5040001.712,5040002.278,5040003.043,0.566,1.331,0.150,0,fast_local,redis_cache,0.765,caution+overtake+pit_window
2022_Monaco_Grand_Prix|BOT|57|smart,2022_Monaco_Grand_Prix,BOT,57,5040001.712,5040158.412,5040315.312,156.701,313.601,0.150,0,smart_cloud,cassandra,156.900,caution+overtake+pit_window
2022_Monaco_Grand_Prix|GAS|57|fast,2022_Monaco_Grand_Prix,GAS,57,5040001.832,5040003.043,5040003.808,1.211,1.976,0.300,0,fast_local,redis_cache,0.765,caution+overtake+pit_window
2022_Monaco_Grand_Prix|GAS|57|smart,2022_Monaco_Grand_Prix,GAS,57,5040001.832,5040315.312,5040472.212,313.481,470.381,0.300,0,smart_cloud,cassandra,156.900,caution+overtake+pit_window
2022_Monaco_Grand_Prix|HAM|57|fast,2022_Monaco_Grand_Prix,HAM,57,5040002.016,5040003.808,5040004.573,1.792,2.558,0.300,0,fast_local,redis_cache,0.765,caution+overtake+pit_window
2022_Monaco_Grand_Prix|HAM|57|smart,2022_Monaco_Grand_Prix,HAM,57,5040002.016,5040472.212,5040629.112,470.197,627.097,0.300,0,smart_cloud,cassandra,156.900,caution+overtake+pit_window
2022_Monaco_Grand_Prix|LAT|57|fast,2022_Monaco_Grand_Prix,LAT,57,5040002.097,5040004.573,5040005.339,2.477,3.242,0.000,0,fast_local,redis_cache,0.765,caution+overtake+pit_window
2022_Monaco_Grand_Prix|LAT|57|smart,2022_Monaco_Grand_Prix,LAT,57,5040002.097,5040629.112,5040786.012,627.016,783.916,0.000,0,smart_cloud,cassandra,156.900,caution+overtake+pit_window
2022_Monaco_Grand_Prix|LEC|57|fast,2022_Monaco_Grand_Prix,LEC,57,5040002.545,5040005.339,5040006.104,2.794,3.559,0.600,1,fast_local,redis_cache,0.765,caution+overtake+pit_window
2022_Monaco_Grand_Prix|NOR|57|fast,2022_Monaco_Grand_Prix,NOR,57,5040002.657,5040006.104,5040006.869,3.447,4.212,0.000,0,fast_local,redis_cache,0.765,caution+overtake+pit_window
2022_Monaco_Grand_Prix|NOR|57|smart,2022_Monaco_Grand_Prix,NOR,57,5040002.657,5040786.012,5040942.912,783.355,940.255,0.000,0,smart_cloud,cassandra,156.900,caution+overtake+pit_window
2022_Monaco_Grand_Prix|OCO|57|fast,2022_Monaco_Grand_Prix,OCO,57,5040002.809,5040006.869,5040007.634,4.060,4.825,0.150,0,fast_local,redis_cache,0.765,caution+overtake+pit_window
2022_Monaco_Grand_Prix|OCO|57|smart,2022_Monaco_Grand_Prix,OCO,57,5040002.809,5040942.912,5041099.812,940.103,1097.003,0.150,0,smart_cloud,cassandra,156.900,caution+overtake+pit_window
2022_Monaco_Grand_Prix|PER|57|fast,2022_Monaco_Grand_Prix,PER,57,5040003.235,5040007.634,5040008.400,4.399,5.164,0.800,1,fast_local,redis_cache,0.765,caution+overtake+pit_window
2022_Monaco_Grand_Prix|RIC|57|fast,2022_Monaco_Grand_Prix,RIC,57,5040003.300,5040008.400,5040009.165,5.100,5.865,0.500,1,fast_local,redis_cache,0.765,caution+overtake+pit_window
2022_Monaco_Grand_Prix|RIC|57|smart,2022_Monaco_Grand_Prix,RIC,57,5040003.300,5041099.812,5041256.712,1096.512,1253.412,0.500,1,smart_cloud,cassandra,156.900,caution+overtake+pit_window
2022_Monaco_Grand_Prix|RUS|57|fast,2022_Monaco_Grand_Prix,RUS,57,5040003.599,5040009.165,5040009.930,5.566,6.331,0.150,0,fast_local,redis_cache,0.765,caution+overtake+pit_window
2022_Monaco_Grand_Prix|RUS|57|smart,2022_Monaco_Grand_Prix,RUS,57,5040003.599,5041256.712,5041413.612,1253.113,1410.013,0.150,0,smart_cloud,cassandra,156.900,caution+overtake+pit_window
2022_Monaco_Grand_Prix|SAI|57|fast,2022_Monaco_Grand_Prix,SAI,57,5040003.693,5040009.930,5040010.695,6.238,7.003,0.950,1,fast_local,redis_cache,0.765,caution+overtake+pit_window
2022_Monaco_Grand_Prix|STR|57|fast,2022_Monaco_Grand_Prix,STR,57,5040003.748,5040010.695,5040011.461,6.947,7.713,0.300,0,fast_local,redis_cache,0.765,caution+overtake+pit_window
2022_Monaco_Grand_Prix|STR|57|smart,2022_Monaco_Grand_Prix,STR,57,5040003.748,5041413.612,5041570.512,1409.864,1566.764,0.300,0,smart_cloud,cassandra,156.900,caution+overtake+pit_window
2022_Monaco_Grand_Prix|TSU|57|fast,2022_Monaco_Grand_Prix,TSU,57,5040004.462,5040011.461,5040012.226,6.998,7.763,0.000,0,fast_local,redis_cache,0.765,caution+overtake+pit_window
2022_Monaco_Grand_Prix|TSU|57|smart,2022_Monaco_Grand_Prix,TSU,57,5040004.462,5041570.512,5041727.412,1566.050,1722.950,0.000,0,smart_cloud,cassandra,156.900,caution+overtake+pit_window
2022_Monaco_Grand_Prix|VER|57|fast,2022_Monaco_Grand_Prix,VER,57,5040004.535,5040012.226,5040012.991,7.690,8.456,0.950,1,fast_local,redis_cache,0.765,caution+overtake+pit_window
2022_Monaco_Grand_Prix|VET|57|fast,2022_Monaco_Grand_Prix,VET,57,5040004.738,5040012.991,5040013.756,8.253,9.019,0.500,1,fast_local,redis_cache,0.765,caution+overtake+pit_window
2022_Monaco_Grand_Prix|VET|57|smart,2022_Monaco_Grand_Prix,VET,57,5040004.738,5041727.412,5041884.312,1722.675,1879.575,0.500,1,smart_cloud,cassandra,156.900,caution+overtake+pit_window
2022_Monaco_Grand_Prix|ZHO|57|fast,2022_Monaco_Grand_Prix,ZHO,57,5040004.959,5040013.756,5040014.522,8.797,9.563,0.150,0,fast_local,redis_cache,0.765,caution+overtake+pit_window
2022_Monaco_Grand_Prix|ZHO|57|smart,2022_Monaco_Grand_Prix,ZHO,57,5040004.959,5041884.312,5042041.212,1879.353,2036.253,0.150,0,smart_cloud,cassandra,156.900,caution+overtake+pit_window
2022_Monaco_Grand_Prix|ALO|58|fast,2022_Monaco_Grand_Prix,ALO,58,5130000.099,5130000.099,5130000.864,0.000,0.765,0.500,1,fast_local,redis_cache,0.765,overtake+pit_window
2022_Monaco_Grand_Prix|ALO|58|smart,2022_Monaco_Grand_Prix,ALO,58,5130000.099,5130000.099,5130156.999,0.000,156.900,0.500,1,smart_cloud,cassandra,156.900,overtake+pit_window
2022_Monaco_Grand_Prix|BOT|58|fast,2022_Monaco_Grand_Prix,BOT,58,5130000.459,5130000.864,5130001.629,0.405,1.171,0.150,0,fast_local,redis_cache,0.765,overtake+pit_window
2022_Monaco_Grand_Prix|BOT|58|smart,2022_Monaco_Grand_Prix,BOT,58,5130000.459,5130156.999,5130313.899,156.540,313.440,0.150,0,smart_cloud,cassandra,156.900,overtake+pit_window
2022_Monaco_Grand_Prix|GAS|58|fast,2022_Monaco_Grand_Prix,GAS,58,5130000.629,5130001.629,5130002.395,1.000,1.766,0.300,0,fast_local,redis_cache,0.765,overtake+pit_window
2022_Monaco_Grand_Prix|GAS|58|smart,2022_Monaco_Grand_Prix,GAS,58,5130000.629,5130313.899,5130470.799,313.270,470.170,0.300,0,smart_cloud,cassandra,156.900,overtake+pit_window
2022_Monaco_Grand_Prix|HAM|58|fast,2022_Monaco_Grand_Prix,HAM,58,5130000.647,5130002.395,5130003.160,1.748,2.513,0.300,0,fast_local,redis_cache,0.765,overtake+pit_window
2022_Monaco_Grand_Prix|HAM|58|smart,2022_Monaco_Grand_Prix,HAM,58,5130000.647,5130470.799,5130627.699,470.152,627.052,0.300,0,smart_cloud,cassandra,156.900,overtake+pit_window
2022_Monaco_Grand_Prix|LAT|58|fast,2022_Monaco_Grand_Prix,LAT,58,5130000.693,5130003.160,5130003.925,2.467,3.232,0.000,0,fast_local,redis_cache,0.765,overtake+pit_window
2022_Monaco_Grand_Prix|LAT|58|smart,2022_Monaco_Grand_Prix,LAT,58,5130000.693,5130627.699,5130784.599,627.006,783.906,0.000,0,smart_cloud,cassandra,156.900,overtake+pit_window
2022_Monaco_Grand_Prix|LEC|58|fast,2022_Monaco_Grand_Prix,LEC,58,5130000.989,5130003.925,5130004.690,2.936,3.701,0.300,0,fast_local,redis_cache,0.765,overtake+pit_window
2022_Monaco_Grand_Prix|LEC|58|smart,2022_Monaco_Grand_Prix,LEC,58,5130000.989,5130784.599,5130941.499,783.610,940.510,0.300,0,smart_cloud,cassandra,156.900,overtake+pit_window
2022_Monaco_Grand_Prix|NOR|58|fast,2022_Monaco_Grand_Prix,NOR,58,5130001.233,5130004.690,5130005.456,3.457,4.222,0.000,0,fast_local,redis_cache,0.765,overtake+pit_window
2022_Monaco_Grand_Prix|NOR|58|smart,2022_Monaco_Grand_Prix,NOR,58,5130001.233,5130941.499,5131098.399,940.265,1097.165,0.000,0,smart_cloud,cassandra,156.900,overtake+pit_window
2022_Monaco_Grand_Prix|OCO|58|fast,2022_Monaco_Grand_Prix,OCO,58,5130001.376,5130005.456,5130006.221,4.080,4.845,0.150,0,fast_local,redis_cache,0.765,overtake+pit_window
2022_Monaco_Grand_Prix|OCO|58|smart,2022_Monaco_Grand_Prix,OCO,58,5130001.376,5131098.399,5131255.299,1097.023,1253.923,0.150,0,smart_cloud,cassandra,156.900,overtake+pit_window
2022_Monaco_Grand_Prix|PER|58|fast,2022_Monaco_Grand_Prix,PER,58,5130001.633,5130006.221,5130006.986,4.588,5.353,0.500,1,fast_local,redis_cache,0.765,overtake+pit_window
2022_Monaco_Grand_Prix|PER|58|smart,2022_Monaco_Grand_Prix,PER,58,5130001.633,5131255.299,5131412.199,1253.666,1410.566,0.500,1,smart_cloud,cassandra,156.900,overtake+pit_window
2022_Monaco_Grand_Prix|RIC|58|fast,2022_Monaco_Grand_Prix,RIC,58,5130002.041,5130006.986,5130007.751,4.945,5.711,0.500,1,fast_local,redis_cache,0.765,overtake+pit_window
2022_Monaco_Grand_Prix|RIC|58|smart,2022_Monaco_Grand_Prix,RIC,58,5130002.041,5131412.199,5131569.099,1410.158,1567.058,0.500,1,smart_cloud,cassandra,156.900,overtake+pit_window
2022_Monaco_Grand_Prix|RUS|58|fast,2022_Monaco_Grand_Prix,RUS,58,5130002.200,5130007.751,5130008.517,5.551,6.316,0.150,0,fast_local,redis_cache,0.765,overtake+pit_window
2022_Monaco_Grand_Prix|RUS|58|smart,2022_Monaco_Grand_Prix,RUS,58,5130002.200,5131569.099,5131725.999,1566.899,1723.799,0.150,0,smart_cloud,cassandra,156.900,overtake+pit_window
2022_Monaco_Grand_Prix|SAI|58|fast,2022_Monaco_Grand_Prix,SAI,58,5130003.278,5130008.517,5130009.282,5.239,6.004,0.650,1,fast_local,redis_cache,0.765,overtake+pit_window
2022_Monaco_Grand_Prix|STR|58|fast,2022_Monaco_Grand_Prix,STR,58,5130003.315,5130009.282,5130010.047,5.967,6.733,0.300,0,fast_local,redis_cache,0.765,overtake+pit_window
2022_Monaco_Grand_Prix|STR|58|smart,2022_Monaco_Grand_Prix,STR,58,5130003.315,5131725.999,5131882.899,1722.684,1879.584,0.300,0,smart_cloud,cassandra,156.900,overtake+pit_window
2022_Monaco_Grand_Prix|TSU|58|fast,2022_Monaco_Grand_Prix,TSU,58,5130003.337,5130010.047,5130010.812,6.710,7.475,0.000,0,fast_local,redis_cache,0.765,overtake+pit_window
2022_Monaco_Grand_Prix|TSU|58|smart,2022_Monaco_Grand_Prix,TSU,58,5130003.337,5131882.899,5132039.799,1879.561,2036.461,0.000,0,smart_cloud,cassandra,156.900,overtake+pit_window
2022_Monaco_Grand_Prix|VER|58|fast,2022_Monaco_Grand_Prix,VER,58,5130003.339,5130010.812,5130011.578,7.473,8.238,0.650,1,fast_local,redis_cache,0.765,overtake+pit_window
2022_Monaco_Grand_Prix|VET|58|fast,2022_Monaco_Grand_Prix,VET,58,5130003.891,5130011.578,5130012.343,7.687,8.452,0.500,1,fast_local,redis_cache,0.765,overtake+pit_window
2022_Monaco_Grand_Prix|VET|58|smart,2022_Monaco_Grand_Prix,VET,58,5130003.891,5132039.799,5132196.699,2035.908,2192.808,0.500,1,smart_cloud,cassandra,156.900,overtake+pit_window
2022_Monaco_Grand_Prix|ZHO|58|fast,2022_Monaco_Grand_Prix,ZHO,58,5130004.303,5130012.343,5130013.108,8.040,8.805,0.150,0,fast_local,redis_cache,0.765,overtake+pit_window
2022_Monaco_Grand_Prix|ZHO|58|smart,2022_Monaco_Grand_Prix,ZHO,58,5130004.303,5132196.699,5132353.599,2192.396,2349.296,0.150,0,smart_cloud,cassandra,156.900,overtake+pit_window
2022_Monaco_Grand_Prix|ALO|59|fast,2022_Monaco_Grand_Prix,ALO,59,5220000.116,5220000.116,5220000.881,0.000,0.765,0.600,1,fast_local,redis_cache,0.765,caution+overtake+pit_window
2022_Monaco_Grand_Prix|BOT|59|fast,2022_Monaco_Grand_Prix,BOT,59,5220001.013,5220001.013,5220001.778,0.000,0.765,0.450,0,fast_local,redis_cache,0.765,caution+overtake+pit_window
2022_Monaco_Grand_Prix|BOT|59|smart,2022_Monaco_Grand_Prix,BOT,59,5220001.013,5220001.013,5220157.913,0.000,156.900,0.450,0,smart_cloud,cassandra,156.900,caution+overtake+pit_window
2022_Monaco_Grand_Prix|GAS|59|fast,2022_Monaco_Grand_Prix,GAS,59,5220001.276,5220001.778,5220002.543,0.502,1.268,0.600,1,fast_local,redis_cache,0.765,caution+overtake+pit_window
2022_Monaco_Grand_Prix|HAM|59|fast,2022_Monaco_Grand_Prix,HAM,59,5220001.418,5220002.543,5220003.308,1.126,1.891,0.500,1,fast_local,redis_cache,0.765,caution+overtake+pit_window
2022_Monaco_Grand_Prix|HAM|59|smart,2022_Monaco_Grand_Prix,HAM,59,5220001.418,5220157.913,5220314.813,156.495,313.395,0.500,1,smart_cloud,cassandra,156.900,caution+overtake+pit_window
2022_Monaco_Grand_Prix|LAT|59|fast,2022_Monaco_Grand_Prix,LAT,59,5220001.602,5220003.308,5220004.074,1.706,2.471,0.300,0,fast_local,redis_cache,0.765,caution+overtake+pit_window
2022_Monaco_Grand_Prix|LAT|59|smart,2022_Monaco_Grand_Prix,LAT,59,5220001.602,5220314.813,5220471.713,313.210,470.110,0.300,0,smart_cloud,cassandra,156.900,caution+overtake+pit_window
2022_Monaco_Grand_Prix|LEC|59|fast,2022_Monaco_Grand_Prix,LEC,59,5220001.998,5220004.074,5220004.839,2.075,2.840,0.300,0,fast_local,redis_cache,0.765,caution+overtake+pit_window
2022_Monaco_Grand_Prix|LEC|59|smart,2022_Monaco_Grand_Prix,LEC,59,5220001.998,5220471.713,5220628.613,469.714,626.614,0.300,0,smart_cloud,cassandra,156.900,caution+overtake+pit_window
2022_Monaco_Grand_Prix|NOR|59|fast,2022_Monaco_Grand_Prix,NOR,59,5220002.000,5220004.839,5220005.604,2.839,3.604,0.000,0,fast_local,redis_cache,0.765,caution+overtake+pit_window
2022_Monaco_Grand_Prix|NOR|59|smart,2022_Monaco_Grand_Prix,NOR,59,5220002.000,5220628.613,5220785.513,626.612,783.512,0.000,0,smart_cloud,cassandra,156.900,caution+overtake+pit_window
2022_Monaco_Grand_Prix|OCO|59|fast,2022_Monaco_Grand_Prix,OCO,59,5220002.710,5220005.604,5220006.369,2.894,3.659,0.450,0,fast_local,redis_cache,0.765,caution+overtake+pit_window
2022_Monaco_Grand_Prix|OCO|59|smart,2022_Monaco_Grand_Prix,OCO,59,5220002.710,5220785.513,5220942.413,782.802,939.702,0.450,0,smart_cloud,cassandra,156.900,caution+overtake+pit_window
2022_Monaco_Grand_Prix|PER|59|fast,2022_Monaco_Grand_Prix,PER,59,5220003.050,5220006.369,5220007.135,3.319,4.084,0.500,1,fast_local,redis_cache,0.765,caution+overtake+pit_window
2022_Monaco_Grand_Prix|PER|59|smart,2022_Monaco_Grand_Prix,PER,59,5220003.050,5220942.413,5221099.313,939.362,1096.262,0.500,1,smart_cloud,cassandra,156.900,caution+overtake+pit_window
2022_Monaco_Grand_Prix|RIC|59|fast,2022_Monaco_Grand_Prix,RIC,59,5220003.127,5220007.135,5220007.900,4.007,4.772,0.800,1,fast_local,redis_cache,0.765,caution+overtake+pit_window
2022_Monaco_Grand_Prix|RUS|59|fast,2022_Monaco_Grand_Prix,RUS,59,5220003.374,5220007.900,5220008.665,4.526,5.291,0.150,0,fast_local,redis_cache,0.765,caution+overtake+pit_window
2022_Monaco_Grand_Prix|RUS|59|smart,2022_Monaco_Grand_Prix,RUS,59,5220003.374,5221099.313,5221256.213,1095.939,1252.839,0.150,0,smart_cloud,cassandra,156.900,caution+overtake+pit_window
2022_Monaco_Grand_Prix|SAI|59|fast,2022_Monaco_Grand_Prix,SAI,59,5220003.427,5220008.665,5220009.430,5.238,6.003,0.650,1,fast_local,redis_cache,0.765,caution+overtake+pit_window
2022_Monaco_Grand_Prix|STR|59|fast,2022_Monaco_Grand_Prix,STR,59,5220003.507,5220009.430,5220010.196,5.923,6.689,0.600,1,fast_local,redis_cache,0.765,caution+overtake+pit_window
2022_Monaco_Grand_Prix|TSU|59|fast,2022_Monaco_Grand_Prix,TSU,59,5220004.376,5220010.196,5220010.961,5.820,6.585,0.300,0,fast_local,redis_cache,0.765,caution+overtake+pit_window
2022_Monaco_Grand_Prix|TSU|59|smart,2022_Monaco_Grand_Prix,TSU,59,5220004.376,5221256.213,5221413.113,1251.837,1408.737,0.300,0,smart_cloud,cassandra,156.900,caution+overtake+pit_window
2022_Monaco_Grand_Prix|VER|59|fast,2022_Monaco_Grand_Prix,VER,59,5220004.552,5220010.961,5220011.726,6.409,7.174,0.650,1,fast_local,redis_cache,0.765,caution+overtake+pit_window
2022_Monaco_Grand_Prix|VET|59|fast,2022_Monaco_Grand_Prix,VET,59,5220004.765,5220011.726,5220012.491,6.962,7.727,0.800,1,fast_local,redis_cache,0.765,caution+overtake+pit_window
2022_Monaco_Grand_Prix|ZHO|59|fast,2022_Monaco_Grand_Prix,ZHO,59,5220004.881,5220012.491,5220013.257,7.611,8.376,0.450,0,fast_local,redis_cache,0.765,caution+overtake+pit_window
2022_Monaco_Grand_Prix|ZHO|59|smart,2022_Monaco_Grand_Prix,ZHO,59,5220004.881,5221413.113,5221570.013,1408.232,1565.132,0.450,0,smart_cloud,cassandra,156.900,caution+overtake+pit_window
2022_Monaco_Grand_Prix|ALO|60|fast,2022_Monaco_Grand_Prix,ALO,60,5310001.221,5310001.221,5310001.986,0.000,0.765,0.300,0,fast_local,redis_cache,0.765,caution+overtake+pit_window
2022_Monaco_Grand_Prix|ALO|60|smart,2022_Monaco_Grand_Prix,ALO,60,5310001.221,5310001.221,5310158.121,0.000,156.900,0.300,0,smart_cloud,cassandra,156.900,caution+overtake+pit_window
2022_Monaco_Grand_Prix|BOT|60|fast,2022_Monaco_Grand_Prix,BOT,60,5310001.611,5310001.986,5310002.752,0.375,1.140,0.150,0,fast_local,redis_cache,0.765,caution+overtake+pit_window
2022_Monaco_Grand_Prix|BOT|60|smart,2022_Monaco_Grand_Prix,BOT,60,5310001.611,5310158.121,5310315.021,156.510,313.410,0.150,0,smart_cloud,cassandra,156.900,caution+overtake+pit_window
2022_Monaco_Grand_Prix|GAS|60|fast,2022_Monaco_Grand_Prix,GAS,60,5310001.671,5310002.752,5310003.517,1.081,1.846,0.300,0,fast_local,redis_cache,0.765,caution+overtake+pit_window
2022_Monaco_Grand_Prix|GAS|60|smart,2022_Monaco_Grand_Prix,GAS,60,5310001.671,5310315.021,5310471.921,313.350,470.250,0.300,0,smart_cloud,cassandra,156.900,caution+overtake+pit_window
2022_Monaco_Grand_Prix|HAM|60|fast,2022_Monaco_Grand_Prix,HAM,60,5310002.220,5310003.517,5310004.282,1.297,2.062,0.200,0,fast_local,redis_cache,0.765,caution+overtake+pit_window
2022_Monaco_Grand_Prix|HAM|60|smart,2022_Monaco_Grand_Prix,HAM,60,5310002.220,5310471.921,5310628.821,469.701,626.601,0.200,0,smart_cloud,cassandra,156.900,caution+overtake+pit_window
2022_Monaco_Grand_Prix|LAT|60|fast,2022_Monaco_Grand_Prix,LAT,60,5310002.449,5310004.282,5310005.047,1.833,2.598,0.000,0,fast_local,redis_cache,0.765,caution+overtake+pit_window
2022_Monaco_Grand_Prix|LAT|60|smart,2022_Monaco_Grand_Prix,LAT,60,5310002.449,5310628.821,5310785.721,626.372,783.272,0.000,0,smart_cloud,cassandra,156.900,caution+overtake+pit_window
2022_Monaco_Grand_Prix|LEC|60|fast,2022_Monaco_Grand_Prix,LEC,60,5310002.723,5310005.047,5310005.813,2.325,3.090,0.600,1,fast_local,redis_cache,0.765,caution+overtake+pit_window
2022_Monaco_Grand_Prix|NOR|60|fast,2022_Monaco_Grand_Prix,NOR,60,5310003.051,5310005.813,5310006.578,2.761,3.527,0.300,0,fast_local,redis_cache,0.765,caution+overtake+pit_window
2022_Monaco_Grand_Prix|NOR|60|smart,2022_Monaco_Grand_Prix,NOR,60,5310003.051,5310785.721,5310942.621,782.670,939.570,0.300,0,smart_cloud,cassandra,156.900,caution+overtake+pit_window
2022_Monaco_Grand_Prix|OCO|60|fast,2022_Monaco_Grand_Prix,OCO,60,5310003.161,5310006.578,5310007.343,3.417,4.182,0.150,0,fast_local,redis_cache,0.765,caution+overtake+pit_window
2022_Monaco_Grand_Prix|OCO|60|smart,2022_Monaco_Grand_Prix,OCO,60,5310003.161,5310942.621,5311099.521,939.460,1096.360,0.150,0,smart_cloud,cassandra,156.900,caution+overtake+pit_window
2022_Monaco_Grand_Prix|PER|60|fast,2022_Monaco_Grand_Prix,PER,60,5310003.725,5310007.343,5310008.108,3.618,4.383,0.800,1,fast_local,redis_cache,0.765,caution+overtake+pit_window
2022_Monaco_Grand_Prix|RIC|60|fast,2022_Monaco_Grand_Prix,RIC,60,5310003.813,5310008.108,5310008.874,4.295,5.061,0.500,1,fast_local,redis_cache,0.765,caution+overtake+pit_window
2022_Monaco_Grand_Prix|RIC|60|smart,2022_Monaco_Grand_Prix,RIC,60,5310003.813,5311099.521,5311256.421,1095.708,1252.608,0.500,1,smart_cloud,cassandra,156.900,caution+overtake+pit_window
2022_Monaco_Grand_Prix|RUS|60|fast,2022_Monaco_Grand_Prix,RUS,60,5310003.823,5310008.874,5310009.639,5.050,5.815,0.450,0,fast_local,redis_cache,0.765,caution+overtake+pit_window
2022_Monaco_Grand_Prix|RUS|60|smart,2022_Monaco_Grand_Prix,RUS,60,5310003.823,5311256.421,5311413.321,1252.598,1409.498,0.450,0,smart_cloud,cassandra,156.900,caution+overtake+pit_window
2022_Monaco_Grand_Prix|SAI|60|fast,2022_Monaco_Grand_Prix,SAI,60,5310004.217,5310009.639,5310010.404,5.422,6.187,0.950,1,fast_local,redis_cache,0.765,caution+overtake+pit_window
2022_Monaco_Grand_Prix|STR|60|fast,2022_Monaco_Grand_Prix,STR,60,5310004.270,5310010.404,5310011.169,6.134,6.899,0.300,0,fast_local,redis_cache,0.765,caution+overtake+pit_window
2022_Monaco_Grand_Prix|STR|60|smart,2022_Monaco_Grand_Prix,STR,60,5310004.270,5311413.321,5311570.221,1409.051,1565.951,0.300,0,smart_cloud,cassandra,156.900,caution+overtake+pit_window
2022_Monaco_Grand_Prix|TSU|60|fast,2022_Monaco_Grand_Prix,TSU,60,5310004.563,5310011.169,5310011.935,6.606,7.371,0.000,0,fast_local,redis_cache,0.765,caution+overtake+pit_window
2022_Monaco_Grand_Prix|TSU|60|smart,2022_Monaco_Grand_Prix,TSU,60,5310004.563,5311570.221,5311727.121,1565.658,1722.558,0.000,0,smart_cloud,cassandra,156.900,caution+overtake+pit_window
2022_Monaco_Grand_Prix|VER|60|fast,2022_Monaco_Grand_Prix,VER,60,5310004.619,5310011.935,5310012.700,7.315,8.080,0.950,1,fast_local,redis_cache,0.765,caution+overtake+pit_window
2022_Monaco_Grand_Prix|VET|60|fast,2022_Monaco_Grand_Prix,VET,60,5310004.680,5310012.700,5310013.465,8.020,8.785,0.500,1,fast_local,redis_cache,0.765,caution+overtake+pit_window
2022_Monaco_Grand_Prix|VET|60|smart,2022_Monaco_Grand_Prix,VET,60,5310004.680,5311727.121,5311884.021,1722.441,1879.341,0.500,1,smart_cloud,cassandra,156.900,caution+overtake+pit_window
2022_Monaco_Grand_Prix|ZHO|60|fast,2022_Monaco_Grand_Prix,ZHO,60,5310004.891,5310013.465,5310014.230,8.574,9.339,0.150,0,fast_local,redis_cache,0.765,caution+overtake+pit_window
2022_Monaco_Grand_Prix|ZHO|60|smart,2022_Monaco_Grand_Prix,ZHO,60,5310004.891,5311884.021,5312040.921,1879.130,2036.030,0.150,0,smart_cloud,cassandra,156.900,caution+overtake+pit_window
2022_Monaco_Grand_Prix|ALO|61|fast,2022_Monaco_Grand_Prix,ALO,61,5400000.038,5400000.038,5400000.803,0.000,0.765,0.150,0,fast_local,redis_cache,0.765,overtake+pit_window
2022_Monaco_Grand_Prix|ALO|61|smart,2022_Monaco_Grand_Prix,ALO,61,5400000.038,5400000.038,5400156.938,0.000,156.900,0.150,0,smart_cloud,cassandra,156.900,overtake+pit_window
2022_Monaco_Grand_Prix|BOT|61|fast,2022_Monaco_Grand_Prix,BOT,61,5400000.692,5400000.803,5400001.568,0.111,0.876,0.150,0,fast_local,redis_cache,0.765,overtake+pit_window
2022_Monaco_Grand_Prix|BOT|61|smart,2022_Monaco_Grand_Prix,BOT,61,5400000.692,5400156.938,5400313.838,156.246,313.146,0.150,0,smart_cloud,cassandra,156.900,overtake+pit_window
2022_Monaco_Grand_Prix|GAS|61|fast,2022_Monaco_Grand_Prix,GAS,61,5400000.838,5400001.568,5400002.333,0.730,1.495,0.300,0,fast_local,redis_cache,0.765,overtake+pit_window
2022_Monaco_Grand_Prix|GAS|61|smart,2022_Monaco_Grand_Prix,GAS,61,5400000.838,5400313.838,5400470.738,312.999,469.899,0.300,0,smart_cloud,cassandra,156.900,overtake+pit_window
2022_Monaco_Grand_Prix|HAM|61|fast,2022_Monaco_Grand_Prix,HAM,61,5400001.094,5400002.333,5400003.099,1.239,2.004,0.150,0,fast_local,redis_cache,0.765,overtake+pit_window
2022_Monaco_Grand_Prix|HAM|61|smart,2022_Monaco_Grand_Prix,HAM,61,5400001.094,5400470.738,5400627.638,469.643,626.543,0.150,0,smart_cloud,cassandra,156.900,overtake+pit_window
2022_Monaco_Grand_Prix|LAT|61|fast,2022_Monaco_Grand_Prix,LAT,61,5400001.201,5400003.099,5400003.864,1.897,2.663,0.000,0,fast_local,redis_cache,0.765,overtake+pit_window
2022_Monaco_Grand_Prix|LAT|61|smart,2022_Monaco_Grand_Prix,LAT,61,5400001.201,5400627.638,5400784.538,626.436,783.336,0.000,0,smart_cloud,cassandra,156.900,overtake+pit_window
2022_Monaco_Grand_Prix|LEC|61|fast,2022_Monaco_Grand_Prix,LEC,61,5400001.289,5400003.864,5400004.629,2.575,3.340,0.300,0,fast_local,redis_cache,0.765,overtake+pit_window
2022_Monaco_Grand_Prix|LEC|61|smart,2022_Monaco_Grand_Prix,LEC,61,5400001.289,5400784.538,5400941.438,783.248,940.148,0.300,0,smart_cloud,cassandra,156.900,overtake+pit_window
2022_Monaco_Grand_Prix|NOR|61|fast,2022_Monaco_Grand_Prix,NOR,61,5400001.447,5400004.629,5400005.394,3.182,3.948,0.000,0,fast_local,redis_cache,0.765,overtake+pit_window
2022_Monaco_Grand_Prix|NOR|61|smart,2022_Monaco_Grand_Prix,NOR,61,5400001.447,5400941.438,5401098.338,939.991,1096.891,0.000,0,smart_cloud,cassandra,156.900,overtake+pit_window
2022_Monaco_Grand_Prix|OCO|61|fast,2022_Monaco_Grand_Prix,OCO,61,5400001.681,5400005.394,5400006.160,3.714,4.479,0.150,0,fast_local,redis_cache,0.765,overtake+pit_window
2022_Monaco_Grand_Prix|OCO|61|smart,2022_Monaco_Grand_Prix,OCO,61,5400001.681,5401098.338,5401255.238,1096.657,1253.557,0.150,0,smart_cloud,cassandra,156.900,overtake+pit_window
2022_Monaco_Grand_Prix|PER|61|fast,2022_Monaco_Grand_Prix,PER,61,5400002.050,5400006.160,5400006.925,4.110,4.875,0.500,1,fast_local,redis_cache,0.765,overtake+pit_window
2022_Monaco_Grand_Prix|PER|61|smart,2022_Monaco_Grand_Prix,PER,61,5400002.050,5401255.238,5401412.138,1253.188,1410.088,0.500,1,smart_cloud,cassandra,156.900,overtake+pit_window
2022_Monaco_Grand_Prix|RIC|61|fast,2022_Monaco_Grand_Prix,RIC,61,5400002.282,5400006.925,5400007.690,4.643,5.408,0.500,1,fast_local,redis_cache,0.765,overtake+pit_window
2022_Monaco_Grand_Prix|RIC|61|smart,2022_Monaco_Grand_Prix,RIC,61,5400002.282,5401412.138,5401569.038,1409.855,1566.755,0.500,1,smart_cloud,cassandra,156.900,overtake+pit_window
2022_Monaco_Grand_Prix|RUS|61|fast,2022_Monaco_Grand_Prix,RUS,61,5400002.403,5400007.690,5400008.455,5.287,6.052,0.150,0,fast_local,redis_cache,0.765,overtake+pit_window
2022_Monaco_Grand_Prix|RUS|61|smart,2022_Monaco_Grand_Prix,RUS,61,5400002.403,5401569.038,5401725.938,1566.634,1723.534,0.150,0,smart_cloud,cassandra,156.900,overtake+pit_window
2022_Monaco_Grand_Prix|SAI|61|fast,2022_Monaco_Grand_Prix,SAI,61,5400002.930,5400008.455,5400009.221,5.525,6.291,0.650,1,fast_local,redis_cache,0.765,overtake+pit_window
2022_Monaco_Grand_Prix|STR|61|fast,2022_Monaco_Grand_Prix,STR,61,5400003.224,5400009.221,5400009.986,5.996,6.762,0.300,0,fast_local,redis_cache,0.765,overtake+pit_window
2022_Monaco_Grand_Prix|STR|61|smart,2022_Monaco_Grand_Prix,STR,61,5400003.224,5401725.938,5401882.838,1722.713,1879.613,0.300,0,smart_cloud,cassandra,156.900,overtake+pit_window
2022_Monaco_Grand_Prix|TSU|61|fast,2022_Monaco_Grand_Prix,TSU,61,5400003.988,5400009.986,5400010.751,5.998,6.763,0.000,0,fast_local,redis_cache,0.765,overtake+pit_window
2022_Monaco_Grand_Prix|TSU|61|smart,2022_Monaco_Grand_Prix,TSU,61,5400003.988,5401882.838,5402039.738,1878.850,2035.750,0.000,0,smart_cloud,cassandra,156.900,overtake+pit_window
2022_Monaco_Grand_Prix|VER|61|fast,2022_Monaco_Grand_Prix,VER,61,5400004.080,5400010.751,5400011.516,6.671,7.436,0.650,1,fast_local,redis_cache,0.765,overtake+pit_window
2022_Monaco_Grand_Prix|VET|61|fast,2022_Monaco_Grand_Prix,VET,61,5400004.196,5400011.516,5400012.282,7.320,8.086,0.500,1,fast_local,redis_cache,0.765,overtake+pit_window
2022_Monaco_Grand_Prix|VET|61|smart,2022_Monaco_Grand_Prix,VET,61,5400004.196,5402039.738,5402196.638,2035.542,2192.442,0.500,1,smart_cloud,cassandra,156.900,overtake+pit_window
2022_Monaco_Grand_Prix|ZHO|61|fast,2022_Monaco_Grand_Prix,ZHO,61,5400004.303,5400012.282,5400013.047,7.979,8.744,0.150,0,fast_local,redis_cache,0.765,overtake+pit_window
2022_Monaco_Grand_Prix|ZHO|61|smart,2022_Monaco_Grand_Prix,ZHO,61,5400004.303,5402196.638,5402353.538,2192.335,2349.235,0.150,0,smart_cloud,cassandra,156.900,overtake+pit_window
2022_Monaco_Grand_Prix|ALO|62|fast,2022_Monaco_Grand_Prix,ALO,62,5490000.348,5490000.348,5490001.113,0.000,0.765,0.150,0,fast_local,redis_cache,0.765,overtake+pit_window
2022_Monaco_Grand_Prix|ALO|62|smart,2022_Monaco_Grand_Prix,ALO,62,5490000.348,5490000.348,5490157.248,0.000,156.900,0.150,0,smart_cloud,cassandra,156.900,overtake+pit_window
2022_Monaco_Grand_Prix|BOT|62|fast,2022_Monaco_Grand_Prix,BOT,62,5490000.559,5490001.113,5490001.879,0.554,1.319,0.150,0,fast_local,redis_cache,0.765,overtake+pit_window
2022_Monaco_Grand_Prix|BOT|62|smart,2022_Monaco_Grand_Prix,BOT,62,5490000.559,5490157.248,5490314.148,156.689,313.589,0.150,0,smart_cloud,cassandra,156.900,overtake+pit_window
2022_Monaco_Grand_Prix|GAS|62|fast,2022_Monaco_Grand_Prix,GAS,62,5490000.579,5490001.879,5490002.644,1.300,2.065,0.300,0,fast_local,redis_cache,0.765,overtake+pit_window
2022_Monaco_Grand_Prix|GAS|62|smart,2022_Monaco_Grand_Prix,GAS,62,5490000.579,5490314.148,5490471.048,313.570,470.470,0.300,0,smart_cloud,cassandra,156.900,overtake+pit_window
2022_Monaco_Grand_Prix|HAM|62|fast,2022_Monaco_Grand_Prix,HAM,62,5490000.690,5490002.644,5490003.409,1.954,2.719,0.150,0,fast_local,redis_cache,0.765,overtake+pit_window
2022_Monaco_Grand_Prix|HAM|62|smart,2022_Monaco_Grand_Prix,HAM,62,5490000.690,5490471.048,5490627.948,470.358,627.258,0.150,0,smart_cloud,cassandra,156.900,overtake+pit_window
2022_Monaco_Grand_Prix|LAT|62|fast,2022_Monaco_Grand_Prix,LAT,62,5490000.770,5490003.409,5490004.174,2.639,3.405,0.000,0,fast_local,redis_cache,0.765,overtake+pit_window
2022_Monaco_Grand_Prix|LAT|62|smart,2022_Monaco_Grand_Prix,LAT,62,5490000.770,5490627.948,5490784.848,627.178,784.078,0.000,0,smart_cloud,cassandra,156.900,overtake+pit_window
2022_Monaco_Grand_Prix|LEC|62|fast,2022_Monaco_Grand_Prix,LEC,62,5490000.963,5490004.174,5490004.940,3.212,3.977,0.300,0,fast_local,redis_cache,0.765,overtake+pit_window
2022_Monaco_Grand_Prix|LEC|62|smart,2022_Monaco_Grand_Prix,LEC,62,5490000.963,5490784.848,5490941.748,783.885,940.785,0.300,0,smart_cloud,cassandra,156.900,overtake+pit_window
2022_Monaco_Grand_Prix|NOR|62|fast,2022_Monaco_Grand_Prix,NOR,62,5490001.353,5490004.940,5490005.705,3.587,4.352,0.150,0,fast_local,redis_cache,0.765,overtake+pit_window
2022_Monaco_Grand_Prix|NOR|62|smart,2022_Monaco_Grand_Prix,NOR,62,5490001.353,5490941.748,5491098.648,940.395,1097.295,0.150,0,smart_cloud,cassandra,156.900,overtake+pit_window
2022_Monaco_Grand_Prix|OCO|62|fast,2022_Monaco_Grand_Prix,OCO,62,5490001.950,5490005.705,5490006.470,3.755,4.520,0.150,0,fast_local,redis_cache,0.765,overtake+pit_window
2022_Monaco_Grand_Prix|OCO|62|smart,2022_Monaco_Grand_Prix,OCO,62,5490001.950,5491098.648,5491255.548,1096.698,1253.598,0.150,0,smart_cloud,cassandra,156.900,overtake+pit_window
2022_Monaco_Grand_Prix|PER|62|fast,2022_Monaco_Grand_Prix,PER,62,5490002.114,5490006.470,5490007.235,4.356,5.121,0.500,1,fast_local,redis_cache,0.765,overtake+pit_window
2022_Monaco_Grand_Prix|PER|62|smart,2022_Monaco_Grand_Prix,PER,62,5490002.114,5491255.548,5491412.448,1253.434,1410.334,0.500,1,smart_cloud,cassandra,156.900,overtake+pit_window
2022_Monaco_Grand_Prix|RIC|62|fast,2022_Monaco_Grand_Prix,RIC,62,5490003.098,5490007.235,5490008.001,4.137,4.902,0.500,1,fast_local,redis_cache,0.765,overtake+pit_window
2022_Monaco_Grand_Prix|RIC|62|smart,2022_Monaco_Grand_Prix,RIC,62,5490003.098,5491412.448,5491569.348,1409.350,1566.250,0.500,1,smart_cloud,cassandra,156.900,overtake+pit_window
2022_Monaco_Grand_Prix|RUS|62|fast,2022_Monaco_Grand_Prix,RUS,62,5490003.317,5490008.001,5490008.766,4.683,5.449,0.500,1,fast_local,redis_cache,0.765,overtake+pit_window
2022_Monaco_Grand_Prix|RUS|62|smart,2022_Monaco_Grand_Prix,RUS,62,5490003.317,5491569.348,5491726.248,1566.031,1722.931,0.500,1,smart_cloud,cassandra,156.900,overtake+pit_window
2022_Monaco_Grand_Prix|SAI|62|fast,2022_Monaco_Grand_Prix,SAI,62,5490003.872,5490008.766,5490009.531,4.894,5.660,0.650,1,fast_local,redis_cache,0.765,overtake+pit_window
2022_Monaco_Grand_Prix|STR|62|fast,2022_Monaco_Grand_Prix,STR,62,5490003.954,5490009.531,5490010.296,5.578,6.343,0.300,0,fast_local,redis_cache,0.765,overtake+pit_window
2022_Monaco_Grand_Prix|STR|62|smart,2022_Monaco_Grand_Prix,STR,62,5490003.954,5491726.248,5491883.148,1722.295,1879.195,0.300,0,smart_cloud,cassandra,156.900,overtake+pit_window
2022_Monaco_Grand_Prix|TSU|62|fast,2022_Monaco_Grand_Prix,TSU,62,5490004.424,5490010.296,5490011.062,5.872,6.637,0.000,0,fast_local,redis_cache,0.765,overtake+pit_window
2022_Monaco_Grand_Prix|TSU|62|smart,2022_Monaco_Grand_Prix,TSU,62,5490004.424,5491883.148,5492040.048,1878.724,2035.624,0.000,0,smart_cloud,cassandra,156.900,overtake+pit_window
2022_Monaco_Grand_Prix|VER|62|fast,2022_Monaco_Grand_Prix,VER,62,5490004.665,5490011.062,5490011.827,6.397,7.162,0.650,1,fast_local,redis_cache,0.765,overtake+pit_window
2022_Monaco_Grand_Prix|VET|62|fast,2022_Monaco_Grand_Prix,VET,62,5490004.904,5490011.827,5490012.592,6.923,7.688,0.500,1,fast_local,redis_cache,0.765,overtake+pit_window
2022_Monaco_Grand_Prix|VET|62|smart,2022_Monaco_Grand_Prix,VET,62,5490004.904,5492040.048,5492196.948,2035.144,2192.044,0.500,1,smart_cloud,cassandra,156.900,overtake+pit_window
2022_Monaco_Grand_Prix|ZHO|62|fast,2022_Monaco_Grand_Prix,ZHO,62,5490004.993,5490012.592,5490013.357,7.599,8.364,0.150,0,fast_local,redis_cache,0.765,overtake+pit_window
2022_Monaco_Grand_Prix|ZHO|62|smart,2022_Monaco_Grand_Prix,ZHO,62,5490004.993,5492196.948,5492353.848,2191.955,2348.855,0.150,0,smart_cloud,cassandra,156.900,overtake+pit_window
2022_Monaco_Grand_Prix|ALO|63|fast,2022_Monaco_Grand_Prix,ALO,63,5580000.257,5580000.257,5580001.022,0.000,0.765,0.150,0,fast_local,redis_cache,0.765,overtake+pit_window
2022_Monaco_Grand_Prix|ALO|63|smart,2022_Monaco_Grand_Prix,ALO,63,5580000.257,5580000.257,5580157.157,0.000,156.900,0.150,0,smart_cloud,cassandra,156.900,overtake+pit_window
2022_Monaco_Grand_Prix|BOT|63|fast,2022_Monaco_Grand_Prix,BOT,63,5580000.476,5580001.022,5580001.788,0.546,1.312,0.150,0,fast_local,redis_cache,0.765,overtake+pit_window
2022_Monaco_Grand_Prix|BOT|63|smart,2022_Monaco_Grand_Prix,BOT,63,5580000.476,5580157.157,5580314.057,156.681,313.581,0.150,0,smart_cloud,cassandra,156.900,overtake+pit_window
2022_Monaco_Grand_Prix|GAS|63|fast,2022_Monaco_Grand_Prix,GAS,63,5580000.882,5580001.788,5580002.553,0.906,1.671,0.300,0,fast_local,redis_cache,0.765,overtake+pit_window
2022_Monaco_Grand_Prix|GAS|63|smart,2022_Monaco_Grand_Prix,GAS,63,5580000.882,5580314.057,5580470.957,313.175,470.075,0.300,0,smart_cloud,cassandra,156.900,overtake+pit_window
2022_Monaco_Grand_Prix|HAM|63|fast,2022_Monaco_Grand_Prix,HAM,63,5580001.592,5580002.553,5580003.318,0.961,1.726,0.150,0,fast_local,redis_cache,0.765,overtake+pit_window
2022_Monaco_Grand_Prix|HAM|63|smart,2022_Monaco_Grand_Prix,HAM,63,5580001.592,5580470.957,5580627.857,469.365,626.265,0.150,0,smart_cloud,cassandra,156.900,overtake+pit_window
2022_Monaco_Grand_Prix|LAT|63|fast,2022_Monaco_Grand_Prix,LAT,63,5580002.117,5580003.318,5580004.083,1.201,1.966,0.000,0,fast_local,redis_cache,0.765,overtake+pit_window
2022_Monaco_Grand_Prix|LAT|63|smart,2022_Monaco_Grand_Prix,LAT,63,5580002.117,5580627.857,5580784.757,625.740,782.640,0.000,0,smart_cloud,cassandra,156.900,overtake+pit_window
2022_Monaco_Grand_Prix|LEC|63|fast,2022_Monaco_Grand_Prix,LEC,63,5580002.124,5580004.083,5580004.849,1.959,2.725,0.300,0,fast_local,redis_cache,0.765,overtake+pit_window
2022_Monaco_Grand_Prix|LEC|63|smart,2022_Monaco_Grand_Prix,LEC,63,5580002.124,5580784.757,5580941.657,782.633,939.533,0.300,0,smart_cloud,cassandra,156.900,overtake+pit_window
2022_Monaco_Grand_Prix|NOR|63|fast,2022_Monaco_Grand_Prix,NOR,63,5580002.306,5580004.849,5580005.614,2.543,3.308,0.150,0,fast_local,redis_cache,0.765,overtake+pit_window
2022_Monaco_Grand_Prix|NOR|63|smart,2022_Monaco_Grand_Prix,NOR,63,5580002.306,5580941.657,5581098.557,939.351,1096.251,0.150,0,smart_cloud,cassandra,156.900,overtake+pit_window
2022_Monaco_Grand_Prix|OCO|63|fast,2022_Monaco_Grand_Prix,OCO,63,5580002.504,5580005.614,5580006.379,3.110,3.875,0.150,0,fast_local,redis_cache,0.765,overtake+pit_window
2022_Monaco_Grand_Prix|OCO|63|smart,2022_Monaco_Grand_Prix,OCO,63,5580002.504,5581098.557,5581255.457,1096.053,1252.953,0.150,0,smart_cloud,cassandra,156.900,overtake+pit_window
2022_Monaco_Grand_Prix|PER|63|fast,2022_Monaco_Grand_Prix,PER,63,5580002.582,5580006.379,5580007.144,3.797,4.562,0.300,0,fast_local,redis_cache,0.765,overtake+pit_window
2022_Monaco_Grand_Prix|PER|63|smart,2022_Monaco_Grand_Prix,PER,63,5580002.582,5581255.457,5581412.357,1252.875,1409.775,0.300,0,smart_cloud,cassandra,156.900,overtake+pit_window
2022_Monaco_Grand_Prix|RIC|63|fast,2022_Monaco_Grand_Prix,RIC,63,5580002.761,5580007.144,5580007.910,4.383,5.149,0.500,1,fast_local,redis_cache,0.765,overtake+pit_window
2022_Monaco_Grand_Prix|RIC|63|smart,2022_Monaco_Grand_Prix,RIC,63,5580002.761,5581412.357,5581569.257,1409.596,1566.496,0.500,1,smart_cloud,cassandra,156.900,overtake+pit_window
2022_Monaco_Grand_Prix|RUS|63|fast,2022_Monaco_Grand_Prix,RUS,63,5580003.263,5580007.910,5580008.675,4.646,5.411,0.500,1,fast_local,redis_cache,0.765,overtake+pit_window
2022_Monaco_Grand_Prix|RUS|63|smart,2022_Monaco_Grand_Prix,RUS,63,5580003.263,5581569.257,5581726.157,1565.994,1722.894,0.500,1,smart_cloud,cassandra,156.900,overtake+pit_window
2022_Monaco_Grand_Prix|SAI|63|fast,2022_Monaco_Grand_Prix,SAI,63,5580003.431,5580008.675,5580009.440,5.244,6.009,0.550,1,fast_local,redis_cache,0.765,overtake+pit_window
2022_Monaco_Grand_Prix|STR|63|fast,2022_Monaco_Grand_Prix,STR,63,5580003.639,5580009.440,5580010.205,5.801,6.566,0.300,0,fast_local,redis_cache,0.765,overtake+pit_window
2022_Monaco_Grand_Prix|STR|63|smart,2022_Monaco_Grand_Prix,STR,63,5580003.639,5581726.157,5581883.057,1722.518,1879.418,0.300,0,smart_cloud,cassandra,156.900,overtake+pit_window
2022_Monaco_Grand_Prix|TSU|63|fast,2022_Monaco_Grand_Prix,TSU,63,5580004.163,5580010.205,5580010.971,6.043,6.808,0.000,0,fast_local,redis_cache,0.765,overtake+pit_window
2022_Monaco_Grand_Prix|TSU|63|smart,2022_Monaco_Grand_Prix,TSU,63,5580004.163,5581883.057,5582039.957,1878.894,2035.794,0.000,0,smart_cloud,cassandra,156.900,overtake+pit_window
2022_Monaco_Grand_Prix|VER|63|fast,2022_Monaco_Grand_Prix,VER,63,5580004.883,5580010.971,5580011.736,6.087,6.853,0.650,1,fast_local,redis_cache,0.765,overtake+pit_window
2022_Monaco_Grand_Prix|VET|63|fast,2022_Monaco_Grand_Prix,VET,63,5580004.960,5580011.736,5580012.501,6.776,7.541,0.500,1,fast_local,redis_cache,0.765,overtake+pit_window
2022_Monaco_Grand_Prix|VET|63|smart,2022_Monaco_Grand_Prix,VET,63,5580004.960,5582039.957,5582196.857,2034.997,2191.897,0.500,1,smart_cloud,cassandra,156.900,overtake+pit_window
2022_Monaco_Grand_Prix|ZHO|63|fast,2022_Monaco_Grand_Prix,ZHO,63,5580004.997,5580012.501,5580013.266,7.504,8.269,0.150,0,fast_local,redis_cache,0.765,overtake+pit_window
2022_Monaco_Grand_Prix|ZHO|63|smart,2022_Monaco_Grand_Prix,ZHO,63,5580004.997,5582196.857,5582353.757,2191.860,2348.760,0.150,0,smart_cloud,cassandra,156.900,overtake+pit_window
2022_Monaco_Grand_Prix|ALO|64|fast,2022_Monaco_Grand_Prix,ALO,64,5670000.480,5670000.480,5670001.246,0.000,0.765,0.300,0,fast_local,redis_cache,0.765,overtake+pit_window
2022_Monaco_Grand_Prix|ALO|64|smart,2022_Monaco_Grand_Prix,ALO,64,5670000.480,5670000.480,5670157.380,0.000,156.900,0.300,0,smart_cloud,cassandra,156.900,overtake+pit_window
2022_Monaco_Grand_Prix|BOT|64|fast,2022_Monaco_Grand_Prix,BOT,64,5670000.720,5670001.246,5670002.011,0.526,1.291,0.150,0,fast_local,redis_cache,0.765,overtake+pit_window
2022_Monaco_Grand_Prix|BOT|64|smart,2022_Monaco_Grand_Prix,BOT,64,5670000.720,5670157.380,5670314.280,156.661,313.561,0.150,0,smart_cloud,cassandra,156.900,overtake+pit_window
2022_Monaco_Grand_Prix|GAS|64|fast,2022_Monaco_Grand_Prix,GAS,64,5670001.608,5670002.011,5670002.776,0.403,1.169,0.300,0,fast_local,redis_cache,0.765,overtake+pit_window
2022_Monaco_Grand_Prix|GAS|64|smart,2022_Monaco_Grand_Prix,GAS,64,5670001.608,5670314.280,5670471.180,312.673,469.573,0.300,0,smart_cloud,cassandra,156.900,overtake+pit_window
2022_Monaco_Grand_Prix|HAM|64|fast,2022_Monaco_Grand_Prix,HAM,64,5670001.767,5670002.776,5670003.541,1.010,1.775,0.350,0,fast_local,redis_cache,0.765,overtake+pit_window
2022_Monaco_Grand_Prix|HAM|64|smart,2022_Monaco_Grand_Prix,HAM,64,5670001.767,5670471.180,5670628.080,469.414,626.314,0.350,0,smart_cloud,cassandra,156.900,overtake+pit_window
2022_Monaco_Grand_Prix|LEC|64|fast,2022_Monaco_Grand_Prix,LEC,64,5670002.083,5670003.541,5670004.307,1.458,2.223,0.200,0,fast_local,redis_cache,0.765,overtake+pit_window
2022_Monaco_Grand_Prix|LEC|64|smart,2022_Monaco_Grand_Prix,LEC,64,5670002.083,5670628.080,5670784.980,625.997,782.897,0.200,0,smart_cloud,cassandra,156.900,overtake+pit_window
2022_Monaco_Grand_Prix|NOR|64|fast,2022_Monaco_Grand_Prix,NOR,64,5670002.456,5670004.307,5670005.072,1.850,2.616,0.150,0,fast_local,redis_cache,0.765,overtake+pit_window
2022_Monaco_Grand_Prix|NOR|64|smart,2022_Monaco_Grand_Prix,NOR,64,5670002.456,5670784.980,5670941.880,782.524,939.424,0.150,0,smart_cloud,cassandra,156.900,overtake+pit_window
2022_Monaco_Grand_Prix|OCO|64|fast,2022_Monaco_Grand_Prix,OCO,64,5670003.361,5670005.072,5670005.837,1.711,2.476,0.200,0,fast_local,redis_cache,0.765,overtake+pit_window
2022_Monaco_Grand_Prix|OCO|64|smart,2022_Monaco_Grand_Prix,OCO,64,5670003.361,5670941.880,5671098.780,938.519,1095.419,0.200,0,smart_cloud,cassandra,156.900,overtake+pit_window
2022_Monaco_Grand_Prix|PER|64|fast,2022_Monaco_Grand_Prix,PER,64,5670003.744,5670005.837,5670006.602,2.093,2.858,0.300,0,fast_local,redis_cache,0.765,overtake+pit_window
2022_Monaco_Grand_Prix|PER|64|smart,2022_Monaco_Grand_Prix,PER,64,5670003.744,5671098.780,5671255.680,1095.036,1251.936,0.300,0,smart_cloud,cassandra,156.900,overtake+pit_window
2022_Monaco_Grand_Prix|RIC|64|fast,2022_Monaco_Grand_Prix,RIC,64,5670003.937,5670006.602,5670007.368,2.665,3.430,0.500,1,fast_local,redis_cache,0.765,overtake+pit_window
2022_Monaco_Grand_Prix|RIC|64|smart,2022_Monaco_Grand_Prix,RIC,64,5670003.937,5671255.680,5671412.580,1251.743,1408.643,0.500,1,smart_cloud,cassandra,156.900,overtake+pit_window
2022_Monaco_Grand_Prix|RUS|64|fast,2022_Monaco_Grand_Prix,RUS,64,5670004.007,5670007.368,5670008.133,3.361,4.126,0.500,1,fast_local,redis_cache,0.765,overtake+pit_window
2022_Monaco_Grand_Prix|RUS|64|smart,2022_Monaco_Grand_Prix,RUS,64,5670004.007,5671412.580,5671569.480,1408.574,1565.474,0.500,1,smart_cloud,cassandra,156.900,overtake+pit_window
2022_Monaco_Grand_Prix|SAI|64|fast,2022_Monaco_Grand_Prix,SAI,64,5670004.106,5670008.133,5670008.898,4.027,4.792,0.550,1,fast_local,redis_cache,0.765,overtake+pit_window
2022_Monaco_Grand_Prix|STR|64|fast,2022_Monaco_Grand_Prix,STR,64,5670004.161,5670008.898,5670009.663,4.738,5.503,0.300,0,fast_local,redis_cache,0.765,overtake+pit_window
2022_Monaco_Grand_Prix|STR|64|smart,2022_Monaco_Grand_Prix,STR,64,5670004.161,5671569.480,5671726.380,1565.320,1722.220,0.300,0,smart_cloud,cassandra,156.900,overtake+pit_window
2022_Monaco_Grand_Prix|VER|64|fast,2022_Monaco_Grand_Prix,VER,64,5670004.395,5670009.663,5670010.429,5.268,6.033,0.450,0,fast_local,redis_cache,0.765,overtake+pit_window
2022_Monaco_Grand_Prix|VER|64|smart,2022_Monaco_Grand_Prix,VER,64,5670004.395,5671726.380,5671883.280,1721.985,1878.885,0.450,0,smart_cloud,cassandra,156.900,overtake+pit_window
2022_Monaco_Grand_Prix|VET|64|fast,2022_Monaco_Grand_Prix,VET,64,5670004.465,5670010.429,5670011.194,5.964,6.729,0.500,1,fast_local,redis_cache,0.765,overtake+pit_window
2022_Monaco_Grand_Prix|VET|64|smart,2022_Monaco_Grand_Prix,VET,64,5670004.465,5671883.280,5672040.180,1878.815,2035.715,0.500,1,smart_cloud,cassandra,156.900,overtake+pit_window
